-- MySQL dump 10.13  Distrib 5.7.12, for Win64 (x86_64)
--
-- Host: localhost    Database: gordienko
-- ------------------------------------------------------
-- Server version	5.7.17-log

/*!40101 SET @OLD_CHARACTER_SET_CLIENT=@@CHARACTER_SET_CLIENT */;
/*!40101 SET @OLD_CHARACTER_SET_RESULTS=@@CHARACTER_SET_RESULTS */;
/*!40101 SET @OLD_COLLATION_CONNECTION=@@COLLATION_CONNECTION */;
/*!40101 SET NAMES utf8 */;
/*!40103 SET @OLD_TIME_ZONE=@@TIME_ZONE */;
/*!40103 SET TIME_ZONE='+00:00' */;
/*!40014 SET @OLD_UNIQUE_CHECKS=@@UNIQUE_CHECKS, UNIQUE_CHECKS=0 */;
/*!40014 SET @OLD_FOREIGN_KEY_CHECKS=@@FOREIGN_KEY_CHECKS, FOREIGN_KEY_CHECKS=0 */;
/*!40101 SET @OLD_SQL_MODE=@@SQL_MODE, SQL_MODE='NO_AUTO_VALUE_ON_ZERO' */;
/*!40111 SET @OLD_SQL_NOTES=@@SQL_NOTES, SQL_NOTES=0 */;

--
-- Table structure for table `auction_params`
--

DROP TABLE IF EXISTS `auction_params`;
/*!40101 SET @saved_cs_client     = @@character_set_client */;
/*!40101 SET character_set_client = utf8 */;
CREATE TABLE `auction_params` (
  `IdParam` bigint(20) NOT NULL AUTO_INCREMENT,
  `IdAuction` int(11) NOT NULL COMMENT 'Идентификатор аукциона',
  `Name` varchar(200) NOT NULL COMMENT 'Наименование параметра',
  `OrderNum` int(11) NOT NULL DEFAULT '0' COMMENT 'Порядковый номер для сортировки параметров при выводе на просмотр',
  `Caption` varchar(200) DEFAULT NULL,
  `Visible` bit(1) NOT NULL DEFAULT b'1',
  `Comment` text COMMENT 'Расшифровка параметра',
  PRIMARY KEY (`IdParam`)
) ENGINE=InnoDB AUTO_INCREMENT=308 DEFAULT CHARSET=utf8 COMMENT='Списки параметров лотов, импортируемые из аукциона';
/*!40101 SET character_set_client = @saved_cs_client */;

--
-- Dumping data for table `auction_params`
--

LOCK TABLES `auction_params` WRITE;
/*!40000 ALTER TABLE `auction_params` DISABLE KEYS */;
INSERT INTO `auction_params` VALUES (1,1,'bidStatus',0,NULL,'\0',NULL),(2,1,'buyerHighBid',0,NULL,'\0',NULL),(3,1,'price',0,NULL,'\0',NULL),(4,1,'currentBid',0,NULL,'\0',NULL),(5,1,'damageTypeSecondaryDescription',0,NULL,'\0',NULL),(6,1,'itemNumber',0,NULL,'\0',NULL),(7,1,'lotId',0,NULL,'\0',NULL),(8,1,'lotStatus',0,NULL,'\0',NULL),(9,1,'makeOfVehicle',0,NULL,'\0',NULL),(10,1,'modelOfVehicle',0,NULL,'\0',NULL),(11,1,'minBid',0,NULL,'\0',NULL),(12,1,'odometerReading',0,NULL,'\0',NULL),(13,1,'paymentStatus',0,NULL,'\0',NULL),(14,1,'repairCost',0,NULL,'\0',NULL),(15,1,'saleDate',0,NULL,'\0',NULL),(16,1,'saleStatus',0,NULL,'\0',NULL),(17,1,'watchlistStatus',0,NULL,'\0',NULL),(18,1,'yearOfVehicle',0,NULL,'\0',NULL),(19,1,'sealedBid',0,NULL,'\0',NULL),(20,1,'lotType',0,NULL,'\0',NULL),(21,1,'wonLot',0,NULL,'\0',NULL),(22,1,'buyItNowFlag',0,NULL,'\0',NULL),(23,1,'totalAmountDue',0,NULL,'\0',NULL),(24,1,'maxBid',0,NULL,'\0',NULL),(25,1,'firstBid',0,NULL,'\0',NULL),(26,1,'liveBid',0,NULL,'\0',NULL),(27,1,'futureSale',0,NULL,'\0',NULL),(28,1,'originalBid',0,NULL,'\0',NULL),(29,1,'bidIncrement',0,NULL,'\0',NULL),(30,1,'canBid',0,NULL,'\0',NULL),(31,1,'next',0,NULL,'\0',NULL),(32,1,'previous',0,NULL,'\0',NULL),(33,1,'lane',0,NULL,'\0',NULL),(34,1,'conditionReportAvailable',0,NULL,'\0',NULL),(35,1,'offsiteSaleLot',0,NULL,'\0',NULL),(36,1,'buyTodayFlag',0,NULL,'\0',NULL),(37,1,'buyTodayBid',0,NULL,'\0',NULL),(38,1,'ifLotIsSold',0,NULL,'\0',NULL),(39,1,'ifBuyerEligibleToExport',0,NULL,'\0',NULL),(40,1,'icon_BASE_NAME',0,NULL,'\0',NULL),(41,1,'statusDesc',0,NULL,'\0',NULL),(42,1,'lotNumberStr',0,NULL,'\0',NULL),(43,1,'ln',0,NULL,'\0',NULL),(44,1,'mkn',0,'Марка','',NULL),(45,1,'lm',0,'Модель','',NULL),(46,1,'lcy',0,'Год выпуска','',NULL),(47,1,'fv',0,'VIN','',NULL),(48,1,'la',0,NULL,'\0',NULL),(49,1,'rc',0,NULL,'\0',NULL),(50,1,'obc',0,NULL,'\0',NULL),(51,1,'orr',0,NULL,'\0',NULL),(52,1,'ord',0,NULL,'\0',NULL),(53,1,'egn',0,'Двигатель','',NULL),(54,1,'cy',0,'Количество цилиндров','',NULL),(55,1,'ld',0,NULL,'\0',NULL),(56,1,'yn',0,NULL,'\0',NULL),(57,1,'cuc',0,NULL,'\0',NULL),(58,1,'tz',0,NULL,'\0',NULL),(59,1,'ad',0,NULL,'\0',NULL),(60,1,'at',0,NULL,'\0',NULL),(61,1,'aan',0,NULL,'\0',NULL),(62,1,'hb',0,NULL,'\0',NULL),(63,1,'ss',0,NULL,'\0',NULL),(64,1,'bndc',0,NULL,'\0',NULL),(65,1,'bnp',0,NULL,'\0',NULL),(66,1,'sbf',0,NULL,'\0',NULL),(67,1,'ts',0,NULL,'\0',NULL),(68,1,'stt',0,NULL,'\0',NULL),(69,1,'td',0,NULL,'\0',NULL),(70,1,'dd',0,'Описание повреждений','',NULL),(71,1,'tims',0,NULL,'\0',NULL),(72,1,'lic',0,NULL,'\0',NULL),(73,1,'gr',0,NULL,'\0',NULL),(74,1,'dtc',0,NULL,'\0',NULL),(75,1,'al',0,NULL,'\0',NULL),(76,1,'adt',0,NULL,'\0',NULL),(77,1,'ynumb',0,NULL,'\0',NULL),(78,1,'phynumb',0,NULL,'\0',NULL),(79,1,'bf',0,NULL,'\0',NULL),(80,1,'ymin',0,NULL,'\0',NULL),(81,1,'long',0,NULL,'\0',NULL),(82,1,'lat',0,NULL,'\0',NULL),(83,1,'zip',0,NULL,'\0',NULL),(84,1,'locCountry',0,NULL,'\0',NULL),(85,1,'locCity',0,NULL,'\0',NULL),(86,1,'locState',0,NULL,'\0',NULL),(87,1,'transmission',0,NULL,'\0',NULL),(88,1,'myb',0,NULL,'\0',NULL),(89,1,'lmc',0,NULL,'\0',NULL),(90,1,'lcc',0,NULL,'\0',NULL),(91,1,'bstl',0,NULL,'\0',NULL),(92,1,'ftd',0,NULL,'',NULL),(93,1,'lcd',0,NULL,'\0',NULL),(94,1,'clr',0,'Цвет','',NULL),(95,1,'ft',0,NULL,'',NULL),(96,1,'hk',0,NULL,'\0',NULL),(97,1,'drv',0,'Привод','',NULL),(98,1,'lsts',0,NULL,'\0',NULL),(99,1,'scd',0,NULL,'\0',NULL),(100,1,'scn',0,NULL,'\0',NULL),(101,1,'snbr',0,NULL,'\0',NULL),(102,1,'showSeller',0,NULL,'\0',NULL),(103,1,'stpe',0,NULL,'\0',NULL),(104,1,'isInsCpny',0,NULL,'\0',NULL),(105,1,'vehTypDesc',0,NULL,'\0',NULL),(106,1,'sdd',0,NULL,'\0',NULL),(107,1,'ltnte',0,NULL,'\0',NULL),(108,1,'bidStatusStr',0,NULL,'',NULL),(109,1,'docType',0,NULL,'',NULL),(110,1,'siteCodes',0,NULL,'',NULL),(111,1,'prioritizedSiteCode',0,NULL,'',NULL),(112,1,'tgc',0,NULL,'',NULL),(113,1,'tsmn',0,NULL,'',NULL),(114,1,'vfs',0,NULL,'',NULL),(115,1,'ess',0,NULL,'',NULL),(116,1,'sstpflg',0,NULL,'',NULL),(117,1,'slrtyds',0,NULL,'',NULL),(118,2,'AFCCountry',0,NULL,'\0',NULL),(119,2,'AFCState',0,NULL,'\0',NULL),(120,2,'FormattedMyMax',0,NULL,'\0',NULL),(121,2,'IBFSoldTime',0,NULL,'\0',NULL),(122,2,'IsPrebiddingDone',0,NULL,'\0',NULL),(123,2,'IsHighPrebidder',0,NULL,'\0',NULL),(124,2,'AuctionStatus',0,NULL,'\0',NULL),(125,2,'AuctionStatusDescription',0,NULL,'\0',NULL),(126,2,'DisplayMoreLinkForRemote',0,NULL,'\0',NULL),(127,2,'RemoteSaleInfo',0,NULL,'\0',NULL),(128,2,'IBFAwardMesssage',0,NULL,'\0',NULL),(129,2,'PrebidAwardMesssage',0,NULL,'\0',NULL),(130,2,'IBFAwardedText',0,NULL,'\0',NULL),(131,2,'OutBidAmountNeededText',0,NULL,'\0',NULL),(132,2,'IsSpeciality',0,NULL,'\0',NULL),(133,2,'DisplaySalesTaxWarning',0,NULL,'\0',NULL),(134,2,'AuctionHours',0,NULL,'\0',NULL),(135,2,'AuctionMinutes',0,NULL,'\0',NULL),(136,2,'Meridian',0,NULL,'\0',NULL),(137,2,'LiveDate',0,NULL,'\0',NULL),(138,2,'LiveDateinUserTimeZone',0,NULL,'\0',NULL),(139,2,'CurrentDay',0,NULL,'\0',NULL),(140,2,'CurrentMonth',0,NULL,'\0',NULL),(141,2,'PrebidPickUpDate',0,NULL,'\0',NULL),(142,2,'PrebidPayDate',0,NULL,'\0',NULL),(143,2,'IBFPickUpDate',0,NULL,'\0',NULL),(144,2,'IBFPayDate',0,NULL,'\0',NULL),(145,2,'UserTimezoneAbb',0,NULL,'\0',NULL),(146,2,'UserLoginStatus',0,NULL,'\0',NULL),(147,2,'IsGuest',0,NULL,'\0',NULL),(148,2,'IaaBranchCodeForSpeciality',0,NULL,'\0',NULL),(149,2,'IaaBranchCodeForVirtualBranch',0,NULL,'\0',NULL),(150,2,'IaaBranchLocationForSpeciality',0,NULL,'\0',NULL),(151,2,'IaaBranchLocationForVirtualBranch',0,NULL,'\0',NULL),(152,2,'IsVehicleAtBranch',0,NULL,'\0',NULL),(153,2,'IsVehicleAtIAABranchForSpeciality',0,NULL,'\0',NULL),(154,2,'IsVehicleAtIAABranchForVirualBranch',0,NULL,'\0',NULL),(155,2,'PrebidClosed',0,NULL,'\0',NULL),(156,2,'PrebidAllowed',0,NULL,'\0',NULL),(157,2,'IbuyFastAllowed',0,NULL,'\0',NULL),(158,2,'WatchingAllowed',0,NULL,'\0',NULL),(159,2,'IsWatching',0,NULL,'\0',NULL),(160,2,'Make',0,'Марка','',NULL),(161,2,'Model',0,'Модель','',NULL),(162,2,'Year',0,'Год выпуска','',NULL),(163,2,'ItemID',0,NULL,'\0',NULL),(164,2,'AuctionID',0,NULL,'\0',NULL),(165,2,'DecimalHighBidAmount',0,NULL,'\0',NULL),(166,2,'DecimalOutBidAmount',0,NULL,'\0',NULL),(167,2,'AuctionTypeID',0,NULL,'\0',NULL),(168,2,'Code',0,NULL,'\0',NULL),(169,2,'StringOutBidAmount',0,NULL,'\0',NULL),(170,2,'DisplayHighPrebid',0,NULL,'\0',NULL),(171,2,'WatchTextToTrack',0,NULL,'\0',NULL),(172,2,'LoginURL',0,NULL,'\0',NULL),(173,2,'Metroid',0,NULL,'\0',NULL),(174,2,'BidText',0,NULL,'\0',NULL),(175,2,'DisplayDeletedBidMsg',0,NULL,'\0',NULL),(176,2,'Loss',0,NULL,'\0',NULL),(177,2,'PrimaryDamage',0,NULL,'\0',NULL),(178,2,'SecondaryDamage',0,NULL,'\0',NULL),(179,2,'Odometer',0,NULL,'',NULL),(180,2,'StartCode',0,NULL,'\0',NULL),(181,2,'Keys',0,'Ключи','\0',NULL),(182,2,'FuelType',0,NULL,'\0',NULL),(183,2,'Cylinders',0,'Количество цилиндров','',NULL),(184,2,'Engine',0,'Двигатель','',NULL),(185,2,'Transmission',0,'Трансмиссия','',NULL),(186,2,'DriveLineType',0,NULL,'\0',NULL),(187,2,'Vehicle',0,NULL,'\0',NULL),(188,2,'VehicleStatus',0,NULL,'\0',NULL),(189,2,'VIN',0,NULL,'\0',NULL),(190,2,'VINStatus',0,NULL,'\0',NULL),(191,2,'BodyStyle',0,NULL,'\0',NULL),(192,2,'VehicleClass',0,NULL,'\0',NULL),(193,2,'Series',0,NULL,'\0',NULL),(194,2,'ManufacturedIn',0,NULL,'\0',NULL),(195,2,'ExteriorColor',0,NULL,'\0',NULL),(196,2,'InteriorColor',0,NULL,'\0',NULL),(197,2,'RestraintSystem',0,NULL,'\0',NULL),(198,2,'AirBags',0,NULL,'\0',NULL),(199,2,'Driver_Passenger',0,NULL,'\0',NULL),(200,2,'Left_RightSide',0,NULL,'\0',NULL),(201,2,'DynamicFeatures',0,NULL,'\0',NULL),(202,2,'StockNo',0,NULL,'\0',NULL),(203,2,'BranchName',0,NULL,'\0',NULL),(204,2,'BranchAbb',0,NULL,'\0',NULL),(205,2,'UserId',0,NULL,'\0',NULL),(206,2,'ItemNo',0,NULL,'\0',NULL),(207,2,'AuctionLane',0,NULL,'\0',NULL),(208,2,'opendate',0,NULL,'\0',NULL),(209,2,'SaleDoc',0,NULL,'\0',NULL),(210,2,'IsRunAndDrive',0,NULL,'\0',NULL),(211,2,'IsVehicleStarts',0,NULL,'\0',NULL),(212,2,'IsPublic',0,NULL,'\0',NULL),(213,2,'VisibleBuyerFeeLink',0,NULL,'\0',NULL),(214,2,'IsShrinkWrap',0,NULL,'\0',NULL),(215,2,'StaticFeatures',0,NULL,'\0',NULL),(216,2,'PreBidHistory',0,NULL,'\0',NULL),(217,2,'ShowCurrentBid',0,NULL,'\0',NULL),(218,2,'ShowPrebidHistory',0,NULL,'\0',NULL),(219,2,'HighBidAmount',0,NULL,'\0',NULL),(220,2,'HighBidder',0,NULL,'\0',NULL),(221,2,'LosingBidStatus',0,NULL,'\0',NULL),(222,2,'MyStock',0,NULL,'\0',NULL),(223,2,'MyCurrent',0,NULL,'\0',NULL),(224,2,'MyMax',0,NULL,'\0',NULL),(225,2,'OutBidAmount',0,NULL,'\0',NULL),(226,2,'IncrementAmount',0,NULL,'\0',NULL),(227,2,'BidCountText',0,NULL,'\0',NULL),(228,2,'OriginalMaxAmount',0,NULL,'\0',NULL),(229,2,'AdjustedCloseDate',0,NULL,'\0',NULL),(230,2,'SalvageID',0,NULL,'\0',NULL),(231,2,'BranchCode',0,NULL,'\0',NULL),(232,2,'BranchId',0,NULL,'\0',NULL),(233,2,'Slot',0,NULL,'\0',NULL),(234,2,'AuctionDate',0,NULL,'\0',NULL),(235,2,'ShowPublicIcon',0,NULL,'\0',NULL),(236,2,'ShowIBidLiveIcon',0,NULL,'\0',NULL),(237,2,'BuyNowInd',0,NULL,'\0',NULL),(238,2,'BuyNowAmount',0,NULL,'\0',NULL),(239,2,'BuyNowCloseDate',0,NULL,'\0',NULL),(240,2,'BuyNowExpired',0,NULL,'\0',NULL),(241,2,'BuyNowSold',0,NULL,'\0',NULL),(242,2,'BuyNowPrice',0,NULL,'\0',NULL),(243,2,'Day',0,NULL,'\0',NULL),(244,2,'Date',0,NULL,'\0',NULL),(245,2,'Month',0,NULL,'\0',NULL),(246,2,'Time',0,NULL,'\0',NULL),(247,2,'LiveDateDOWString',0,NULL,'\0',NULL),(248,2,'LiveDateString',0,NULL,'\0',NULL),(249,2,'WhoCanBid',0,NULL,'\0',NULL),(250,2,'Brand',0,NULL,'\0',NULL),(251,2,'ACV',0,NULL,'\0',NULL),(252,2,'Notes',0,NULL,'\0',NULL),(253,2,'ProviderName',0,NULL,'\0',NULL),(254,2,'ECRDocLink',0,NULL,'\0',NULL),(255,2,'VCRDocLink',0,NULL,'\0',NULL),(256,2,'IsECRDocLinkVisible',0,NULL,'\0',NULL),(257,2,'IsVCRDocLinkVisible',0,NULL,'\0',NULL),(258,2,'BranchLink',0,NULL,'\0',NULL),(259,2,'LocationName',0,NULL,'\0',NULL),(260,2,'Address',0,NULL,'\0',NULL),(261,2,'City',0,NULL,'\0',NULL),(262,2,'State',0,NULL,'\0',NULL),(263,2,'Zip',0,NULL,'\0',NULL),(264,2,'Phone',0,NULL,'\0',NULL),(265,2,'PickupStateZipPhone',0,NULL,'\0',NULL),(266,2,'RemoteSaleAdditionInformation',0,NULL,'\0',NULL),(267,2,'FreeStorageDays',0,NULL,'\0',NULL),(268,2,'IsPreBidVisible',0,NULL,'\0',NULL),(269,2,'IsIBuyFastVisible',0,NULL,'\0',NULL),(270,2,'DisplayCostOfRepairDoc',0,NULL,'\0',NULL),(271,2,'DisplayConditionReport',0,NULL,'\0',NULL),(272,2,'DisplayPremiumReport',0,NULL,'\0',NULL),(273,2,'DisplayInstaVinReport',0,NULL,'\0',NULL),(274,2,'IsImageRequestQualified',0,NULL,'\0',NULL),(275,2,'ImageRequestDetails',0,NULL,'\0',NULL),(276,2,'IsHaulMatchVisible',0,NULL,'\0',NULL),(277,2,'HaulmatchUrl',0,NULL,'\0',NULL),(278,2,'IsCarsArriveVisible',0,NULL,'\0',NULL),(279,2,'CarsArriveUrl',0,NULL,'\0',NULL),(280,2,'IsAuctionlogoExport',0,NULL,'\0',NULL),(281,2,'IsAFCCaliforniaVisible',0,NULL,'\0',NULL),(282,2,'IsAFCUSVisible',0,NULL,'\0',NULL),(283,2,'DisplayTaxLink',0,NULL,'\0',NULL),(284,2,'DisplaySalesTaxWarningLinks',0,NULL,'\0',NULL),(285,2,'IsVirtualBranch',0,NULL,'\0',NULL),(286,2,'IsVehicleAtBranchVB',0,NULL,'\0',NULL),(287,2,'IsVenderSectionVisible',0,NULL,'\0',NULL),(288,2,'EvmMatchInd',0,NULL,'\0',NULL),(289,2,'ASAPMake',0,NULL,'\0',NULL),(290,2,'ASAPModel',0,NULL,'\0',NULL),(291,2,'Seller',0,NULL,'\0',NULL),(292,2,'ConditionReportAllowed',0,NULL,'\0',NULL),(293,2,'CostOfRepairDocAllowed',0,NULL,'\0',NULL),(294,2,'PartsInfoExist',0,NULL,'\0',NULL),(295,2,'StockDisplayInd',0,NULL,'\0',NULL),(296,2,'VTypeForInsta',0,NULL,'\0',NULL),(297,2,'StorageLocationId',0,NULL,'\0',NULL),(298,2,'ChromeDataInd',0,NULL,'\0',NULL),(299,2,'PromotionID',0,NULL,'\0',NULL),(300,2,'PromotionTag',0,NULL,'\0',NULL),(301,2,'PromotionUrl',0,NULL,'\0',NULL),(302,2,'odometer',0,NULL,'\0',NULL),(303,2,'Manufactured In',0,NULL,'',NULL),(304,2,'Body Style',0,NULL,'',NULL),(305,2,'Vehicle Class',0,NULL,'',NULL),(306,2,'Fuel Type',0,NULL,'',NULL),(307,2,'Drive Line Type',0,NULL,'',NULL);
/*!40000 ALTER TABLE `auction_params` ENABLE KEYS */;
UNLOCK TABLES;

--
-- Table structure for table `auctiones`
--

DROP TABLE IF EXISTS `auctiones`;
/*!40101 SET @saved_cs_client     = @@character_set_client */;
/*!40101 SET character_set_client = utf8 */;
CREATE TABLE `auctiones` (
  `IdAuction` int(11) NOT NULL AUTO_INCREMENT,
  `Name` varchar(50) NOT NULL COMMENT 'Уникальное наименование аукциона',
  `UsedAuthorize` bit(1) NOT NULL DEFAULT b'0' COMMENT 'Флаг, указывающий, требуется ли авторизация на данном аукционе',
  `DateLastSync` datetime DEFAULT NULL COMMENT 'Дата последней синхронизации',
  `SyncFromFrame` bit(1) NOT NULL DEFAULT b'0' COMMENT 'Проводить синхронизацию через фрейм - требуется для случаев, когда установлена защита',
  `SyncFromPopupWindow` bit(1) NOT NULL DEFAULT b'0' COMMENT 'Синхронизация лота производится через всплывающее окно, поскольку стандартный способ перекрыт, а во фрейме страницу загрузить нельзя',
  `BaseLotUrl` text COMMENT 'Базовый URL для загрузки информации о лоте через фрэйм',
  PRIMARY KEY (`IdAuction`),
  UNIQUE KEY `Name_UNIQUE` (`Name`)
) ENGINE=InnoDB AUTO_INCREMENT=3 DEFAULT CHARSET=utf8 COMMENT='Таблица аукционов';
/*!40101 SET character_set_client = @saved_cs_client */;

--
-- Dumping data for table `auctiones`
--

LOCK TABLES `auctiones` WRITE;
/*!40000 ALTER TABLE `auctiones` DISABLE KEYS */;
INSERT INTO `auctiones` VALUES (1,'copart','\0','2017-03-02 07:25:16','','\0','aHR0cHM6Ly93d3cuY29wYXJ0LmNvbS9sb3Qve0tleUxvdH0.'),(2,'iaai','\0','2017-02-20 13:17:16','\0','\0','aHR0cHM6Ly93d3cuaWFhaS5jb20vVmVoaWNsZT9pdGVtSUQ9e0tleUxvdH0.');
/*!40000 ALTER TABLE `auctiones` ENABLE KEYS */;
UNLOCK TABLES;

--
-- Table structure for table `lot_images`
--

DROP TABLE IF EXISTS `lot_images`;
/*!40101 SET @saved_cs_client     = @@character_set_client */;
/*!40101 SET character_set_client = utf8 */;
CREATE TABLE `lot_images` (
  `IdImage` bigint(20) NOT NULL AUTO_INCREMENT,
  `OrigName` text NOT NULL COMMENT 'Путь к оригинальному источнику',
  `FileName` text NOT NULL COMMENT 'Адрес файла в хранилище',
  `IdLot` bigint(20) NOT NULL,
  `Visible` bit(1) NOT NULL DEFAULT b'1',
  `IsMain` bit(1) NOT NULL DEFAULT b'0',
  `Width` int(11) NOT NULL,
  `Height` int(11) NOT NULL,
  PRIMARY KEY (`IdImage`)
) ENGINE=InnoDB AUTO_INCREMENT=478 DEFAULT CHARSET=utf8 COMMENT='Изображения лотов';
/*!40101 SET character_set_client = @saved_cs_client */;

--
-- Dumping data for table `lot_images`
--

LOCK TABLES `lot_images` WRITE;
/*!40000 ALTER TABLE `lot_images` DISABLE KEYS */;
INSERT INTO `lot_images` VALUES (1,'aHR0cHM6Ly92aXMuaWFhaS5jb206NDQzL3Jlc2l6ZXI/aW1hZ2VLZXlzPTE5NjEwNDQxflNJRH5CNzQyflMwfkkxflJXMTI4MH5IOTYwflRIMCZ3aWR0aD03NjgmaGVpZ2h0PTU3Ng==','aWFhaVxsb3QgMVwxOTYxMDQ0MX5TSUR+Qjc0Mn5TMH5JMX5SVzEyODB+SDk2MH5USDAuanBn',35,'','\0',720,540),(2,'aHR0cHM6Ly92aXMuaWFhaS5jb206NDQzL3Jlc2l6ZXI/aW1hZ2VLZXlzPTE5NjEwNDQxflNJRH5CNzQyflMwfkkyflJXMTI4MH5IOTYwflRIMCZ3aWR0aD03NjgmaGVpZ2h0PTU3Ng==','aWFhaVxsb3QgMVwxOTYxMDQ0MX5TSUR+Qjc0Mn5TMH5JMn5SVzEyODB+SDk2MH5USDAuanBn',35,'','\0',720,540),(3,'aHR0cHM6Ly92aXMuaWFhaS5jb206NDQzL3Jlc2l6ZXI/aW1hZ2VLZXlzPTE5NjEwNDQxflNJRH5CNzQyflMwfkkzflJXMTI4MH5IOTYwflRIMCZ3aWR0aD03NjgmaGVpZ2h0PTU3Ng==','aWFhaVxsb3QgMVwxOTYxMDQ0MX5TSUR+Qjc0Mn5TMH5JM35SVzEyODB+SDk2MH5USDAuanBn',35,'','\0',720,540),(4,'aHR0cHM6Ly92aXMuaWFhaS5jb206NDQzL3Jlc2l6ZXI/aW1hZ2VLZXlzPTE5NjEwNDQxflNJRH5CNzQyflMwfkk0flJXMTI4MH5IOTYwflRIMCZ3aWR0aD03NjgmaGVpZ2h0PTU3Ng==','aWFhaVxsb3QgMVwxOTYxMDQ0MX5TSUR+Qjc0Mn5TMH5JNH5SVzEyODB+SDk2MH5USDAuanBn',35,'','\0',720,540),(5,'aHR0cHM6Ly92aXMuaWFhaS5jb206NDQzL3Jlc2l6ZXI/aW1hZ2VLZXlzPTE5NjEwNDQxflNJRH5CNzQyflMwfkk1flJXMTI4MH5IOTYwflRIMCZ3aWR0aD03NjgmaGVpZ2h0PTU3Ng==','aWFhaVxsb3QgMVwxOTYxMDQ0MX5TSUR+Qjc0Mn5TMH5JNX5SVzEyODB+SDk2MH5USDAuanBn',35,'','\0',720,540),(6,'aHR0cHM6Ly92aXMuaWFhaS5jb206NDQzL3Jlc2l6ZXI/aW1hZ2VLZXlzPTE5NjEwNDQxflNJRH5CNzQyflMwfkk2flJXMTI4MH5IOTYwflRIMCZ3aWR0aD03NjgmaGVpZ2h0PTU3Ng==','aWFhaVxsb3QgMVwxOTYxMDQ0MX5TSUR+Qjc0Mn5TMH5JNn5SVzEyODB+SDk2MH5USDAuanBn',35,'','\0',720,540),(7,'aHR0cHM6Ly92aXMuaWFhaS5jb206NDQzL3Jlc2l6ZXI/aW1hZ2VLZXlzPTE5NjEwNDQxflNJRH5CNzQyflMwfkk3flJXMTI4MH5IOTYwflRIMCZ3aWR0aD03NjgmaGVpZ2h0PTU3Ng==','aWFhaVxsb3QgMVwxOTYxMDQ0MX5TSUR+Qjc0Mn5TMH5JN35SVzEyODB+SDk2MH5USDAuanBn',35,'','\0',720,540),(8,'aHR0cHM6Ly92aXMuaWFhaS5jb206NDQzL3Jlc2l6ZXI/aW1hZ2VLZXlzPTE5NjEwNDQxflNJRH5CNzQyflMwfkk4flJXMTI4MH5IOTYwflRIMCZ3aWR0aD03NjgmaGVpZ2h0PTU3Ng==','aWFhaVxsb3QgMVwxOTYxMDQ0MX5TSUR+Qjc0Mn5TMH5JOH5SVzEyODB+SDk2MH5USDAuanBn',35,'','\0',720,540),(9,'aHR0cHM6Ly92aXMuaWFhaS5jb206NDQzL3Jlc2l6ZXI/aW1hZ2VLZXlzPTE5NjEwNDQxflNJRH5CNzQyflMwfkk5flJXMTI4MH5IOTYwflRIMCZ3aWR0aD03NjgmaGVpZ2h0PTU3Ng==','aWFhaVxsb3QgMVwxOTYxMDQ0MX5TSUR+Qjc0Mn5TMH5JOX5SVzEyODB+SDk2MH5USDAuanBn',35,'','\0',720,540),(10,'aHR0cHM6Ly92aXMuaWFhaS5jb206NDQzL3Jlc2l6ZXI/aW1hZ2VLZXlzPTE5NjEwNDQxflNJRH5CNzQyflMwfkkxMH5SVzEyODB+SDk2MH5USDAmd2lkdGg9NzY4JmhlaWdodD01NzY=','aWFhaVxsb3QgMVwxOTYxMDQ0MX5TSUR+Qjc0Mn5TMH5JMTB+UlcxMjgwfkg5NjB+VEgwLmpwZw==',35,'','\0',720,540),(11,'aHR0cHM6Ly92aXMuaWFhaS5jb206NDQzL3Jlc2l6ZXI/aW1hZ2VLZXlzPTE5MTYxMzUxflNJRH5CNzIzflMwfkkxflJXMTI4MH5IOTYwflRIMCZ3aWR0aD03NjgmaGVpZ2h0PTU3Ng==','aWFhaVxsb3QgMlwxOTE2MTM1MX5TSUR+QjcyM35TMH5JMX5SVzEyODB+SDk2MH5USDAuanBn',36,'','\0',720,540),(12,'aHR0cHM6Ly92aXMuaWFhaS5jb206NDQzL3Jlc2l6ZXI/aW1hZ2VLZXlzPTE5MTYxMzUxflNJRH5CNzIzflMwfkkyflJXMTI4MH5IOTYwflRIMCZ3aWR0aD03NjgmaGVpZ2h0PTU3Ng==','aWFhaVxsb3QgMlwxOTE2MTM1MX5TSUR+QjcyM35TMH5JMn5SVzEyODB+SDk2MH5USDAuanBn',36,'','\0',720,540),(13,'aHR0cHM6Ly92aXMuaWFhaS5jb206NDQzL3Jlc2l6ZXI/aW1hZ2VLZXlzPTE5MTYxMzUxflNJRH5CNzIzflMwfkkzflJXMTI4MH5IOTYwflRIMCZ3aWR0aD03NjgmaGVpZ2h0PTU3Ng==','aWFhaVxsb3QgMlwxOTE2MTM1MX5TSUR+QjcyM35TMH5JM35SVzEyODB+SDk2MH5USDAuanBn',36,'','\0',720,540),(14,'aHR0cHM6Ly92aXMuaWFhaS5jb206NDQzL3Jlc2l6ZXI/aW1hZ2VLZXlzPTE5MTYxMzUxflNJRH5CNzIzflMwfkk0flJXMTI4MH5IOTYwflRIMCZ3aWR0aD03NjgmaGVpZ2h0PTU3Ng==','aWFhaVxsb3QgMlwxOTE2MTM1MX5TSUR+QjcyM35TMH5JNH5SVzEyODB+SDk2MH5USDAuanBn',36,'','\0',720,540),(15,'aHR0cHM6Ly92aXMuaWFhaS5jb206NDQzL3Jlc2l6ZXI/aW1hZ2VLZXlzPTE5MTYxMzUxflNJRH5CNzIzflMwfkk1flJXMTI4MH5IOTYwflRIMCZ3aWR0aD03NjgmaGVpZ2h0PTU3Ng==','aWFhaVxsb3QgMlwxOTE2MTM1MX5TSUR+QjcyM35TMH5JNX5SVzEyODB+SDk2MH5USDAuanBn',36,'','\0',720,540),(16,'aHR0cHM6Ly92aXMuaWFhaS5jb206NDQzL3Jlc2l6ZXI/aW1hZ2VLZXlzPTE5MTYxMzUxflNJRH5CNzIzflMwfkk2flJXMTI4MH5IOTYwflRIMCZ3aWR0aD03NjgmaGVpZ2h0PTU3Ng==','aWFhaVxsb3QgMlwxOTE2MTM1MX5TSUR+QjcyM35TMH5JNn5SVzEyODB+SDk2MH5USDAuanBn',36,'','\0',720,540),(17,'aHR0cHM6Ly92aXMuaWFhaS5jb206NDQzL3Jlc2l6ZXI/aW1hZ2VLZXlzPTE5MTYxMzUxflNJRH5CNzIzflMwfkk3flJXNjQwfkg0ODB+VEgwJndpZHRoPTc2OCZoZWlnaHQ9NTc2','aWFhaVxsb3QgMlwxOTE2MTM1MX5TSUR+QjcyM35TMH5JN35SVzY0MH5INDgwflRIMC5qcGc=',36,'','\0',720,540),(18,'aHR0cHM6Ly92aXMuaWFhaS5jb206NDQzL3Jlc2l6ZXI/aW1hZ2VLZXlzPTE5MTYxMzUxflNJRH5CNzIzflMwfkk4flJXMTI4MH5IOTYwflRIMCZ3aWR0aD03NjgmaGVpZ2h0PTU3Ng==','aWFhaVxsb3QgMlwxOTE2MTM1MX5TSUR+QjcyM35TMH5JOH5SVzEyODB+SDk2MH5USDAuanBn',36,'','\0',720,540),(19,'aHR0cHM6Ly92aXMuaWFhaS5jb206NDQzL3Jlc2l6ZXI/aW1hZ2VLZXlzPTE5MTYxMzUxflNJRH5CNzIzflMwfkk5flJXMTI4MH5IOTYwflRIMCZ3aWR0aD03NjgmaGVpZ2h0PTU3Ng==','aWFhaVxsb3QgMlwxOTE2MTM1MX5TSUR+QjcyM35TMH5JOX5SVzEyODB+SDk2MH5USDAuanBn',36,'','\0',720,540),(20,'aHR0cHM6Ly92aXMuaWFhaS5jb206NDQzL3Jlc2l6ZXI/aW1hZ2VLZXlzPTE5MTYxMzUxflNJRH5CNzIzflMwfkkxMH5SVzEyODB+SDk2MH5USDAmd2lkdGg9NzY4JmhlaWdodD01NzY=','aWFhaVxsb3QgMlwxOTE2MTM1MX5TSUR+QjcyM35TMH5JMTB+UlcxMjgwfkg5NjB+VEgwLmpwZw==',36,'','\0',720,540),(21,'aHR0cHM6Ly92aXMuaWFhaS5jb206NDQzL3Jlc2l6ZXI/aW1hZ2VLZXlzPTE5MTA5Nzc0flNJRH5CNjM2flMwfkkxflJXMTI4MH5IOTYwflRIMCZ3aWR0aD03NjgmaGVpZ2h0PTU3Ng==','aWFhaVxsb3QgM1wxOTEwOTc3NH5TSUR+QjYzNn5TMH5JMX5SVzEyODB+SDk2MH5USDAuanBn',37,'','\0',720,540),(22,'aHR0cHM6Ly92aXMuaWFhaS5jb206NDQzL3Jlc2l6ZXI/aW1hZ2VLZXlzPTE5MTA5Nzc0flNJRH5CNjM2flMwfkkyflJXMTI4MH5IOTYwflRIMCZ3aWR0aD03NjgmaGVpZ2h0PTU3Ng==','aWFhaVxsb3QgM1wxOTEwOTc3NH5TSUR+QjYzNn5TMH5JMn5SVzEyODB+SDk2MH5USDAuanBn',37,'','\0',720,540),(23,'aHR0cHM6Ly92aXMuaWFhaS5jb206NDQzL3Jlc2l6ZXI/aW1hZ2VLZXlzPTE5MTA5Nzc0flNJRH5CNjM2flMwfkkzflJXMTI4MH5IOTYwflRIMCZ3aWR0aD03NjgmaGVpZ2h0PTU3Ng==','aWFhaVxsb3QgM1wxOTEwOTc3NH5TSUR+QjYzNn5TMH5JM35SVzEyODB+SDk2MH5USDAuanBn',37,'','\0',720,540),(24,'aHR0cHM6Ly92aXMuaWFhaS5jb206NDQzL3Jlc2l6ZXI/aW1hZ2VLZXlzPTE5MTA5Nzc0flNJRH5CNjM2flMwfkk0flJXMTI4MH5IOTYwflRIMCZ3aWR0aD03NjgmaGVpZ2h0PTU3Ng==','aWFhaVxsb3QgM1wxOTEwOTc3NH5TSUR+QjYzNn5TMH5JNH5SVzEyODB+SDk2MH5USDAuanBn',37,'','\0',720,540),(25,'aHR0cHM6Ly92aXMuaWFhaS5jb206NDQzL3Jlc2l6ZXI/aW1hZ2VLZXlzPTE5MTA5Nzc0flNJRH5CNjM2flMwfkk1flJXMTI4MH5IOTYwflRIMCZ3aWR0aD03NjgmaGVpZ2h0PTU3Ng==','aWFhaVxsb3QgM1wxOTEwOTc3NH5TSUR+QjYzNn5TMH5JNX5SVzEyODB+SDk2MH5USDAuanBn',37,'','\0',720,540),(26,'aHR0cHM6Ly92aXMuaWFhaS5jb206NDQzL3Jlc2l6ZXI/aW1hZ2VLZXlzPTE5MTA5Nzc0flNJRH5CNjM2flMwfkk2flJXMTI4MH5IOTYwflRIMCZ3aWR0aD03NjgmaGVpZ2h0PTU3Ng==','aWFhaVxsb3QgM1wxOTEwOTc3NH5TSUR+QjYzNn5TMH5JNn5SVzEyODB+SDk2MH5USDAuanBn',37,'','\0',720,540),(27,'aHR0cHM6Ly92aXMuaWFhaS5jb206NDQzL3Jlc2l6ZXI/aW1hZ2VLZXlzPTE5MTA5Nzc0flNJRH5CNjM2flMwfkk3flJXMTI4MH5IOTYwflRIMCZ3aWR0aD03NjgmaGVpZ2h0PTU3Ng==','aWFhaVxsb3QgM1wxOTEwOTc3NH5TSUR+QjYzNn5TMH5JN35SVzEyODB+SDk2MH5USDAuanBn',37,'','\0',720,540),(28,'aHR0cHM6Ly92aXMuaWFhaS5jb206NDQzL3Jlc2l6ZXI/aW1hZ2VLZXlzPTE5MTA5Nzc0flNJRH5CNjM2flMwfkk4flJXMTI4MH5IOTYwflRIMCZ3aWR0aD03NjgmaGVpZ2h0PTU3Ng==','aWFhaVxsb3QgM1wxOTEwOTc3NH5TSUR+QjYzNn5TMH5JOH5SVzEyODB+SDk2MH5USDAuanBn',37,'','\0',720,540),(29,'aHR0cHM6Ly92aXMuaWFhaS5jb206NDQzL3Jlc2l6ZXI/aW1hZ2VLZXlzPTE5MTA5Nzc0flNJRH5CNjM2flMwfkk5flJXMTI4MH5IOTYwflRIMCZ3aWR0aD03NjgmaGVpZ2h0PTU3Ng==','aWFhaVxsb3QgM1wxOTEwOTc3NH5TSUR+QjYzNn5TMH5JOX5SVzEyODB+SDk2MH5USDAuanBn',37,'','\0',720,540),(30,'aHR0cHM6Ly92aXMuaWFhaS5jb206NDQzL3Jlc2l6ZXI/aW1hZ2VLZXlzPTE5MTA5Nzc0flNJRH5CNjM2flMwfkkxMH5SVzEyODB+SDk2MH5USDAmd2lkdGg9NzY4JmhlaWdodD01NzY=','aWFhaVxsb3QgM1wxOTEwOTc3NH5TSUR+QjYzNn5TMH5JMTB+UlcxMjgwfkg5NjB+VEgwLmpwZw==',37,'','\0',720,540),(31,'aHR0cHM6Ly92aXMuaWFhaS5jb206NDQzL3Jlc2l6ZXI/aW1hZ2VLZXlzPTE5NTg3NTM4flNJRH5CNzMyflMxfkkxflJXMTI4MH5IOTYwflRIMCZ3aWR0aD03NjgmaGVpZ2h0PTU3Ng==','aWFhaVxsb3QgNFwxOTU4NzUzOH5TSUR+QjczMn5TMX5JMX5SVzEyODB+SDk2MH5USDAuanBn',38,'','\0',720,540),(32,'aHR0cHM6Ly92aXMuaWFhaS5jb206NDQzL3Jlc2l6ZXI/aW1hZ2VLZXlzPTE5NTg3NTM4flNJRH5CNzMyflMxfkkyflJXMTI4MH5IOTYwflRIMCZ3aWR0aD03NjgmaGVpZ2h0PTU3Ng==','aWFhaVxsb3QgNFwxOTU4NzUzOH5TSUR+QjczMn5TMX5JMn5SVzEyODB+SDk2MH5USDAuanBn',38,'','\0',720,540),(33,'aHR0cHM6Ly92aXMuaWFhaS5jb206NDQzL3Jlc2l6ZXI/aW1hZ2VLZXlzPTE5NTg3NTM4flNJRH5CNzMyflMxfkkzflJXMTI4MH5IOTYwflRIMCZ3aWR0aD03NjgmaGVpZ2h0PTU3Ng==','aWFhaVxsb3QgNFwxOTU4NzUzOH5TSUR+QjczMn5TMX5JM35SVzEyODB+SDk2MH5USDAuanBn',38,'','\0',720,540),(34,'aHR0cHM6Ly92aXMuaWFhaS5jb206NDQzL3Jlc2l6ZXI/aW1hZ2VLZXlzPTE5NTg3NTM4flNJRH5CNzMyflMxfkk0flJXMTI4MH5IOTYwflRIMCZ3aWR0aD03NjgmaGVpZ2h0PTU3Ng==','aWFhaVxsb3QgNFwxOTU4NzUzOH5TSUR+QjczMn5TMX5JNH5SVzEyODB+SDk2MH5USDAuanBn',38,'','\0',720,540),(35,'aHR0cHM6Ly92aXMuaWFhaS5jb206NDQzL3Jlc2l6ZXI/aW1hZ2VLZXlzPTE5NTg3NTM4flNJRH5CNzMyflMxfkk1flJXMTI4MH5IOTYwflRIMCZ3aWR0aD03NjgmaGVpZ2h0PTU3Ng==','aWFhaVxsb3QgNFwxOTU4NzUzOH5TSUR+QjczMn5TMX5JNX5SVzEyODB+SDk2MH5USDAuanBn',38,'','\0',720,540),(36,'aHR0cHM6Ly92aXMuaWFhaS5jb206NDQzL3Jlc2l6ZXI/aW1hZ2VLZXlzPTE5NTg3NTM4flNJRH5CNzMyflMxfkk2flJXMTI4MH5IOTYwflRIMCZ3aWR0aD03NjgmaGVpZ2h0PTU3Ng==','aWFhaVxsb3QgNFwxOTU4NzUzOH5TSUR+QjczMn5TMX5JNn5SVzEyODB+SDk2MH5USDAuanBn',38,'','\0',720,540),(37,'aHR0cHM6Ly92aXMuaWFhaS5jb206NDQzL3Jlc2l6ZXI/aW1hZ2VLZXlzPTE5NTg3NTM4flNJRH5CNzMyflMxfkk3flJXMTI4MH5IOTYwflRIMCZ3aWR0aD03NjgmaGVpZ2h0PTU3Ng==','aWFhaVxsb3QgNFwxOTU4NzUzOH5TSUR+QjczMn5TMX5JN35SVzEyODB+SDk2MH5USDAuanBn',38,'','\0',720,540),(38,'aHR0cHM6Ly92aXMuaWFhaS5jb206NDQzL3Jlc2l6ZXI/aW1hZ2VLZXlzPTE5NTg3NTM4flNJRH5CNzMyflMxfkk4flJXMTI4MH5IOTYwflRIMCZ3aWR0aD03NjgmaGVpZ2h0PTU3Ng==','aWFhaVxsb3QgNFwxOTU4NzUzOH5TSUR+QjczMn5TMX5JOH5SVzEyODB+SDk2MH5USDAuanBn',38,'','\0',720,540),(39,'aHR0cHM6Ly92aXMuaWFhaS5jb206NDQzL3Jlc2l6ZXI/aW1hZ2VLZXlzPTE5NTg3NTM4flNJRH5CNzMyflMxfkk5flJXMTI4MH5IOTYwflRIMCZ3aWR0aD03NjgmaGVpZ2h0PTU3Ng==','aWFhaVxsb3QgNFwxOTU4NzUzOH5TSUR+QjczMn5TMX5JOX5SVzEyODB+SDk2MH5USDAuanBn',38,'','\0',720,540),(40,'aHR0cHM6Ly92aXMuaWFhaS5jb206NDQzL3Jlc2l6ZXI/aW1hZ2VLZXlzPTE5NTg3NTM4flNJRH5CNzMyflMxfkkxMH5SVzEyODB+SDk2MH5USDAmd2lkdGg9NzY4JmhlaWdodD01NzY=','aWFhaVxsb3QgNFwxOTU4NzUzOH5TSUR+QjczMn5TMX5JMTB+UlcxMjgwfkg5NjB+VEgwLmpwZw==',38,'','\0',720,540),(41,'aHR0cHM6Ly92aXMuaWFhaS5jb206NDQzL3Jlc2l6ZXI/aW1hZ2VLZXlzPTE5NTg3NTM4flNJRH5CNzMyflMwfkkxMX5SVzgwMH5INjAwflRIMCZ3aWR0aD03NjgmaGVpZ2h0PTU3Ng==','aWFhaVxsb3QgNFwxOTU4NzUzOH5TSUR+QjczMn5TMH5JMTF+Ulc4MDB+SDYwMH5USDAuanBn',42,'','\0',720,540),(42,'aHR0cHM6Ly92aXMuaWFhaS5jb206NDQzL3Jlc2l6ZXI/aW1hZ2VLZXlzPTE5NTg3NTM4flNJRH5CNzMyflMwfkkxNH5SVzgwMH5INjAwflRIMCZ3aWR0aD03NjgmaGVpZ2h0PTU3Ng==','aWFhaVxsb3QgNFwxOTU4NzUzOH5TSUR+QjczMn5TMH5JMTR+Ulc4MDB+SDYwMH5USDAuanBn',42,'','\0',720,540),(43,'aHR0cHM6Ly92aXMuaWFhaS5jb206NDQzL3Jlc2l6ZXI/aW1hZ2VLZXlzPTE5NTg3NTM4flNJRH5CNzMyflMwfkkxN35SVzgwMH5INjAwflRIMCZ3aWR0aD03NjgmaGVpZ2h0PTU3Ng==','aWFhaVxsb3QgNFwxOTU4NzUzOH5TSUR+QjczMn5TMH5JMTd+Ulc4MDB+SDYwMH5USDAuanBn',42,'','\0',720,540),(44,'aHR0cHM6Ly92aXMuaWFhaS5jb206NDQzL3Jlc2l6ZXI/aW1hZ2VLZXlzPTE5NTg3NTM4flNJRH5CNzMyflMwfkkyMH5SVzgwMH5INjAwflRIMCZ3aWR0aD03NjgmaGVpZ2h0PTU3Ng==','aWFhaVxsb3QgNFwxOTU4NzUzOH5TSUR+QjczMn5TMH5JMjB+Ulc4MDB+SDYwMH5USDAuanBn',42,'','\0',720,540),(45,'aHR0cHM6Ly92aXMuaWFhaS5jb206NDQzL3Jlc2l6ZXI/aW1hZ2VLZXlzPTE5NTg3NTM4flNJRH5CNzMyflMwfkkyM35SVzgwMH5INjAwflRIMCZ3aWR0aD03NjgmaGVpZ2h0PTU3Ng==','aWFhaVxsb3QgNFwxOTU4NzUzOH5TSUR+QjczMn5TMH5JMjN+Ulc4MDB+SDYwMH5USDAuanBn',42,'','\0',720,540),(46,'aHR0cHM6Ly92aXMuaWFhaS5jb206NDQzL3Jlc2l6ZXI/aW1hZ2VLZXlzPTE5NTg3NTM4flNJRH5CNzMyflMwfkkyNn5SVzgwMH5INjAwflRIMCZ3aWR0aD03NjgmaGVpZ2h0PTU3Ng==','aWFhaVxsb3QgNFwxOTU4NzUzOH5TSUR+QjczMn5TMH5JMjZ+Ulc4MDB+SDYwMH5USDAuanBn',42,'','\0',720,540),(47,'aHR0cHM6Ly92aXMuaWFhaS5jb206NDQzL3Jlc2l6ZXI/aW1hZ2VLZXlzPTE5NTg3NTM4flNJRH5CNzMyflMwfkkyOX5SVzgwMH5INjAwflRIMCZ3aWR0aD03NjgmaGVpZ2h0PTU3Ng==','aWFhaVxsb3QgNFwxOTU4NzUzOH5TSUR+QjczMn5TMH5JMjl+Ulc4MDB+SDYwMH5USDAuanBn',42,'','\0',720,540),(48,'aHR0cHM6Ly92aXMuaWFhaS5jb206NDQzL3Jlc2l6ZXI/aW1hZ2VLZXlzPTE5NTI4NTM3flNJRH5CNjcxflMwfkkxflJXNjQwfkgzNjB+VEgwJndpZHRoPTc2OCZoZWlnaHQ9NTc2','aWFhaVxsb3QgNVwxOTUyODUzN35TSUR+QjY3MX5TMH5JMX5SVzY0MH5IMzYwflRIMC5qcGc=',43,'','\0',720,540),(49,'aHR0cHM6Ly92aXMuaWFhaS5jb206NDQzL3Jlc2l6ZXI/aW1hZ2VLZXlzPTE5NTI4NTM3flNJRH5CNjcxflMwfkkyflJXNjQwfkgzNjB+VEgwJndpZHRoPTc2OCZoZWlnaHQ9NTc2','aWFhaVxsb3QgNVwxOTUyODUzN35TSUR+QjY3MX5TMH5JMn5SVzY0MH5IMzYwflRIMC5qcGc=',43,'','\0',720,540),(50,'aHR0cHM6Ly92aXMuaWFhaS5jb206NDQzL3Jlc2l6ZXI/aW1hZ2VLZXlzPTE5NTI4NTM3flNJRH5CNjcxflMwfkkzflJXNjQwfkgzNjB+VEgwJndpZHRoPTc2OCZoZWlnaHQ9NTc2','aWFhaVxsb3QgNVwxOTUyODUzN35TSUR+QjY3MX5TMH5JM35SVzY0MH5IMzYwflRIMC5qcGc=',43,'','\0',720,540),(51,'aHR0cHM6Ly92aXMuaWFhaS5jb206NDQzL3Jlc2l6ZXI/aW1hZ2VLZXlzPTE5NTI4NTM3flNJRH5CNjcxflMwfkk0flJXNjQwfkgzNjB+VEgwJndpZHRoPTc2OCZoZWlnaHQ9NTc2','aWFhaVxsb3QgNVwxOTUyODUzN35TSUR+QjY3MX5TMH5JNH5SVzY0MH5IMzYwflRIMC5qcGc=',43,'','\0',720,540),(52,'aHR0cHM6Ly92aXMuaWFhaS5jb206NDQzL3Jlc2l6ZXI/aW1hZ2VLZXlzPTE5NTI4NTM3flNJRH5CNjcxflMwfkk1flJXNjQwfkgzNjB+VEgwJndpZHRoPTc2OCZoZWlnaHQ9NTc2','aWFhaVxsb3QgNVwxOTUyODUzN35TSUR+QjY3MX5TMH5JNX5SVzY0MH5IMzYwflRIMC5qcGc=',43,'','\0',720,540),(53,'aHR0cHM6Ly92aXMuaWFhaS5jb206NDQzL3Jlc2l6ZXI/aW1hZ2VLZXlzPTE5NTI4NTM3flNJRH5CNjcxflMwfkk2flJXNjQwfkgzNjB+VEgwJndpZHRoPTc2OCZoZWlnaHQ9NTc2','aWFhaVxsb3QgNVwxOTUyODUzN35TSUR+QjY3MX5TMH5JNn5SVzY0MH5IMzYwflRIMC5qcGc=',43,'','\0',720,540),(54,'aHR0cHM6Ly92aXMuaWFhaS5jb206NDQzL3Jlc2l6ZXI/aW1hZ2VLZXlzPTE5NjEwNDQxflNJRH5CNzQyflMwfkkxflJXMTI4MH5IOTYwflRIMCZ3aWR0aD0maGVpZ2h0PQ==','aWFhaVxsb3QgMVwxOTYxMDQ0MX5TSUR+Qjc0Mn5TMH5JMX5SVzEyODB+SDk2MH5USDAuanBn',45,'','\0',0,0),(55,'aHR0cHM6Ly92aXMuaWFhaS5jb206NDQzL3Jlc2l6ZXI/aW1hZ2VLZXlzPTE5NjEwNDQxflNJRH5CNzQyflMwfkkyflJXMTI4MH5IOTYwflRIMCZ3aWR0aD0maGVpZ2h0PQ==','aWFhaVxsb3QgMVwxOTYxMDQ0MX5TSUR+Qjc0Mn5TMH5JMn5SVzEyODB+SDk2MH5USDAuanBn',45,'','\0',0,0),(56,'aHR0cHM6Ly92aXMuaWFhaS5jb206NDQzL3Jlc2l6ZXI/aW1hZ2VLZXlzPTE5NjEwNDQxflNJRH5CNzQyflMwfkkzflJXMTI4MH5IOTYwflRIMCZ3aWR0aD0maGVpZ2h0PQ==','aWFhaVxsb3QgMVwxOTYxMDQ0MX5TSUR+Qjc0Mn5TMH5JM35SVzEyODB+SDk2MH5USDAuanBn',45,'','\0',0,0),(57,'aHR0cHM6Ly92aXMuaWFhaS5jb206NDQzL3Jlc2l6ZXI/aW1hZ2VLZXlzPTE5NjEwNDQxflNJRH5CNzQyflMwfkk0flJXMTI4MH5IOTYwflRIMCZ3aWR0aD0maGVpZ2h0PQ==','aWFhaVxsb3QgMVwxOTYxMDQ0MX5TSUR+Qjc0Mn5TMH5JNH5SVzEyODB+SDk2MH5USDAuanBn',45,'','\0',0,0),(58,'aHR0cHM6Ly92aXMuaWFhaS5jb206NDQzL3Jlc2l6ZXI/aW1hZ2VLZXlzPTE5NjEwNDQxflNJRH5CNzQyflMwfkk1flJXMTI4MH5IOTYwflRIMCZ3aWR0aD0maGVpZ2h0PQ==','aWFhaVxsb3QgMVwxOTYxMDQ0MX5TSUR+Qjc0Mn5TMH5JNX5SVzEyODB+SDk2MH5USDAuanBn',45,'','\0',0,0),(59,'aHR0cHM6Ly92aXMuaWFhaS5jb206NDQzL3Jlc2l6ZXI/aW1hZ2VLZXlzPTE5NjEwNDQxflNJRH5CNzQyflMwfkk2flJXMTI4MH5IOTYwflRIMCZ3aWR0aD0maGVpZ2h0PQ==','aWFhaVxsb3QgMVwxOTYxMDQ0MX5TSUR+Qjc0Mn5TMH5JNn5SVzEyODB+SDk2MH5USDAuanBn',45,'','\0',0,0),(60,'aHR0cHM6Ly92aXMuaWFhaS5jb206NDQzL3Jlc2l6ZXI/aW1hZ2VLZXlzPTE5NjEwNDQxflNJRH5CNzQyflMwfkk3flJXMTI4MH5IOTYwflRIMCZ3aWR0aD0maGVpZ2h0PQ==','aWFhaVxsb3QgMVwxOTYxMDQ0MX5TSUR+Qjc0Mn5TMH5JN35SVzEyODB+SDk2MH5USDAuanBn',45,'','\0',0,0),(61,'aHR0cHM6Ly92aXMuaWFhaS5jb206NDQzL3Jlc2l6ZXI/aW1hZ2VLZXlzPTE5NjEwNDQxflNJRH5CNzQyflMwfkk4flJXMTI4MH5IOTYwflRIMCZ3aWR0aD0maGVpZ2h0PQ==','aWFhaVxsb3QgMVwxOTYxMDQ0MX5TSUR+Qjc0Mn5TMH5JOH5SVzEyODB+SDk2MH5USDAuanBn',45,'','\0',0,0),(62,'aHR0cHM6Ly92aXMuaWFhaS5jb206NDQzL3Jlc2l6ZXI/aW1hZ2VLZXlzPTE5NjEwNDQxflNJRH5CNzQyflMwfkk5flJXMTI4MH5IOTYwflRIMCZ3aWR0aD0maGVpZ2h0PQ==','aWFhaVxsb3QgMVwxOTYxMDQ0MX5TSUR+Qjc0Mn5TMH5JOX5SVzEyODB+SDk2MH5USDAuanBn',45,'','\0',0,0),(63,'aHR0cHM6Ly92aXMuaWFhaS5jb206NDQzL3Jlc2l6ZXI/aW1hZ2VLZXlzPTE5NjEwNDQxflNJRH5CNzQyflMwfkkxMH5SVzEyODB+SDk2MH5USDAmd2lkdGg9JmhlaWdodD0=','aWFhaVxsb3QgMVwxOTYxMDQ0MX5TSUR+Qjc0Mn5TMH5JMTB+UlcxMjgwfkg5NjB+VEgwLmpwZw==',45,'','\0',0,0),(64,'aHR0cHM6Ly92aXMuaWFhaS5jb206NDQzL3Jlc2l6ZXI/aW1hZ2VLZXlzPTE5NjEwNDQxflNJRH5CNzQyflMwfkkxflJXMTI4MH5IOTYwflRIMCZ3aWR0aD03OTkmaGVpZ2h0PTU5OQ==','aWFhaVxsb3QgMVwxOTYxMDQ0MX5TSUR+Qjc0Mn5TMH5JMX5SVzEyODB+SDk2MH5USDAuanBn',46,'','\0',720,540),(65,'aHR0cHM6Ly92aXMuaWFhaS5jb206NDQzL3Jlc2l6ZXI/aW1hZ2VLZXlzPTE5NjEwNDQxflNJRH5CNzQyflMwfkkzflJXMTI4MH5IOTYwflRIMCZ3aWR0aD03OTkmaGVpZ2h0PTU5OQ==','aWFhaVxsb3QgMVwxOTYxMDQ0MX5TSUR+Qjc0Mn5TMH5JM35SVzEyODB+SDk2MH5USDAuanBn',46,'','\0',720,540),(66,'aHR0cHM6Ly92aXMuaWFhaS5jb206NDQzL3Jlc2l6ZXI/aW1hZ2VLZXlzPTE5NjEwNDQxflNJRH5CNzQyflMwfkk0flJXMTI4MH5IOTYwflRIMCZ3aWR0aD03OTkmaGVpZ2h0PTU5OQ==','aWFhaVxsb3QgMVwxOTYxMDQ0MX5TSUR+Qjc0Mn5TMH5JNH5SVzEyODB+SDk2MH5USDAuanBn',46,'','\0',720,540),(67,'aHR0cHM6Ly92aXMuaWFhaS5jb206NDQzL3Jlc2l6ZXI/aW1hZ2VLZXlzPTE5NjEwNDQxflNJRH5CNzQyflMwfkk1flJXMTI4MH5IOTYwflRIMCZ3aWR0aD03OTkmaGVpZ2h0PTU5OQ==','aWFhaVxsb3QgMVwxOTYxMDQ0MX5TSUR+Qjc0Mn5TMH5JNX5SVzEyODB+SDk2MH5USDAuanBn',46,'','\0',720,540),(68,'aHR0cHM6Ly92aXMuaWFhaS5jb206NDQzL3Jlc2l6ZXI/aW1hZ2VLZXlzPTE5NjEwNDQxflNJRH5CNzQyflMwfkk2flJXMTI4MH5IOTYwflRIMCZ3aWR0aD03OTkmaGVpZ2h0PTU5OQ==','aWFhaVxsb3QgMVwxOTYxMDQ0MX5TSUR+Qjc0Mn5TMH5JNn5SVzEyODB+SDk2MH5USDAuanBn',46,'','\0',720,540),(69,'aHR0cHM6Ly92aXMuaWFhaS5jb206NDQzL3Jlc2l6ZXI/aW1hZ2VLZXlzPTE5NjEwNDQxflNJRH5CNzQyflMwfkkyflJXMTI4MH5IOTYwflRIMCZ3aWR0aD03OTkmaGVpZ2h0PTU5OQ==','aWFhaVxsb3QgMVwxOTYxMDQ0MX5TSUR+Qjc0Mn5TMH5JMn5SVzEyODB+SDk2MH5USDAuanBn',47,'','\0',720,540),(70,'aHR0cHM6Ly92aXMuaWFhaS5jb206NDQzL3Jlc2l6ZXI/aW1hZ2VLZXlzPTE5NjEwNDQxflNJRH5CNzQyflMwfkk3flJXMTI4MH5IOTYwflRIMCZ3aWR0aD03OTkmaGVpZ2h0PTU5OQ==','aWFhaVxsb3QgMVwxOTYxMDQ0MX5TSUR+Qjc0Mn5TMH5JN35SVzEyODB+SDk2MH5USDAuanBn',47,'','\0',720,540),(71,'aHR0cHM6Ly92aXMuaWFhaS5jb206NDQzL3Jlc2l6ZXI/aW1hZ2VLZXlzPTE5NjEwNDQxflNJRH5CNzQyflMwfkk4flJXMTI4MH5IOTYwflRIMCZ3aWR0aD03OTkmaGVpZ2h0PTU5OQ==','aWFhaVxsb3QgMVwxOTYxMDQ0MX5TSUR+Qjc0Mn5TMH5JOH5SVzEyODB+SDk2MH5USDAuanBn',47,'','\0',720,540),(72,'aHR0cHM6Ly92aXMuaWFhaS5jb206NDQzL3Jlc2l6ZXI/aW1hZ2VLZXlzPTE5NjEwNDQxflNJRH5CNzQyflMwfkk5flJXMTI4MH5IOTYwflRIMCZ3aWR0aD03OTkmaGVpZ2h0PTU5OQ==','aWFhaVxsb3QgMVwxOTYxMDQ0MX5TSUR+Qjc0Mn5TMH5JOX5SVzEyODB+SDk2MH5USDAuanBn',47,'','\0',720,540),(73,'aHR0cHM6Ly92aXMuaWFhaS5jb206NDQzL3Jlc2l6ZXI/aW1hZ2VLZXlzPTE5NjEwNDQxflNJRH5CNzQyflMwfkkxMH5SVzEyODB+SDk2MH5USDAmd2lkdGg9Nzk5JmhlaWdodD01OTk=','aWFhaVxsb3QgMVwxOTYxMDQ0MX5TSUR+Qjc0Mn5TMH5JMTB+UlcxMjgwfkg5NjB+VEgwLmpwZw==',47,'','\0',720,540),(74,'aHR0cHM6Ly92aXMuaWFhaS5jb206NDQzL3Jlc2l6ZXI/aW1hZ2VLZXlzPTE5MTYxMzUxflNJRH5CNzIzflMwfkkxflJXMTI4MH5IOTYwflRIMCZ3aWR0aD03OTkmaGVpZ2h0PTU5OQ==','aWFhaVxsb3QgMlwxOTE2MTM1MX5TSUR+QjcyM35TMH5JMX5SVzEyODB+SDk2MH5USDAuanBn',48,'','\0',720,540),(75,'aHR0cHM6Ly92aXMuaWFhaS5jb206NDQzL3Jlc2l6ZXI/aW1hZ2VLZXlzPTE5MTYxMzUxflNJRH5CNzIzflMwfkkyflJXMTI4MH5IOTYwflRIMCZ3aWR0aD03OTkmaGVpZ2h0PTU5OQ==','aWFhaVxsb3QgMlwxOTE2MTM1MX5TSUR+QjcyM35TMH5JMn5SVzEyODB+SDk2MH5USDAuanBn',48,'','\0',720,540),(76,'aHR0cHM6Ly92aXMuaWFhaS5jb206NDQzL3Jlc2l6ZXI/aW1hZ2VLZXlzPTE5MTYxMzUxflNJRH5CNzIzflMwfkkzflJXMTI4MH5IOTYwflRIMCZ3aWR0aD03OTkmaGVpZ2h0PTU5OQ==','aWFhaVxsb3QgMlwxOTE2MTM1MX5TSUR+QjcyM35TMH5JM35SVzEyODB+SDk2MH5USDAuanBn',48,'','\0',720,540),(77,'aHR0cHM6Ly92aXMuaWFhaS5jb206NDQzL3Jlc2l6ZXI/aW1hZ2VLZXlzPTE5MTYxMzUxflNJRH5CNzIzflMwfkk0flJXMTI4MH5IOTYwflRIMCZ3aWR0aD03OTkmaGVpZ2h0PTU5OQ==','aWFhaVxsb3QgMlwxOTE2MTM1MX5TSUR+QjcyM35TMH5JNH5SVzEyODB+SDk2MH5USDAuanBn',48,'','\0',720,540),(78,'aHR0cHM6Ly92aXMuaWFhaS5jb206NDQzL3Jlc2l6ZXI/aW1hZ2VLZXlzPTE5MTYxMzUxflNJRH5CNzIzflMwfkk1flJXMTI4MH5IOTYwflRIMCZ3aWR0aD03OTkmaGVpZ2h0PTU5OQ==','aWFhaVxsb3QgMlwxOTE2MTM1MX5TSUR+QjcyM35TMH5JNX5SVzEyODB+SDk2MH5USDAuanBn',48,'','\0',720,540),(79,'aHR0cHM6Ly92aXMuaWFhaS5jb206NDQzL3Jlc2l6ZXI/aW1hZ2VLZXlzPTE5MTYxMzUxflNJRH5CNzIzflMwfkk2flJXMTI4MH5IOTYwflRIMCZ3aWR0aD03OTkmaGVpZ2h0PTU5OQ==','aWFhaVxsb3QgMlwxOTE2MTM1MX5TSUR+QjcyM35TMH5JNn5SVzEyODB+SDk2MH5USDAuanBn',48,'','\0',720,540),(80,'aHR0cHM6Ly92aXMuaWFhaS5jb206NDQzL3Jlc2l6ZXI/aW1hZ2VLZXlzPTE5MTYxMzUxflNJRH5CNzIzflMwfkk3flJXNjQwfkg0ODB+VEgwJndpZHRoPTc5OSZoZWlnaHQ9NTk5','aWFhaVxsb3QgMlwxOTE2MTM1MX5TSUR+QjcyM35TMH5JN35SVzY0MH5INDgwflRIMC5qcGc=',48,'','\0',720,540),(81,'aHR0cHM6Ly92aXMuaWFhaS5jb206NDQzL3Jlc2l6ZXI/aW1hZ2VLZXlzPTE5MTYxMzUxflNJRH5CNzIzflMwfkk4flJXMTI4MH5IOTYwflRIMCZ3aWR0aD03OTkmaGVpZ2h0PTU5OQ==','aWFhaVxsb3QgMlwxOTE2MTM1MX5TSUR+QjcyM35TMH5JOH5SVzEyODB+SDk2MH5USDAuanBn',48,'','\0',720,540),(82,'aHR0cHM6Ly92aXMuaWFhaS5jb206NDQzL3Jlc2l6ZXI/aW1hZ2VLZXlzPTE5MTYxMzUxflNJRH5CNzIzflMwfkk5flJXMTI4MH5IOTYwflRIMCZ3aWR0aD03OTkmaGVpZ2h0PTU5OQ==','aWFhaVxsb3QgMlwxOTE2MTM1MX5TSUR+QjcyM35TMH5JOX5SVzEyODB+SDk2MH5USDAuanBn',48,'','\0',720,540),(83,'aHR0cHM6Ly92aXMuaWFhaS5jb206NDQzL3Jlc2l6ZXI/aW1hZ2VLZXlzPTE5MTYxMzUxflNJRH5CNzIzflMwfkkxMH5SVzEyODB+SDk2MH5USDAmd2lkdGg9Nzk5JmhlaWdodD01OTk=','aWFhaVxsb3QgMlwxOTE2MTM1MX5TSUR+QjcyM35TMH5JMTB+UlcxMjgwfkg5NjB+VEgwLmpwZw==',48,'','\0',720,540),(84,'aHR0cHM6Ly92aXMuaWFhaS5jb206NDQzL3Jlc2l6ZXI/aW1hZ2VLZXlzPTE5MTA5Nzc0flNJRH5CNjM2flMwfkkxflJXMTI4MH5IOTYwflRIMCZ3aWR0aD03OTkmaGVpZ2h0PTU5OQ==','aWFhaVxsb3QgM1wxOTEwOTc3NH5TSUR+QjYzNn5TMH5JMX5SVzEyODB+SDk2MH5USDAuanBn',49,'','\0',720,540),(85,'aHR0cHM6Ly92aXMuaWFhaS5jb206NDQzL3Jlc2l6ZXI/aW1hZ2VLZXlzPTE5MTA5Nzc0flNJRH5CNjM2flMwfkkyflJXMTI4MH5IOTYwflRIMCZ3aWR0aD03OTkmaGVpZ2h0PTU5OQ==','aWFhaVxsb3QgM1wxOTEwOTc3NH5TSUR+QjYzNn5TMH5JMn5SVzEyODB+SDk2MH5USDAuanBn',49,'','\0',720,540),(86,'aHR0cHM6Ly92aXMuaWFhaS5jb206NDQzL3Jlc2l6ZXI/aW1hZ2VLZXlzPTE5MTA5Nzc0flNJRH5CNjM2flMwfkkzflJXMTI4MH5IOTYwflRIMCZ3aWR0aD03OTkmaGVpZ2h0PTU5OQ==','aWFhaVxsb3QgM1wxOTEwOTc3NH5TSUR+QjYzNn5TMH5JM35SVzEyODB+SDk2MH5USDAuanBn',49,'','\0',720,540),(87,'aHR0cHM6Ly92aXMuaWFhaS5jb206NDQzL3Jlc2l6ZXI/aW1hZ2VLZXlzPTE5MTA5Nzc0flNJRH5CNjM2flMwfkk0flJXMTI4MH5IOTYwflRIMCZ3aWR0aD03OTkmaGVpZ2h0PTU5OQ==','aWFhaVxsb3QgM1wxOTEwOTc3NH5TSUR+QjYzNn5TMH5JNH5SVzEyODB+SDk2MH5USDAuanBn',49,'','\0',720,540),(88,'aHR0cHM6Ly92aXMuaWFhaS5jb206NDQzL3Jlc2l6ZXI/aW1hZ2VLZXlzPTE5MTA5Nzc0flNJRH5CNjM2flMwfkk1flJXMTI4MH5IOTYwflRIMCZ3aWR0aD03OTkmaGVpZ2h0PTU5OQ==','aWFhaVxsb3QgM1wxOTEwOTc3NH5TSUR+QjYzNn5TMH5JNX5SVzEyODB+SDk2MH5USDAuanBn',49,'','\0',720,540),(89,'aHR0cHM6Ly92aXMuaWFhaS5jb206NDQzL3Jlc2l6ZXI/aW1hZ2VLZXlzPTE5MTA5Nzc0flNJRH5CNjM2flMwfkk2flJXMTI4MH5IOTYwflRIMCZ3aWR0aD03OTkmaGVpZ2h0PTU5OQ==','aWFhaVxsb3QgM1wxOTEwOTc3NH5TSUR+QjYzNn5TMH5JNn5SVzEyODB+SDk2MH5USDAuanBn',49,'','\0',720,540),(90,'aHR0cHM6Ly92aXMuaWFhaS5jb206NDQzL3Jlc2l6ZXI/aW1hZ2VLZXlzPTE5MTA5Nzc0flNJRH5CNjM2flMwfkk3flJXMTI4MH5IOTYwflRIMCZ3aWR0aD03OTkmaGVpZ2h0PTU5OQ==','aWFhaVxsb3QgM1wxOTEwOTc3NH5TSUR+QjYzNn5TMH5JN35SVzEyODB+SDk2MH5USDAuanBn',49,'','\0',720,540),(91,'aHR0cHM6Ly92aXMuaWFhaS5jb206NDQzL3Jlc2l6ZXI/aW1hZ2VLZXlzPTE5MTA5Nzc0flNJRH5CNjM2flMwfkk4flJXMTI4MH5IOTYwflRIMCZ3aWR0aD03OTkmaGVpZ2h0PTU5OQ==','aWFhaVxsb3QgM1wxOTEwOTc3NH5TSUR+QjYzNn5TMH5JOH5SVzEyODB+SDk2MH5USDAuanBn',49,'','\0',720,540),(92,'aHR0cHM6Ly92aXMuaWFhaS5jb206NDQzL3Jlc2l6ZXI/aW1hZ2VLZXlzPTE5MTA5Nzc0flNJRH5CNjM2flMwfkk5flJXMTI4MH5IOTYwflRIMCZ3aWR0aD03OTkmaGVpZ2h0PTU5OQ==','aWFhaVxsb3QgM1wxOTEwOTc3NH5TSUR+QjYzNn5TMH5JOX5SVzEyODB+SDk2MH5USDAuanBn',49,'','\0',720,540),(93,'aHR0cHM6Ly92aXMuaWFhaS5jb206NDQzL3Jlc2l6ZXI/aW1hZ2VLZXlzPTE5MTA5Nzc0flNJRH5CNjM2flMwfkkxMH5SVzEyODB+SDk2MH5USDAmd2lkdGg9Nzk5JmhlaWdodD01OTk=','aWFhaVxsb3QgM1wxOTEwOTc3NH5TSUR+QjYzNn5TMH5JMTB+UlcxMjgwfkg5NjB+VEgwLmpwZw==',49,'','\0',720,540),(94,'aHR0cHM6Ly92aXMuaWFhaS5jb206NDQzL3Jlc2l6ZXI/aW1hZ2VLZXlzPTE5NTg3NTM4flNJRH5CNzMyflMxfkkxflJXMTI4MH5IOTYwflRIMCZ3aWR0aD03OTkmaGVpZ2h0PTU5OQ==','aWFhaVxsb3QgNFwxOTU4NzUzOH5TSUR+QjczMn5TMX5JMX5SVzEyODB+SDk2MH5USDAuanBn',50,'','\0',720,540),(95,'aHR0cHM6Ly92aXMuaWFhaS5jb206NDQzL3Jlc2l6ZXI/aW1hZ2VLZXlzPTE5NTg3NTM4flNJRH5CNzMyflMxfkkyflJXMTI4MH5IOTYwflRIMCZ3aWR0aD03OTkmaGVpZ2h0PTU5OQ==','aWFhaVxsb3QgNFwxOTU4NzUzOH5TSUR+QjczMn5TMX5JMn5SVzEyODB+SDk2MH5USDAuanBn',50,'','\0',720,540),(96,'aHR0cHM6Ly92aXMuaWFhaS5jb206NDQzL3Jlc2l6ZXI/aW1hZ2VLZXlzPTE5NTg3NTM4flNJRH5CNzMyflMxfkkzflJXMTI4MH5IOTYwflRIMCZ3aWR0aD03OTkmaGVpZ2h0PTU5OQ==','aWFhaVxsb3QgNFwxOTU4NzUzOH5TSUR+QjczMn5TMX5JM35SVzEyODB+SDk2MH5USDAuanBn',50,'','\0',720,540),(97,'aHR0cHM6Ly92aXMuaWFhaS5jb206NDQzL3Jlc2l6ZXI/aW1hZ2VLZXlzPTE5NTg3NTM4flNJRH5CNzMyflMxfkk0flJXMTI4MH5IOTYwflRIMCZ3aWR0aD03OTkmaGVpZ2h0PTU5OQ==','aWFhaVxsb3QgNFwxOTU4NzUzOH5TSUR+QjczMn5TMX5JNH5SVzEyODB+SDk2MH5USDAuanBn',50,'','\0',720,540),(98,'aHR0cHM6Ly92aXMuaWFhaS5jb206NDQzL3Jlc2l6ZXI/aW1hZ2VLZXlzPTE5NTg3NTM4flNJRH5CNzMyflMxfkk1flJXMTI4MH5IOTYwflRIMCZ3aWR0aD03OTkmaGVpZ2h0PTU5OQ==','aWFhaVxsb3QgNFwxOTU4NzUzOH5TSUR+QjczMn5TMX5JNX5SVzEyODB+SDk2MH5USDAuanBn',50,'','\0',720,540),(99,'aHR0cHM6Ly92aXMuaWFhaS5jb206NDQzL3Jlc2l6ZXI/aW1hZ2VLZXlzPTE5NTg3NTM4flNJRH5CNzMyflMxfkk2flJXMTI4MH5IOTYwflRIMCZ3aWR0aD03OTkmaGVpZ2h0PTU5OQ==','aWFhaVxsb3QgNFwxOTU4NzUzOH5TSUR+QjczMn5TMX5JNn5SVzEyODB+SDk2MH5USDAuanBn',50,'','\0',720,540),(100,'aHR0cHM6Ly92aXMuaWFhaS5jb206NDQzL3Jlc2l6ZXI/aW1hZ2VLZXlzPTE5NTg3NTM4flNJRH5CNzMyflMxfkk4flJXMTI4MH5IOTYwflRIMCZ3aWR0aD03OTkmaGVpZ2h0PTU5OQ==','aWFhaVxsb3QgNFwxOTU4NzUzOH5TSUR+QjczMn5TMX5JOH5SVzEyODB+SDk2MH5USDAuanBn',50,'','\0',720,540),(101,'aHR0cHM6Ly92aXMuaWFhaS5jb206NDQzL3Jlc2l6ZXI/aW1hZ2VLZXlzPTE5NTg3NTM4flNJRH5CNzMyflMxfkk5flJXMTI4MH5IOTYwflRIMCZ3aWR0aD03OTkmaGVpZ2h0PTU5OQ==','aWFhaVxsb3QgNFwxOTU4NzUzOH5TSUR+QjczMn5TMX5JOX5SVzEyODB+SDk2MH5USDAuanBn',50,'','\0',720,540),(102,'aHR0cHM6Ly92aXMuaWFhaS5jb206NDQzL3Jlc2l6ZXI/aW1hZ2VLZXlzPTE5NTg3NTM4flNJRH5CNzMyflMxfkkxMH5SVzEyODB+SDk2MH5USDAmd2lkdGg9Nzk5JmhlaWdodD01OTk=','aWFhaVxsb3QgNFwxOTU4NzUzOH5TSUR+QjczMn5TMX5JMTB+UlcxMjgwfkg5NjB+VEgwLmpwZw==',50,'','\0',720,540),(103,'aHR0cHM6Ly92aXMuaWFhaS5jb206NDQzL3Jlc2l6ZXI/aW1hZ2VLZXlzPTE5NTg3NTM4flNJRH5CNzMyflMwfkkxMX5SVzgwMH5INjAwflRIMCZ3aWR0aD03OTkmaGVpZ2h0PTU5OQ==','aWFhaVxsb3QgNFwxOTU4NzUzOH5TSUR+QjczMn5TMH5JMTF+Ulc4MDB+SDYwMH5USDAuanBn',50,'','\0',720,540),(104,'aHR0cHM6Ly92aXMuaWFhaS5jb206NDQzL3Jlc2l6ZXI/aW1hZ2VLZXlzPTE5NTg3NTM4flNJRH5CNzMyflMwfkkxNH5SVzgwMH5INjAwflRIMCZ3aWR0aD03OTkmaGVpZ2h0PTU5OQ==','aWFhaVxsb3QgNFwxOTU4NzUzOH5TSUR+QjczMn5TMH5JMTR+Ulc4MDB+SDYwMH5USDAuanBn',50,'','\0',720,540),(105,'aHR0cHM6Ly92aXMuaWFhaS5jb206NDQzL3Jlc2l6ZXI/aW1hZ2VLZXlzPTE5NTg3NTM4flNJRH5CNzMyflMwfkkxN35SVzgwMH5INjAwflRIMCZ3aWR0aD03OTkmaGVpZ2h0PTU5OQ==','aWFhaVxsb3QgNFwxOTU4NzUzOH5TSUR+QjczMn5TMH5JMTd+Ulc4MDB+SDYwMH5USDAuanBn',50,'','\0',720,540),(106,'aHR0cHM6Ly92aXMuaWFhaS5jb206NDQzL3Jlc2l6ZXI/aW1hZ2VLZXlzPTE5NTg3NTM4flNJRH5CNzMyflMwfkkyMH5SVzgwMH5INjAwflRIMCZ3aWR0aD03OTkmaGVpZ2h0PTU5OQ==','aWFhaVxsb3QgNFwxOTU4NzUzOH5TSUR+QjczMn5TMH5JMjB+Ulc4MDB+SDYwMH5USDAuanBn',50,'','\0',720,540),(107,'aHR0cHM6Ly92aXMuaWFhaS5jb206NDQzL3Jlc2l6ZXI/aW1hZ2VLZXlzPTE5NTg3NTM4flNJRH5CNzMyflMwfkkyM35SVzgwMH5INjAwflRIMCZ3aWR0aD03OTkmaGVpZ2h0PTU5OQ==','aWFhaVxsb3QgNFwxOTU4NzUzOH5TSUR+QjczMn5TMH5JMjN+Ulc4MDB+SDYwMH5USDAuanBn',50,'','\0',720,540),(108,'aHR0cHM6Ly92aXMuaWFhaS5jb206NDQzL3Jlc2l6ZXI/aW1hZ2VLZXlzPTE5NTg3NTM4flNJRH5CNzMyflMwfkkyNn5SVzgwMH5INjAwflRIMCZ3aWR0aD03OTkmaGVpZ2h0PTU5OQ==','aWFhaVxsb3QgNFwxOTU4NzUzOH5TSUR+QjczMn5TMH5JMjZ+Ulc4MDB+SDYwMH5USDAuanBn',50,'','\0',720,540),(109,'aHR0cHM6Ly92aXMuaWFhaS5jb206NDQzL3Jlc2l6ZXI/aW1hZ2VLZXlzPTE5NTg3NTM4flNJRH5CNzMyflMxfkk3flJXMTI4MH5IOTYwflRIMCZ3aWR0aD03OTkmaGVpZ2h0PTU5OQ==','aWFhaVxsb3QgNFwxOTU4NzUzOH5TSUR+QjczMn5TMX5JN35SVzEyODB+SDk2MH5USDAuanBn',50,'','\0',720,540),(110,'aHR0cHM6Ly92aXMuaWFhaS5jb206NDQzL3Jlc2l6ZXI/aW1hZ2VLZXlzPTE5NTg3NTM4flNJRH5CNzMyflMwfkkyOX5SVzgwMH5INjAwflRIMCZ3aWR0aD03OTkmaGVpZ2h0PTU5OQ==','aWFhaVxsb3QgNFwxOTU4NzUzOH5TSUR+QjczMn5TMH5JMjl+Ulc4MDB+SDYwMH5USDAuanBn',50,'','\0',720,540),(111,'aHR0cHM6Ly92aXMuaWFhaS5jb206NDQzL3Jlc2l6ZXI/aW1hZ2VLZXlzPTE5NTI4NTM3flNJRH5CNjcxflMwfkkyflJXNjQwfkgzNjB+VEgwJndpZHRoPTc5OSZoZWlnaHQ9NTk5','aWFhaVxsb3QgNVwxOTUyODUzN35TSUR+QjY3MX5TMH5JMn5SVzY0MH5IMzYwflRIMC5qcGc=',51,'','\0',720,540),(112,'aHR0cHM6Ly92aXMuaWFhaS5jb206NDQzL3Jlc2l6ZXI/aW1hZ2VLZXlzPTE5NTI4NTM3flNJRH5CNjcxflMwfkkzflJXNjQwfkgzNjB+VEgwJndpZHRoPTc5OSZoZWlnaHQ9NTk5','aWFhaVxsb3QgNVwxOTUyODUzN35TSUR+QjY3MX5TMH5JM35SVzY0MH5IMzYwflRIMC5qcGc=',51,'','\0',720,540),(113,'aHR0cHM6Ly92aXMuaWFhaS5jb206NDQzL3Jlc2l6ZXI/aW1hZ2VLZXlzPTE5NTI4NTM3flNJRH5CNjcxflMwfkk0flJXNjQwfkgzNjB+VEgwJndpZHRoPTc5OSZoZWlnaHQ9NTk5','aWFhaVxsb3QgNVwxOTUyODUzN35TSUR+QjY3MX5TMH5JNH5SVzY0MH5IMzYwflRIMC5qcGc=',51,'','\0',720,540),(114,'aHR0cHM6Ly92aXMuaWFhaS5jb206NDQzL3Jlc2l6ZXI/aW1hZ2VLZXlzPTE5NTI4NTM3flNJRH5CNjcxflMwfkk1flJXNjQwfkgzNjB+VEgwJndpZHRoPTc5OSZoZWlnaHQ9NTk5','aWFhaVxsb3QgNVwxOTUyODUzN35TSUR+QjY3MX5TMH5JNX5SVzY0MH5IMzYwflRIMC5qcGc=',51,'','\0',720,540),(115,'aHR0cHM6Ly92aXMuaWFhaS5jb206NDQzL3Jlc2l6ZXI/aW1hZ2VLZXlzPTE5NTI4NTM3flNJRH5CNjcxflMwfkk2flJXNjQwfkgzNjB+VEgwJndpZHRoPTc5OSZoZWlnaHQ9NTk5','aWFhaVxsb3QgNVwxOTUyODUzN35TSUR+QjY3MX5TMH5JNn5SVzY0MH5IMzYwflRIMC5qcGc=',51,'','\0',720,540),(116,'aHR0cHM6Ly92aXMuaWFhaS5jb206NDQzL3Jlc2l6ZXI/aW1hZ2VLZXlzPTE5NTI4NTM3flNJRH5CNjcxflMwfkk3flJXNjQwfkgzNjB+VEgwJndpZHRoPTc5OSZoZWlnaHQ9NTk5','aWFhaVxsb3QgNVwxOTUyODUzN35TSUR+QjY3MX5TMH5JN35SVzY0MH5IMzYwflRIMC5qcGc=',51,'','\0',720,540),(117,'aHR0cHM6Ly92aXMuaWFhaS5jb206NDQzL3Jlc2l6ZXI/aW1hZ2VLZXlzPTE5NTI4NTM3flNJRH5CNjcxflMwfkk4flJXNjQwfkgzNjB+VEgwJndpZHRoPTc5OSZoZWlnaHQ9NTk5','aWFhaVxsb3QgNVwxOTUyODUzN35TSUR+QjY3MX5TMH5JOH5SVzY0MH5IMzYwflRIMC5qcGc=',51,'','\0',720,540),(118,'aHR0cHM6Ly92aXMuaWFhaS5jb206NDQzL3Jlc2l6ZXI/aW1hZ2VLZXlzPTE5NTI4NTM3flNJRH5CNjcxflMwfkk5flJXNjQwfkgzNjB+VEgwJndpZHRoPTc5OSZoZWlnaHQ9NTk5','aWFhaVxsb3QgNVwxOTUyODUzN35TSUR+QjY3MX5TMH5JOX5SVzY0MH5IMzYwflRIMC5qcGc=',51,'','\0',720,540),(119,'aHR0cHM6Ly92aXMuaWFhaS5jb206NDQzL3Jlc2l6ZXI/aW1hZ2VLZXlzPTE5NTI4NTM3flNJRH5CNjcxflMwfkkxMH5SVzY0MH5IMzYwflRIMCZ3aWR0aD03OTkmaGVpZ2h0PTU5OQ==','aWFhaVxsb3QgNVwxOTUyODUzN35TSUR+QjY3MX5TMH5JMTB+Ulc2NDB+SDM2MH5USDAuanBn',51,'','\0',720,540),(120,'aHR0cHM6Ly92aXMuaWFhaS5jb206NDQzL3Jlc2l6ZXI/aW1hZ2VLZXlzPTE5NTU2NzUxflNJRH5CNDMyflMxfkkxflJXMTI4MH5IOTYwflRIMCZ3aWR0aD03OTkmaGVpZ2h0PTU5OQ==','aWFhaVxsb3QgN1wxOTU1Njc1MX5TSUR+QjQzMn5TMX5JMX5SVzEyODB+SDk2MH5USDAuanBn',57,'','\0',720,540),(121,'aHR0cHM6Ly92aXMuaWFhaS5jb206NDQzL3Jlc2l6ZXI/aW1hZ2VLZXlzPTE5NTU2NzUxflNJRH5CNDMyflMwfkkyflJXMTI4MH5IOTYwflRIMCZ3aWR0aD03OTkmaGVpZ2h0PTU5OQ==','aWFhaVxsb3QgN1wxOTU1Njc1MX5TSUR+QjQzMn5TMH5JMn5SVzEyODB+SDk2MH5USDAuanBn',57,'','\0',720,540),(122,'aHR0cHM6Ly92aXMuaWFhaS5jb206NDQzL3Jlc2l6ZXI/aW1hZ2VLZXlzPTE5NTU2NzUxflNJRH5CNDMyflMxfkkzflJXMTI4MH5IOTYwflRIMCZ3aWR0aD03OTkmaGVpZ2h0PTU5OQ==','aWFhaVxsb3QgN1wxOTU1Njc1MX5TSUR+QjQzMn5TMX5JM35SVzEyODB+SDk2MH5USDAuanBn',57,'','\0',720,540),(123,'aHR0cHM6Ly92aXMuaWFhaS5jb206NDQzL3Jlc2l6ZXI/aW1hZ2VLZXlzPTE5NTU2NzUxflNJRH5CNDMyflMxfkk0flJXMTI4MH5IOTYwflRIMCZ3aWR0aD03OTkmaGVpZ2h0PTU5OQ==','aWFhaVxsb3QgN1wxOTU1Njc1MX5TSUR+QjQzMn5TMX5JNH5SVzEyODB+SDk2MH5USDAuanBn',57,'','\0',720,540),(124,'aHR0cHM6Ly92aXMuaWFhaS5jb206NDQzL3Jlc2l6ZXI/aW1hZ2VLZXlzPTE5NTU2NzUxflNJRH5CNDMyflMxfkk1flJXMTI4MH5IOTYwflRIMCZ3aWR0aD03OTkmaGVpZ2h0PTU5OQ==','aWFhaVxsb3QgN1wxOTU1Njc1MX5TSUR+QjQzMn5TMX5JNX5SVzEyODB+SDk2MH5USDAuanBn',57,'','\0',720,540),(125,'aHR0cHM6Ly92aXMuaWFhaS5jb206NDQzL3Jlc2l6ZXI/aW1hZ2VLZXlzPTE5NTU2NzUxflNJRH5CNDMyflMwfkk2flJXMTI4MH5IOTYwflRIMCZ3aWR0aD03OTkmaGVpZ2h0PTU5OQ==','aWFhaVxsb3QgN1wxOTU1Njc1MX5TSUR+QjQzMn5TMH5JNn5SVzEyODB+SDk2MH5USDAuanBn',57,'','\0',720,540),(126,'aHR0cHM6Ly92aXMuaWFhaS5jb206NDQzL3Jlc2l6ZXI/aW1hZ2VLZXlzPTE5NTU2NzUxflNJRH5CNDMyflMxfkk3flJXMTI4MH5IOTYwflRIMCZ3aWR0aD03OTkmaGVpZ2h0PTU5OQ==','aWFhaVxsb3QgN1wxOTU1Njc1MX5TSUR+QjQzMn5TMX5JN35SVzEyODB+SDk2MH5USDAuanBn',57,'','\0',720,540),(127,'aHR0cHM6Ly92aXMuaWFhaS5jb206NDQzL3Jlc2l6ZXI/aW1hZ2VLZXlzPTE5NTU2NzUxflNJRH5CNDMyflMxfkk4flJXMTI4MH5IOTYwflRIMCZ3aWR0aD03OTkmaGVpZ2h0PTU5OQ==','aWFhaVxsb3QgN1wxOTU1Njc1MX5TSUR+QjQzMn5TMX5JOH5SVzEyODB+SDk2MH5USDAuanBn',57,'','\0',720,540),(128,'aHR0cHM6Ly92aXMuaWFhaS5jb206NDQzL3Jlc2l6ZXI/aW1hZ2VLZXlzPTE5NTU2NzUxflNJRH5CNDMyflMxfkk5flJXMTI4MH5IOTYwflRIMCZ3aWR0aD03OTkmaGVpZ2h0PTU5OQ==','aWFhaVxsb3QgN1wxOTU1Njc1MX5TSUR+QjQzMn5TMX5JOX5SVzEyODB+SDk2MH5USDAuanBn',57,'','\0',720,540),(129,'aHR0cHM6Ly92aXMuaWFhaS5jb206NDQzL3Jlc2l6ZXI/aW1hZ2VLZXlzPTE5NTU2NzUxflNJRH5CNDMyflMxfkkxMH5SVzEyODB+SDk2MH5USDAmd2lkdGg9Nzk5JmhlaWdodD01OTk=','aWFhaVxsb3QgN1wxOTU1Njc1MX5TSUR+QjQzMn5TMX5JMTB+UlcxMjgwfkg5NjB+VEgwLmpwZw==',57,'','\0',720,540),(130,'aHR0cHM6Ly92aXMuaWFhaS5jb206NDQzL3Jlc2l6ZXI/aW1hZ2VLZXlzPTE5NTY2MTU0flNJRH5CNjA5flMwfkkxflJXMTI4MH5IOTYwflRIMCZ3aWR0aD03OTkmaGVpZ2h0PTU5OQ==','aWFhaVxsb3QgOFwxOTU2NjE1NH5TSUR+QjYwOX5TMH5JMX5SVzEyODB+SDk2MH5USDAuanBn',59,'','\0',720,540),(131,'aHR0cHM6Ly92aXMuaWFhaS5jb206NDQzL3Jlc2l6ZXI/aW1hZ2VLZXlzPTE5NTY2MTU0flNJRH5CNjA5flMwfkkyflJXMTI4MH5IOTYwflRIMCZ3aWR0aD03OTkmaGVpZ2h0PTU5OQ==','aWFhaVxsb3QgOFwxOTU2NjE1NH5TSUR+QjYwOX5TMH5JMn5SVzEyODB+SDk2MH5USDAuanBn',59,'','\0',720,540),(132,'aHR0cHM6Ly92aXMuaWFhaS5jb206NDQzL3Jlc2l6ZXI/aW1hZ2VLZXlzPTE5NTY2MTU0flNJRH5CNjA5flMwfkkzflJXMTI4MH5IOTYwflRIMCZ3aWR0aD03OTkmaGVpZ2h0PTU5OQ==','aWFhaVxsb3QgOFwxOTU2NjE1NH5TSUR+QjYwOX5TMH5JM35SVzEyODB+SDk2MH5USDAuanBn',59,'','\0',720,540),(133,'aHR0cHM6Ly92aXMuaWFhaS5jb206NDQzL3Jlc2l6ZXI/aW1hZ2VLZXlzPTE5NTY2MTU0flNJRH5CNjA5flMwfkk0flJXMTI4MH5IOTYwflRIMCZ3aWR0aD03OTkmaGVpZ2h0PTU5OQ==','aWFhaVxsb3QgOFwxOTU2NjE1NH5TSUR+QjYwOX5TMH5JNH5SVzEyODB+SDk2MH5USDAuanBn',59,'','\0',720,540),(134,'aHR0cHM6Ly92aXMuaWFhaS5jb206NDQzL3Jlc2l6ZXI/aW1hZ2VLZXlzPTE5NTY2MTU0flNJRH5CNjA5flMwfkk1flJXMTI4MH5IOTYwflRIMCZ3aWR0aD03OTkmaGVpZ2h0PTU5OQ==','aWFhaVxsb3QgOFwxOTU2NjE1NH5TSUR+QjYwOX5TMH5JNX5SVzEyODB+SDk2MH5USDAuanBn',59,'','\0',720,540),(135,'aHR0cHM6Ly92aXMuaWFhaS5jb206NDQzL3Jlc2l6ZXI/aW1hZ2VLZXlzPTE5NTY2MTU0flNJRH5CNjA5flMwfkk2flJXMTI4MH5IOTYwflRIMCZ3aWR0aD03OTkmaGVpZ2h0PTU5OQ==','aWFhaVxsb3QgOFwxOTU2NjE1NH5TSUR+QjYwOX5TMH5JNn5SVzEyODB+SDk2MH5USDAuanBn',59,'','\0',720,540),(136,'aHR0cHM6Ly92aXMuaWFhaS5jb206NDQzL3Jlc2l6ZXI/aW1hZ2VLZXlzPTE5NTY2MTU0flNJRH5CNjA5flMwfkk3flJXMTI4MH5IOTYwflRIMCZ3aWR0aD03OTkmaGVpZ2h0PTU5OQ==','aWFhaVxsb3QgOFwxOTU2NjE1NH5TSUR+QjYwOX5TMH5JN35SVzEyODB+SDk2MH5USDAuanBn',59,'','\0',720,540),(137,'aHR0cHM6Ly92aXMuaWFhaS5jb206NDQzL3Jlc2l6ZXI/aW1hZ2VLZXlzPTE5NTY2MTU0flNJRH5CNjA5flMwfkk4flJXMTI4MH5IOTYwflRIMCZ3aWR0aD03OTkmaGVpZ2h0PTU5OQ==','aWFhaVxsb3QgOFwxOTU2NjE1NH5TSUR+QjYwOX5TMH5JOH5SVzEyODB+SDk2MH5USDAuanBn',59,'','\0',720,540),(138,'aHR0cHM6Ly92aXMuaWFhaS5jb206NDQzL3Jlc2l6ZXI/aW1hZ2VLZXlzPTE5NTY2MTU0flNJRH5CNjA5flMwfkk5flJXMTI4MH5IOTYwflRIMCZ3aWR0aD03OTkmaGVpZ2h0PTU5OQ==','aWFhaVxsb3QgOFwxOTU2NjE1NH5TSUR+QjYwOX5TMH5JOX5SVzEyODB+SDk2MH5USDAuanBn',59,'','\0',720,540),(139,'aHR0cHM6Ly92aXMuaWFhaS5jb206NDQzL3Jlc2l6ZXI/aW1hZ2VLZXlzPTE5NTY2MTU0flNJRH5CNjA5flMwfkkxMH5SVzEyODB+SDk2MH5USDAmd2lkdGg9Nzk5JmhlaWdodD01OTk=','aWFhaVxsb3QgOFwxOTU2NjE1NH5TSUR+QjYwOX5TMH5JMTB+UlcxMjgwfkg5NjB+VEgwLmpwZw==',59,'','\0',720,540),(140,'aHR0cHM6Ly92aXMuaWFhaS5jb206NDQzL3Jlc2l6ZXI/aW1hZ2VLZXlzPTE5NTI4NTM3flNJRH5CNjcxflMwfkkxflJXNjQwfkgzNjB+VEgwJndpZHRoPTc5OSZoZWlnaHQ9NTk5','aWFhaVxsb3QgNVwxOTUyODUzN35TSUR+QjY3MX5TMH5JMX5SVzY0MH5IMzYwflRIMC5qcGc=',51,'','\0',720,540),(141,'aHR0cHM6Ly9jcy5jb3BhcnQuY29tL3YxL0FVVEhfc3ZjLnBkb2MwMDAwMS9QSVg5LzJkM2JmNTE5LTE2YjUtNDE2MS1iNjJhLThlZmFiZTU1NDBiNy5KUEc=','Y29wYXJ0XDIwMTYtMDgtMDEgMjAwNiBTQUEgOS0zIEJBU0UgMjc1NDk5NTZcMmQzYmY1MTktMTZiNS00MTYxLWI2MmEtOGVmYWJlNTU0MGI3LkpQRw==',1,'','\0',640,480),(142,'aHR0cHM6Ly9jcy5jb3BhcnQuY29tL3YxL0FVVEhfc3ZjLnBkb2MwMDAwMS9QSVg5LzE5Zjk1OTVkLWJlYjItNDhmYi04MDFhLTZiMjQ5NTJiODc3ZS5KUEc=','Y29wYXJ0XDIwMTYtMDgtMDEgMjAwNiBTQUEgOS0zIEJBU0UgMjc1NDk5NTZcMTlmOTU5NWQtYmViMi00OGZiLTgwMWEtNmIyNDk1MmI4NzdlLkpQRw==',1,'','\0',640,480),(143,'aHR0cHM6Ly9jcy5jb3BhcnQuY29tL3YxL0FVVEhfc3ZjLnBkb2MwMDAwMS9QSVg5LzM5ZDc5ODg3LTkzYjUtNDIxNy1iMGQwLTVhMmY5ZTJmYWEyNC5KUEc=','Y29wYXJ0XDIwMTYtMDgtMDEgMjAwNiBTQUEgOS0zIEJBU0UgMjc1NDk5NTZcMzlkNzk4ODctOTNiNS00MjE3LWIwZDAtNWEyZjllMmZhYTI0LkpQRw==',1,'','\0',640,480),(144,'aHR0cHM6Ly9jcy5jb3BhcnQuY29tL3YxL0FVVEhfc3ZjLnBkb2MwMDAwMS9QSVg5Lzc3ZTFiNWFlLTkzNGItNDU3OC04MzIwLWY3N2Q2MGMzMjc3NS5KUEc=','Y29wYXJ0XDIwMTYtMDgtMDEgMjAwNiBTQUEgOS0zIEJBU0UgMjc1NDk5NTZcNzdlMWI1YWUtOTM0Yi00NTc4LTgzMjAtZjc3ZDYwYzMyNzc1LkpQRw==',1,'','\0',640,480),(145,'aHR0cHM6Ly9jcy5jb3BhcnQuY29tL3YxL0FVVEhfc3ZjLnBkb2MwMDAwMS9QSVg5LzM5OGYyZTViLTU3YTUtNDc4YS04ZGVkLWNmNGJkZDlkODExYy5KUEc=','Y29wYXJ0XDIwMTYtMDgtMDEgMjAwNiBTQUEgOS0zIEJBU0UgMjc1NDk5NTZcMzk4ZjJlNWItNTdhNS00NzhhLThkZWQtY2Y0YmRkOWQ4MTFjLkpQRw==',1,'','\0',640,480),(146,'aHR0cHM6Ly9jcy5jb3BhcnQuY29tL3YxL0FVVEhfc3ZjLnBkb2MwMDAwMS9QSVg5LzJmN2Y3ZmUyLTIxODMtNGNiOC1iYzEyLTUwMTc1YTg3ZTVmNy5KUEc=','Y29wYXJ0XDIwMTYtMDgtMDEgMjAwNiBTQUEgOS0zIEJBU0UgMjc1NDk5NTZcMmY3ZjdmZTItMjE4My00Y2I4LWJjMTItNTAxNzVhODdlNWY3LkpQRw==',1,'','\0',640,480),(147,'aHR0cHM6Ly9jcy5jb3BhcnQuY29tL3YxL0FVVEhfc3ZjLnBkb2MwMDAwMS9QSVg5LzZkYzgxNDA3LTRhMmUtNGVlYS04NzRlLTgxMzU2ODMzY2VlZi5KUEc=','Y29wYXJ0XDIwMTYtMDgtMDEgMjAwNiBTQUEgOS0zIEJBU0UgMjc1NDk5NTZcNmRjODE0MDctNGEyZS00ZWVhLTg3NGUtODEzNTY4MzNjZWVmLkpQRw==',1,'','\0',640,480),(148,'aHR0cHM6Ly9jcy5jb3BhcnQuY29tL3YxL0FVVEhfc3ZjLnBkb2MwMDAwMS9QSVg5Lzc2NGExN2YwLWM4MWYtNGRjOC1hZmI2LWNmZjI2Nzk2ZWNlOC5KUEc=','Y29wYXJ0XDIwMTYtMDgtMDEgMjAwNiBTQUEgOS0zIEJBU0UgMjc1NDk5NTZcNzY0YTE3ZjAtYzgxZi00ZGM4LWFmYjYtY2ZmMjY3OTZlY2U4LkpQRw==',1,'','\0',640,480),(149,'aHR0cHM6Ly9jcy5jb3BhcnQuY29tL3YxL0FVVEhfc3ZjLnBkb2MwMDAwMS9QSVg5L2MwM2JjN2QwLTBlZjEtNDY3Yi04OTI4LTNkODczMTI1MjA3My5KUEc=','Y29wYXJ0XDIwMTYtMDgtMDEgMjAwNiBTQUEgOS0zIEJBU0UgMjc1NDk5NTZcYzAzYmM3ZDAtMGVmMS00NjdiLTg5MjgtM2Q4NzMxMjUyMDczLkpQRw==',1,'','\0',640,480),(150,'aHR0cHM6Ly9jcy5jb3BhcnQuY29tL3YxL0FVVEhfc3ZjLnBkb2MwMDAwMS9QSVg5LzIzMTNmZjdmLTNlMDEtNDc5ZC1iYWJkLTAxNjEzMjUyMWFiYS5KUEc=','Y29wYXJ0XDIwMTYtMDgtMDEgMjAwNiBTQUEgOS0zIEJBU0UgMjc1NDk5NTZcMjMxM2ZmN2YtM2UwMS00NzlkLWJhYmQtMDE2MTMyNTIxYWJhLkpQRw==',1,'','\0',640,480),(151,'aHR0cHM6Ly9jcy5jb3BhcnQuY29tL3YxL0FVVEhfc3ZjLnBkb2MwMDAwMS9QSVgxNC9hY2MwMWMzZS1iZDRiLTQ2ZWUtOGE5Yi1iNGYxMTNhMDFmZTYuSlBH','Y29wYXJ0XDIwMTYtMDgtMDEgMjAwNyBNRVJaIEU1NTAgMjk1ODYxODZcYWNjMDFjM2UtYmQ0Yi00NmVlLThhOWItYjRmMTEzYTAxZmU2LkpQRw==',2,'','\0',640,480),(152,'aHR0cHM6Ly9jcy5jb3BhcnQuY29tL3YxL0FVVEhfc3ZjLnBkb2MwMDAwMS9QSVgxNC8zYmYzNjE2Yi1iMTA5LTQ1M2UtYjcxZS02YThjM2Y5MDlhY2MuSlBH','Y29wYXJ0XDIwMTYtMDgtMDEgMjAwNyBNRVJaIEU1NTAgMjk1ODYxODZcM2JmMzYxNmItYjEwOS00NTNlLWI3MWUtNmE4YzNmOTA5YWNjLkpQRw==',2,'','\0',640,480),(153,'aHR0cHM6Ly9jcy5jb3BhcnQuY29tL3YxL0FVVEhfc3ZjLnBkb2MwMDAwMS9QSVgxNC81NWQyNjhmMS1mZTdiLTRmNDAtYTI1Ny01Y2Y4MzM5YTI2NmIuSlBH','Y29wYXJ0XDIwMTYtMDgtMDEgMjAwNyBNRVJaIEU1NTAgMjk1ODYxODZcNTVkMjY4ZjEtZmU3Yi00ZjQwLWEyNTctNWNmODMzOWEyNjZiLkpQRw==',2,'','\0',640,480),(154,'aHR0cHM6Ly9jcy5jb3BhcnQuY29tL3YxL0FVVEhfc3ZjLnBkb2MwMDAwMS9QSVgxNC80NDZjMTE4MS04YzEwLTQwZmQtYTYyYS02OTczZmU1NzYwYTUuSlBH','Y29wYXJ0XDIwMTYtMDgtMDEgMjAwNyBNRVJaIEU1NTAgMjk1ODYxODZcNDQ2YzExODEtOGMxMC00MGZkLWE2MmEtNjk3M2ZlNTc2MGE1LkpQRw==',2,'','\0',640,480),(156,'aHR0cHM6Ly9jcy5jb3BhcnQuY29tL3YxL0FVVEhfc3ZjLnBkb2MwMDAwMS9QSVgxNC84NWE2YjJhYi0zMThhLTRjY2UtOWY5MC1jZWM0MjFkODAzODUuSlBH','Y29wYXJ0XDIwMTYtMDgtMDEgMjAwNyBNRVJaIEU1NTAgMjk1ODYxODZcODVhNmIyYWItMzE4YS00Y2NlLTlmOTAtY2VjNDIxZDgwMzg1LkpQRw==',2,'','\0',640,480),(158,'aHR0cHM6Ly9jcy5jb3BhcnQuY29tL3YxL0FVVEhfc3ZjLnBkb2MwMDAwMS9QSVgxNC8wNDY3YzhmNS04ZmZmLTQ0NTYtYjc0ZC0wMjc3YmVkOTU2NGMuSlBH','Y29wYXJ0XDIwMTYtMDgtMDEgMjAwNyBNRVJaIEU1NTAgMjk1ODYxODZcMDQ2N2M4ZjUtOGZmZi00NDU2LWI3NGQtMDI3N2JlZDk1NjRjLkpQRw==',2,'','\0',640,480),(160,'aHR0cHM6Ly9jcy5jb3BhcnQuY29tL3YxL0FVVEhfc3ZjLnBkb2MwMDAwMS9QSVgxNC8zOTBmMjg3NC02MGI0LTQ3NjEtOTQyZi02MWFkZjQ3NjM5MjMuSlBH','Y29wYXJ0XDIwMTYtMDgtMDEgMjAwNyBNRVJaIEU1NTAgMjk1ODYxODZcMzkwZjI4NzQtNjBiNC00NzYxLTk0MmYtNjFhZGY0NzYzOTIzLkpQRw==',2,'','\0',640,480),(162,'aHR0cHM6Ly9jcy5jb3BhcnQuY29tL3YxL0FVVEhfc3ZjLnBkb2MwMDAwMS9QSVgxNS9kOGU3YjAzOS1iZjY1LTQzZmUtODMwMS0wMWFjOTM3MWJiZDMuSlBH','Y29wYXJ0XDIwMTYtMDgtMDEgMjAwNyBNRVJaIEU1NTAgMjk1ODYxODZcZDhlN2IwMzktYmY2NS00M2ZlLTgzMDEtMDFhYzkzNzFiYmQzLkpQRw==',2,'','\0',640,480),(164,'aHR0cHM6Ly9jcy5jb3BhcnQuY29tL3YxL0FVVEhfc3ZjLnBkb2MwMDAwMS9QSVgxNC9iMTNiZTEyOC01OGIxLTQ1YjktYTU1Yi1lOWMwOTU0NWNlNGUuSlBH','Y29wYXJ0XDIwMTYtMDgtMDEgMjAwNyBNRVJaIEU1NTAgMjk1ODYxODZcYjEzYmUxMjgtNThiMS00NWI5LWE1NWItZTljMDk1NDVjZTRlLkpQRw==',2,'','\0',640,480),(166,'aHR0cHM6Ly9jcy5jb3BhcnQuY29tL3YxL0FVVEhfc3ZjLnBkb2MwMDAwMS9QSVgxNC9jOTc5MmY5Yy1hOTg4LTQzYTYtOTExMi0zYzZmNmQ1YTdkNmEuSlBH','Y29wYXJ0XDIwMTYtMDgtMDEgMjAwNyBNRVJaIEU1NTAgMjk1ODYxODZcYzk3OTJmOWMtYTk4OC00M2E2LTkxMTItM2M2ZjZkNWE3ZDZhLkpQRw==',2,'','\0',640,480),(168,'aHR0cHM6Ly9jcy5jb3BhcnQuY29tL3YxL0FVVEhfc3ZjLnBkb2MwMDAwMS9QSVg4LzA5MjMyZGU4LTk1ODMtNGRjOS1hZTg5LTQyMTIwZTNkMmRmZi5KUEc=','Y29wYXJ0XDIwMTYtMDgtMDMgMjAwNSBGT1JEIEVTQ0FQRSBMSU0gMjc2MDM4OTZcMDkyMzJkZTgtOTU4My00ZGM5LWFlODktNDIxMjBlM2QyZGZmLkpQRw==',4,'','\0',640,480),(170,'aHR0cHM6Ly9jcy5jb3BhcnQuY29tL3YxL0FVVEhfc3ZjLnBkb2MwMDAwMS9QSVg4LzIzNjkzMjExLTBlYWUtNDU2OS1hOWNlLTlhNGYyMjA3YmU0ZS5KUEc=','Y29wYXJ0XDIwMTYtMDgtMDMgMjAwNSBGT1JEIEVTQ0FQRSBMSU0gMjc2MDM4OTZcMjM2OTMyMTEtMGVhZS00NTY5LWE5Y2UtOWE0ZjIyMDdiZTRlLkpQRw==',4,'','\0',640,480),(172,'aHR0cHM6Ly9jcy5jb3BhcnQuY29tL3YxL0FVVEhfc3ZjLnBkb2MwMDAwMS9QSVg4L2UzN2E0NTliLTgxODgtNDBmOS1iYTc5LWZhNGM4MzQ2ZjhhZS5KUEc=','Y29wYXJ0XDIwMTYtMDgtMDMgMjAwNSBGT1JEIEVTQ0FQRSBMSU0gMjc2MDM4OTZcZTM3YTQ1OWItODE4OC00MGY5LWJhNzktZmE0YzgzNDZmOGFlLkpQRw==',4,'','\0',640,480),(174,'aHR0cHM6Ly9jcy5jb3BhcnQuY29tL3YxL0FVVEhfc3ZjLnBkb2MwMDAwMS9QSVg4LzA0OTQ5NTQ1LTRhMjctNDM1Yy05MjBhLTE3ZjM1MjQwZjg2Zi5KUEc=','Y29wYXJ0XDIwMTYtMDgtMDMgMjAwNSBGT1JEIEVTQ0FQRSBMSU0gMjc2MDM4OTZcMDQ5NDk1NDUtNGEyNy00MzVjLTkyMGEtMTdmMzUyNDBmODZmLkpQRw==',4,'','\0',640,480),(176,'aHR0cHM6Ly9jcy5jb3BhcnQuY29tL3YxL0FVVEhfc3ZjLnBkb2MwMDAwMS9QSVg4L2RmMTM2YWY2LTg2NTItNDAzZS04NGQxLTY2ODhiNDllMzQ3NC5KUEc=','Y29wYXJ0XDIwMTYtMDgtMDMgMjAwNSBGT1JEIEVTQ0FQRSBMSU0gMjc2MDM4OTZcZGYxMzZhZjYtODY1Mi00MDNlLTg0ZDEtNjY4OGI0OWUzNDc0LkpQRw==',4,'','\0',640,480),(178,'aHR0cHM6Ly9jcy5jb3BhcnQuY29tL3YxL0FVVEhfc3ZjLnBkb2MwMDAwMS9QSVg4LzBhZTE3YjYxLTQ2NDEtNDRhMy1hZWY2LTljMzdkY2Y5ZDhmNC5KUEc=','Y29wYXJ0XDIwMTYtMDgtMDMgMjAwNSBGT1JEIEVTQ0FQRSBMSU0gMjc2MDM4OTZcMGFlMTdiNjEtNDY0MS00NGEzLWFlZjYtOWMzN2RjZjlkOGY0LkpQRw==',4,'','\0',640,480),(180,'aHR0cHM6Ly9jcy5jb3BhcnQuY29tL3YxL0FVVEhfc3ZjLnBkb2MwMDAwMS9QSVg4LzRiOTQ5YmEwLTFjZjMtNDdmZS1iYTRhLTYzNjUyZTI5ODI3MS5KUEc=','Y29wYXJ0XDIwMTYtMDgtMDMgMjAwNSBGT1JEIEVTQ0FQRSBMSU0gMjc2MDM4OTZcNGI5NDliYTAtMWNmMy00N2ZlLWJhNGEtNjM2NTJlMjk4MjcxLkpQRw==',4,'','\0',640,480),(182,'aHR0cHM6Ly9jcy5jb3BhcnQuY29tL3YxL0FVVEhfc3ZjLnBkb2MwMDAwMS9QSVg4LzU4YWIzYjM2LTQ1NmEtNDYwYS1hNzJhLTBkMmRhYWZhMTg0Zi5KUEc=','Y29wYXJ0XDIwMTYtMDgtMDMgMjAwNSBGT1JEIEVTQ0FQRSBMSU0gMjc2MDM4OTZcNThhYjNiMzYtNDU2YS00NjBhLWE3MmEtMGQyZGFhZmExODRmLkpQRw==',4,'','\0',640,480),(184,'aHR0cHM6Ly9jcy5jb3BhcnQuY29tL3YxL0FVVEhfc3ZjLnBkb2MwMDAwMS9QSVg4LzQ2ZjUwNjQ3LTdiZGYtNDZiNi04MWNkLTFiM2JkZTRhY2NjOC5KUEc=','Y29wYXJ0XDIwMTYtMDgtMDMgMjAwNSBGT1JEIEVTQ0FQRSBMSU0gMjc2MDM4OTZcNDZmNTA2NDctN2JkZi00NmI2LTgxY2QtMWIzYmRlNGFjY2M4LkpQRw==',4,'','\0',640,480),(186,'aHR0cHM6Ly9jcy5jb3BhcnQuY29tL3YxL0FVVEhfc3ZjLnBkb2MwMDAwMS9QSVg4LzkyM2M2N2YzLTNjYWYtNGMwZi1hNWE2LTdkZGE5NTgyMjI1YS5KUEc=','Y29wYXJ0XDIwMTYtMDgtMDMgMjAwNSBGT1JEIEVTQ0FQRSBMSU0gMjc2MDM4OTZcOTIzYzY3ZjMtM2NhZi00YzBmLWE1YTYtN2RkYTk1ODIyMjVhLkpQRw==',4,'','\0',640,480),(188,'aHR0cHM6Ly9jcy5jb3BhcnQuY29tL3YxL0FVVEhfc3ZjLnBkb2MwMDAwMS9QSVg5L2M4MTgzYjJhLTA1N2EtNGFiZC1iNTNhLTQwZjViOTQ4ODI5MC5KUEc=','Y29wYXJ0XDIwMTYtMDgtMDMgMjAwNSBGT1JEIEVTQ0FQRSBMSU0gMjc2MDM4OTZcYzgxODNiMmEtMDU3YS00YWJkLWI1M2EtNDBmNWI5NDg4MjkwLkpQRw==',4,'','\0',640,480),(189,'aHR0cHM6Ly9jcy5jb3BhcnQuY29tL3YxL0FVVEhfc3ZjLnBkb2MwMDAwMS9QSVg5LzJjZTJiOTlmLTNlMDMtNGExYy1iNTZiLTg2NjBhYzU2MWUxNi5KUEc=','Y29wYXJ0XDIwMTYtMDgtMDMgMjAwNSBGT1JEIEVTQ0FQRSBMSU0gMjc2MDM4OTZcMmNlMmI5OWYtM2UwMy00YTFjLWI1NmItODY2MGFjNTYxZTE2LkpQRw==',4,'','\0',640,480),(190,'aHR0cHM6Ly9jcy5jb3BhcnQuY29tL3YxL0FVVEhfc3ZjLnBkb2MwMDAwMS9QSVg5L2E0MWMzNzBjLTIyZGItNGMyNC05N2MxLWRmZTRjYjM3OTI5Mi5KUEc=','Y29wYXJ0XDIwMTYtMDgtMDMgMjAwNSBGT1JEIEVTQ0FQRSBMSU0gMjc2MDM4OTZcYTQxYzM3MGMtMjJkYi00YzI0LTk3YzEtZGZlNGNiMzc5MjkyLkpQRw==',4,'','\0',640,480),(191,'aHR0cHM6Ly9jcy5jb3BhcnQuY29tL3YxL0FVVEhfc3ZjLnBkb2MwMDAwMS9QSVg5L2ZkYjQwMWFhLWRjMDgtNGM3NS1iMDQzLTFmMTJmNjFhNmY5Zi5KUEc=','Y29wYXJ0XDIwMTYtMDgtMDMgMjAwNSBGT1JEIEVTQ0FQRSBMSU0gMjc2MDM4OTZcZmRiNDAxYWEtZGMwOC00Yzc1LWIwNDMtMWYxMmY2MWE2ZjlmLkpQRw==',4,'','\0',640,480),(192,'aHR0cHM6Ly9jcy5jb3BhcnQuY29tL3YxL0FVVEhfc3ZjLnBkb2MwMDAwMS9QSVg5LzU2OTNjMDVjLTQwMzUtNDg5NC04M2M4LTVjZThlMzZiYmM0YS5KUEc=','Y29wYXJ0XDIwMTYtMDgtMDMgMjAwNSBGT1JEIEVTQ0FQRSBMSU0gMjc2MDM4OTZcNTY5M2MwNWMtNDAzNS00ODk0LTgzYzgtNWNlOGUzNmJiYzRhLkpQRw==',4,'','\0',640,480),(193,'aHR0cHM6Ly9jcy5jb3BhcnQuY29tL3YxL0FVVEhfc3ZjLnBkb2MwMDAwMS9QSVg5LzYxZTk1MzhlLWQxZjktNDc0ZC1iYzhlLTk5OWM0YjE2NzNhZS5KUEc=','Y29wYXJ0XDIwMTYtMDgtMDMgMjAwNSBGT1JEIEVTQ0FQRSBMSU0gMjc2MDM4OTZcNjFlOTUzOGUtZDFmOS00NzRkLWJjOGUtOTk5YzRiMTY3M2FlLkpQRw==',4,'','\0',640,480),(194,'aHR0cHM6Ly9jcy5jb3BhcnQuY29tL3YxL0FVVEhfc3ZjLnBkb2MwMDAwMS9QSVg5L2YyMGM0NjA4LTJmYzUtNDFiMS04ODg1LWJiZTJlZjVkYjA4YS5KUEc=','Y29wYXJ0XDIwMTYtMDgtMDMgMjAwNSBGT1JEIEVTQ0FQRSBMSU0gMjc2MDM4OTZcZjIwYzQ2MDgtMmZjNS00MWIxLTg4ODUtYmJlMmVmNWRiMDhhLkpQRw==',4,'','\0',640,480),(195,'aHR0cHM6Ly9jcy5jb3BhcnQuY29tL3YxL0FVVEhfc3ZjLnBkb2MwMDAwMS9QSVg5LzViYTA3ZjEwLTE2ZjQtNGJiZC04MzI1LWQ0NGRlM2QzYzExNy5KUEc=','Y29wYXJ0XDIwMTYtMDgtMDMgMjAwNSBGT1JEIEVTQ0FQRSBMSU0gMjc2MDM4OTZcNWJhMDdmMTAtMTZmNC00YmJkLTgzMjUtZDQ0ZGUzZDNjMTE3LkpQRw==',4,'','\0',640,480),(196,'aHR0cHM6Ly9jcy5jb3BhcnQuY29tL3YxL0FVVEhfc3ZjLnBkb2MwMDAwMS9QSVg5LzEyNzY4ZGRmLTZiZWItNDJlNS1hNTlhLTk5NWNlZjk0YTNkNC5KUEc=','Y29wYXJ0XDIwMTYtMDgtMDMgMjAwNSBGT1JEIEVTQ0FQRSBMSU0gMjc2MDM4OTZcMTI3NjhkZGYtNmJlYi00MmU1LWE1OWEtOTk1Y2VmOTRhM2Q0LkpQRw==',4,'','\0',640,480),(197,'aHR0cHM6Ly9jcy5jb3BhcnQuY29tL3YxL0FVVEhfc3ZjLnBkb2MwMDAwMS9QSVg5L2UyNDZmNTYwLWU3YzItNDZiYy1iMjBlLWMzNTdlNGQ3MTA4My5KUEc=','Y29wYXJ0XDIwMTYtMDgtMDMgMjAwNSBGT1JEIEVTQ0FQRSBMSU0gMjc2MDM4OTZcZTI0NmY1NjAtZTdjMi00NmJjLWIyMGUtYzM1N2U0ZDcxMDgzLkpQRw==',4,'','\0',640,480),(198,'aHR0cHM6Ly9jcy5jb3BhcnQuY29tL3YxL0FVVEhfc3ZjLnBkb2MwMDAwMS9OQVAxNjAzMTUvNGVlNzQ4YTYtZmYyNi00MDgzLWE2YmEtM2U2M2FlYjk3ZmYxLkpQRw==','Y29wYXJ0XDIwMTYtMDgtMDMgMjAwOSBWT0xWIFM0MCAyLjRJIDE5MzQ2OTc2XDRlZTc0OGE2LWZmMjYtNDA4My1hNmJhLTNlNjNhZWI5N2ZmMS5KUEc=',5,'','\0',640,480),(199,'aHR0cHM6Ly9jcy5jb3BhcnQuY29tL3YxL0FVVEhfc3ZjLnBkb2MwMDAwMS9OQVAxNjAzMTUvY2Y2Y2IyYmQtZTYxZi00YmVjLTkxNTEtNjNiNjQ3M2IwZWJlLkpQRw==','Y29wYXJ0XDIwMTYtMDgtMDMgMjAwOSBWT0xWIFM0MCAyLjRJIDE5MzQ2OTc2XGNmNmNiMmJkLWU2MWYtNGJlYy05MTUxLTYzYjY0NzNiMGViZS5KUEc=',5,'','\0',640,480),(200,'aHR0cHM6Ly9jcy5jb3BhcnQuY29tL3YxL0FVVEhfc3ZjLnBkb2MwMDAwMS9OQVAxNjAzMTUvMmNjMjQxNWUtZTM0OS00YTUwLWE4OTctZGMwNGRhODQwMmY5LkpQRw==','Y29wYXJ0XDIwMTYtMDgtMDMgMjAwOSBWT0xWIFM0MCAyLjRJIDE5MzQ2OTc2XDJjYzI0MTVlLWUzNDktNGE1MC1hODk3LWRjMDRkYTg0MDJmOS5KUEc=',5,'','\0',640,480),(201,'aHR0cHM6Ly9jcy5jb3BhcnQuY29tL3YxL0FVVEhfc3ZjLnBkb2MwMDAwMS9OQVAxNjAzMTUvYTlhZTQ0ZDItYTk5Yi00OWRjLWFjMDAtOWExZmYyZDAyNTBkLkpQRw==','Y29wYXJ0XDIwMTYtMDgtMDMgMjAwOSBWT0xWIFM0MCAyLjRJIDE5MzQ2OTc2XGE5YWU0NGQyLWE5OWItNDlkYy1hYzAwLTlhMWZmMmQwMjUwZC5KUEc=',5,'','\0',640,480),(202,'aHR0cHM6Ly9jcy5jb3BhcnQuY29tL3YxL0FVVEhfc3ZjLnBkb2MwMDAwMS9OQVAxNjAzMTUvM2Y2YzdiZWUtOGVlYi00MmViLWI2YjEtNjJlY2E0MTY3ZjAyLkpQRw==','Y29wYXJ0XDIwMTYtMDgtMDMgMjAwOSBWT0xWIFM0MCAyLjRJIDE5MzQ2OTc2XDNmNmM3YmVlLThlZWItNDJlYi1iNmIxLTYyZWNhNDE2N2YwMi5KUEc=',5,'','\0',640,480),(203,'aHR0cHM6Ly9jcy5jb3BhcnQuY29tL3YxL0FVVEhfc3ZjLnBkb2MwMDAwMS9OQVAxNjAzMTUvOGFhMWIwYTgtMDk0My00OTFmLWIzZTAtODhmOTU2OTE0N2ZkLkpQRw==','Y29wYXJ0XDIwMTYtMDgtMDMgMjAwOSBWT0xWIFM0MCAyLjRJIDE5MzQ2OTc2XDhhYTFiMGE4LTA5NDMtNDkxZi1iM2UwLTg4Zjk1NjkxNDdmZC5KUEc=',5,'','\0',640,480),(204,'aHR0cHM6Ly9jcy5jb3BhcnQuY29tL3YxL0FVVEhfc3ZjLnBkb2MwMDAwMS9OQVAxNjAzMTUvNDMyNzlmZjAtNmExYS00OTdmLWE3NzMtNzEyODhkNWQwOGVmLkpQRw==','Y29wYXJ0XDIwMTYtMDgtMDMgMjAwOSBWT0xWIFM0MCAyLjRJIDE5MzQ2OTc2XDQzMjc5ZmYwLTZhMWEtNDk3Zi1hNzczLTcxMjg4ZDVkMDhlZi5KUEc=',5,'','\0',640,480),(205,'aHR0cHM6Ly9jcy5jb3BhcnQuY29tL3YxL0FVVEhfc3ZjLnBkb2MwMDAwMS9OQVAxNjAzMTUvZDE4ZGQ5YjUtOWM4MC00OTA5LTliYTEtODJmNDdiZmY5Mjk2LkpQRw==','Y29wYXJ0XDIwMTYtMDgtMDMgMjAwOSBWT0xWIFM0MCAyLjRJIDE5MzQ2OTc2XGQxOGRkOWI1LTljODAtNDkwOS05YmExLTgyZjQ3YmZmOTI5Ni5KUEc=',5,'','\0',640,480),(206,'aHR0cHM6Ly9jcy5jb3BhcnQuY29tL3YxL0FVVEhfc3ZjLnBkb2MwMDAwMS9OQVAxNjAzMTUvMjcyOWQ4YmItNWU2Ny00YzZiLTk3YmMtMTZmY2FkNjc0M2VlLkpQRw==','Y29wYXJ0XDIwMTYtMDgtMDMgMjAwOSBWT0xWIFM0MCAyLjRJIDE5MzQ2OTc2XDI3MjlkOGJiLTVlNjctNGM2Yi05N2JjLTE2ZmNhZDY3NDNlZS5KUEc=',5,'','\0',640,480),(207,'aHR0cHM6Ly9jcy5jb3BhcnQuY29tL3YxL0FVVEhfc3ZjLnBkb2MwMDAwMS9OQVAxNjAzMTUvMDEzNGM0OWItMWViMi00MTdlLThjMGMtOWNmMjQyMGUwMTQ1LkpQRw==','Y29wYXJ0XDIwMTYtMDgtMDMgMjAwOSBWT0xWIFM0MCAyLjRJIDE5MzQ2OTc2XDAxMzRjNDliLTFlYjItNDE3ZS04YzBjLTljZjI0MjBlMDE0NS5KUEc=',5,'','\0',640,480),(208,'aHR0cHM6Ly9jcy5jb3BhcnQuY29tL3YxL0FVVEhfc3ZjLnBkb2MwMDAwMS9QSVgxMy9lODc4NDYwYS1mMzhlLTQ5MzAtYmI5Yi0xYzNjYTIxZTlmZTUuSlBH','Y29wYXJ0XDIwMTYtMDgtMDUgMjAwMyBCTVcgTTMgMjg4NzI2ODZcZTg3ODQ2MGEtZjM4ZS00OTMwLWJiOWItMWMzY2EyMWU5ZmU1LkpQRw==',6,'','\0',640,480),(209,'aHR0cHM6Ly9jcy5jb3BhcnQuY29tL3YxL0FVVEhfc3ZjLnBkb2MwMDAwMS9QSVgxMy8xMmQ2NWMwNi0yOWZkLTRjMTYtYWRkZi1hOWVhOGZmZDJiMDkuSlBH','Y29wYXJ0XDIwMTYtMDgtMDUgMjAwMyBCTVcgTTMgMjg4NzI2ODZcMTJkNjVjMDYtMjlmZC00YzE2LWFkZGYtYTllYThmZmQyYjA5LkpQRw==',6,'','\0',640,480),(210,'aHR0cHM6Ly9jcy5jb3BhcnQuY29tL3YxL0FVVEhfc3ZjLnBkb2MwMDAwMS9QSVgxMy8zOTM0ZDgyOS0wZDA2LTQwMWMtYTVmYy00Y2ZiNDdiMmI0MDAuSlBH','Y29wYXJ0XDIwMTYtMDgtMDUgMjAwMyBCTVcgTTMgMjg4NzI2ODZcMzkzNGQ4MjktMGQwNi00MDFjLWE1ZmMtNGNmYjQ3YjJiNDAwLkpQRw==',6,'','\0',640,480),(211,'aHR0cHM6Ly9jcy5jb3BhcnQuY29tL3YxL0FVVEhfc3ZjLnBkb2MwMDAwMS9QSVgxMy9jNzUwYjU1Ni1jYjY0LTQwOGMtYjRkZi0xYWI0NWQyMDkyOTkuSlBH','Y29wYXJ0XDIwMTYtMDgtMDUgMjAwMyBCTVcgTTMgMjg4NzI2ODZcYzc1MGI1NTYtY2I2NC00MDhjLWI0ZGYtMWFiNDVkMjA5Mjk5LkpQRw==',6,'','\0',640,480),(212,'aHR0cHM6Ly9jcy5jb3BhcnQuY29tL3YxL0FVVEhfc3ZjLnBkb2MwMDAwMS9QSVgxMy8xMmUzOGE1My0xMTFlLTRlYzMtYWEwNi1jZjM5ZjRlNDEzMjUuSlBH','Y29wYXJ0XDIwMTYtMDgtMDUgMjAwMyBCTVcgTTMgMjg4NzI2ODZcMTJlMzhhNTMtMTExZS00ZWMzLWFhMDYtY2YzOWY0ZTQxMzI1LkpQRw==',6,'','\0',640,480),(213,'aHR0cHM6Ly9jcy5jb3BhcnQuY29tL3YxL0FVVEhfc3ZjLnBkb2MwMDAwMS9QSVgxMy83MWU1Zjc2Zi0wYzQ0LTQ0MjMtODlmYS1mMTNiMjA1MDMwMDUuSlBH','Y29wYXJ0XDIwMTYtMDgtMDUgMjAwMyBCTVcgTTMgMjg4NzI2ODZcNzFlNWY3NmYtMGM0NC00NDIzLTg5ZmEtZjEzYjIwNTAzMDA1LkpQRw==',6,'','\0',640,480),(214,'aHR0cHM6Ly9jcy5jb3BhcnQuY29tL3YxL0FVVEhfc3ZjLnBkb2MwMDAwMS9QSVgxMy9lNmE4MTNmMS1iYTZiLTQ0MzgtYjkxOC1mNjRiMWZhZjk1NGUuSlBH','Y29wYXJ0XDIwMTYtMDgtMDUgMjAwMyBCTVcgTTMgMjg4NzI2ODZcZTZhODEzZjEtYmE2Yi00NDM4LWI5MTgtZjY0YjFmYWY5NTRlLkpQRw==',6,'','\0',640,480),(215,'aHR0cHM6Ly9jcy5jb3BhcnQuY29tL3YxL0FVVEhfc3ZjLnBkb2MwMDAwMS9QSVgxMy83YThlODNmMS0zODdmLTRkMjMtODAzYi1lMjVjNGM4NDUwYzMuSlBH','Y29wYXJ0XDIwMTYtMDgtMDUgMjAwMyBCTVcgTTMgMjg4NzI2ODZcN2E4ZTgzZjEtMzg3Zi00ZDIzLTgwM2ItZTI1YzRjODQ1MGMzLkpQRw==',6,'','\0',640,480),(216,'aHR0cHM6Ly9jcy5jb3BhcnQuY29tL3YxL0FVVEhfc3ZjLnBkb2MwMDAwMS9QSVgxMy83OGFmMGRmMS0xMDEzLTQyMmQtOTk0OS0xNzFkYTVlYzk2YWUuSlBH','Y29wYXJ0XDIwMTYtMDgtMDUgMjAwMyBCTVcgTTMgMjg4NzI2ODZcNzhhZjBkZjEtMTAxMy00MjJkLTk5NDktMTcxZGE1ZWM5NmFlLkpQRw==',6,'','\0',640,480),(217,'aHR0cHM6Ly9jcy5jb3BhcnQuY29tL3YxL0FVVEhfc3ZjLnBkb2MwMDAwMS9QSVgxMy9jZDNiMWFkNS1lMzg4LTQ1MjctOTQwNS04NTYyYjkzY2RhY2IuSlBH','Y29wYXJ0XDIwMTYtMDgtMDUgMjAwMyBCTVcgTTMgMjg4NzI2ODZcY2QzYjFhZDUtZTM4OC00NTI3LTk0MDUtODU2MmI5M2NkYWNiLkpQRw==',6,'','\0',640,480),(218,'aHR0cHM6Ly9jcy5jb3BhcnQuY29tL3YxL0FVVEhfc3ZjLnBkb2MwMDAwMS9QSVgxMy9kYmE0YzNlYy0xN2U0LTQ0MmEtOWQ2MS0zZWZlODI5ZGM5MzkuSlBH','Y29wYXJ0XDIwMTYtMDgtMDggMjAwNCBWT0xWIFhDOTAgMjg4MzA0MzZcZGJhNGMzZWMtMTdlNC00NDJhLTlkNjEtM2VmZTgyOWRjOTM5LkpQRw==',7,'','\0',640,480),(219,'aHR0cHM6Ly9jcy5jb3BhcnQuY29tL3YxL0FVVEhfc3ZjLnBkb2MwMDAwMS9QSVgxMy8xNGU2MDM3ZS03YzYwLTQ3YWQtOTA5NS1mMzVlNWMwYzIxZjUuSlBH','Y29wYXJ0XDIwMTYtMDgtMDggMjAwNCBWT0xWIFhDOTAgMjg4MzA0MzZcMTRlNjAzN2UtN2M2MC00N2FkLTkwOTUtZjM1ZTVjMGMyMWY1LkpQRw==',7,'','\0',640,480),(220,'aHR0cHM6Ly9jcy5jb3BhcnQuY29tL3YxL0FVVEhfc3ZjLnBkb2MwMDAwMS9QSVgxMy9iYjVjYjliYS0xYjIyLTRhNGQtOGE0Ni1lMmE1NjY5ZjYyYTIuSlBH','Y29wYXJ0XDIwMTYtMDgtMDggMjAwNCBWT0xWIFhDOTAgMjg4MzA0MzZcYmI1Y2I5YmEtMWIyMi00YTRkLThhNDYtZTJhNTY2OWY2MmEyLkpQRw==',7,'','\0',640,480),(221,'aHR0cHM6Ly9jcy5jb3BhcnQuY29tL3YxL0FVVEhfc3ZjLnBkb2MwMDAwMS9QSVgxMy81MTFjMGFlMC1mNTE1LTRjMzUtODRlYi02Zjc1ZTEyMzRmNGYuSlBH','Y29wYXJ0XDIwMTYtMDgtMDggMjAwNCBWT0xWIFhDOTAgMjg4MzA0MzZcNTExYzBhZTAtZjUxNS00YzM1LTg0ZWItNmY3NWUxMjM0ZjRmLkpQRw==',7,'','\0',640,480),(222,'aHR0cHM6Ly9jcy5jb3BhcnQuY29tL3YxL0FVVEhfc3ZjLnBkb2MwMDAwMS9QSVgxMy8wNjlmNjFkNi01NTQ1LTQ1NWItOGFmZi0yMTc5ZDdjOTY0OWUuSlBH','Y29wYXJ0XDIwMTYtMDgtMDggMjAwNCBWT0xWIFhDOTAgMjg4MzA0MzZcMDY5ZjYxZDYtNTU0NS00NTViLThhZmYtMjE3OWQ3Yzk2NDllLkpQRw==',7,'','\0',640,480),(223,'aHR0cHM6Ly9jcy5jb3BhcnQuY29tL3YxL0FVVEhfc3ZjLnBkb2MwMDAwMS9QSVgxMy9kNjliMWJlNC01ZmQxLTQzYzgtYTUxOS01OTc2NmIwNTJiNzYuSlBH','Y29wYXJ0XDIwMTYtMDgtMDggMjAwNCBWT0xWIFhDOTAgMjg4MzA0MzZcZDY5YjFiZTQtNWZkMS00M2M4LWE1MTktNTk3NjZiMDUyYjc2LkpQRw==',7,'','\0',640,480),(224,'aHR0cHM6Ly9jcy5jb3BhcnQuY29tL3YxL0FVVEhfc3ZjLnBkb2MwMDAwMS9QSVgxMy81OGJiZWQyMy0xMWFlLTRmYjgtOTM5MC0yZGMwZGRiODQ3NmYuSlBH','Y29wYXJ0XDIwMTYtMDgtMDggMjAwNCBWT0xWIFhDOTAgMjg4MzA0MzZcNThiYmVkMjMtMTFhZS00ZmI4LTkzOTAtMmRjMGRkYjg0NzZmLkpQRw==',7,'','\0',640,480),(225,'aHR0cHM6Ly9jcy5jb3BhcnQuY29tL3YxL0FVVEhfc3ZjLnBkb2MwMDAwMS9QSVgxMy80N2QzY2UwYS00ZDI2LTQwOWQtOGI4Zi00NDhmYjdhMGIzYjAuSlBH','Y29wYXJ0XDIwMTYtMDgtMDggMjAwNCBWT0xWIFhDOTAgMjg4MzA0MzZcNDdkM2NlMGEtNGQyNi00MDlkLThiOGYtNDQ4ZmI3YTBiM2IwLkpQRw==',7,'','\0',640,480),(226,'aHR0cHM6Ly9jcy5jb3BhcnQuY29tL3YxL0FVVEhfc3ZjLnBkb2MwMDAwMS9QSVgxMy85NDlmMDNhOC1iNTVkLTRkNWMtYTYyMi1hYTUwNWRkNDEwOTMuSlBH','Y29wYXJ0XDIwMTYtMDgtMDggMjAwNCBWT0xWIFhDOTAgMjg4MzA0MzZcOTQ5ZjAzYTgtYjU1ZC00ZDVjLWE2MjItYWE1MDVkZDQxMDkzLkpQRw==',7,'','\0',640,480),(227,'aHR0cHM6Ly9jcy5jb3BhcnQuY29tL3YxL0FVVEhfc3ZjLnBkb2MwMDAwMS9QSVgxMy82Nzg1MmNiZS03ZGMwLTQxZjctOTQyNy0xMjc2MmIxNjM5N2EuSlBH','Y29wYXJ0XDIwMTYtMDgtMDggMjAwNCBWT0xWIFhDOTAgMjg4MzA0MzZcNjc4NTJjYmUtN2RjMC00MWY3LTk0MjctMTI3NjJiMTYzOTdhLkpQRw==',7,'','\0',640,480),(228,'aHR0cHM6Ly9jcy5jb3BhcnQuY29tL3YxL0FVVEhfc3ZjLnBkb2MwMDAwMS9OQVAxNjAxMjIvMWM3MWIxMzUtMmQzOC00OGYyLTk0ZWMtYTBhZjA1ZGM4MGFiLkpQRw==','Y29wYXJ0XDIwMTYtMDgtMTAgMjAwNCBDSFJZIFBBQ0lGSUNBIDE1NTg4NDc2XDFjNzFiMTM1LTJkMzgtNDhmMi05NGVjLWEwYWYwNWRjODBhYi5KUEc=',8,'','\0',640,480),(229,'aHR0cHM6Ly9jcy5jb3BhcnQuY29tL3YxL0FVVEhfc3ZjLnBkb2MwMDAwMS9OQVAxNjAxMjIvYTQxODM5MmEtODQzYi00MTcwLWJiMzEtMDc5NzU3ZGUwZjNhLkpQRw==','Y29wYXJ0XDIwMTYtMDgtMTAgMjAwNCBDSFJZIFBBQ0lGSUNBIDE1NTg4NDc2XGE0MTgzOTJhLTg0M2ItNDE3MC1iYjMxLTA3OTc1N2RlMGYzYS5KUEc=',8,'','\0',640,480),(230,'aHR0cHM6Ly9jcy5jb3BhcnQuY29tL3YxL0FVVEhfc3ZjLnBkb2MwMDAwMS9OQVAxNjAxMjIvNDk3MGU2YjQtZTQ4YS00MTk4LTgyMzMtZWY3YmQ1OWI0MDAyLkpQRw==','Y29wYXJ0XDIwMTYtMDgtMTAgMjAwNCBDSFJZIFBBQ0lGSUNBIDE1NTg4NDc2XDQ5NzBlNmI0LWU0OGEtNDE5OC04MjMzLWVmN2JkNTliNDAwMi5KUEc=',8,'','\0',640,480),(231,'aHR0cHM6Ly9jcy5jb3BhcnQuY29tL3YxL0FVVEhfc3ZjLnBkb2MwMDAwMS9OQVAxNjAxMjIvZWNmNGIyYjctNzRhOS00MDQ1LThjMTctNDY5ZWI0MmNjNDIzLkpQRw==','Y29wYXJ0XDIwMTYtMDgtMTAgMjAwNCBDSFJZIFBBQ0lGSUNBIDE1NTg4NDc2XGVjZjRiMmI3LTc0YTktNDA0NS04YzE3LTQ2OWViNDJjYzQyMy5KUEc=',8,'','\0',640,480),(232,'aHR0cHM6Ly9jcy5jb3BhcnQuY29tL3YxL0FVVEhfc3ZjLnBkb2MwMDAwMS9OQVAxNjAxMjIvYzRiNmQxNWEtMDU3My00OWMzLWI1YTctNTNiZDA5ZWIzZmY2LkpQRw==','Y29wYXJ0XDIwMTYtMDgtMTAgMjAwNCBDSFJZIFBBQ0lGSUNBIDE1NTg4NDc2XGM0YjZkMTVhLTA1NzMtNDljMy1iNWE3LTUzYmQwOWViM2ZmNi5KUEc=',8,'','\0',640,480),(233,'aHR0cHM6Ly9jcy5jb3BhcnQuY29tL3YxL0FVVEhfc3ZjLnBkb2MwMDAwMS9OQVAxNjAxMjIvNzA4MTVlNGQtNmFhYy00ZmUwLTg5ZDEtMWE3ZTkyZDg3NzAyLkpQRw==','Y29wYXJ0XDIwMTYtMDgtMTAgMjAwNCBDSFJZIFBBQ0lGSUNBIDE1NTg4NDc2XDcwODE1ZTRkLTZhYWMtNGZlMC04OWQxLTFhN2U5MmQ4NzcwMi5KUEc=',8,'','\0',640,480),(234,'aHR0cHM6Ly9jcy5jb3BhcnQuY29tL3YxL0FVVEhfc3ZjLnBkb2MwMDAwMS9OQVAxNjAxMjIvODFiYjA4MjYtZDA0YS00NzE1LWFiMjctMDBkMzAxOTBiNzY1LkpQRw==','Y29wYXJ0XDIwMTYtMDgtMTAgMjAwNCBDSFJZIFBBQ0lGSUNBIDE1NTg4NDc2XDgxYmIwODI2LWQwNGEtNDcxNS1hYjI3LTAwZDMwMTkwYjc2NS5KUEc=',8,'','\0',640,480),(235,'aHR0cHM6Ly9jcy5jb3BhcnQuY29tL3YxL0FVVEhfc3ZjLnBkb2MwMDAwMS9OQVAxNjAxMjIvYWEwZjAzM2YtOWQ5Ni00ZTViLWI1MTctNzMyMWZkYzhjNWIzLkpQRw==','Y29wYXJ0XDIwMTYtMDgtMTAgMjAwNCBDSFJZIFBBQ0lGSUNBIDE1NTg4NDc2XGFhMGYwMzNmLTlkOTYtNGU1Yi1iNTE3LTczMjFmZGM4YzViMy5KUEc=',8,'','\0',640,480),(236,'aHR0cHM6Ly9jcy5jb3BhcnQuY29tL3YxL0FVVEhfc3ZjLnBkb2MwMDAwMS9OQVAxNjAxMjIvNzM1NmZhZDItOTQxMi00YmEzLTkxMTMtOTE1NTRjZTA1ZjdhLkpQRw==','Y29wYXJ0XDIwMTYtMDgtMTAgMjAwNCBDSFJZIFBBQ0lGSUNBIDE1NTg4NDc2XDczNTZmYWQyLTk0MTItNGJhMy05MTEzLTkxNTU0Y2UwNWY3YS5KUEc=',8,'','\0',640,480),(237,'aHR0cHM6Ly9jcy5jb3BhcnQuY29tL3YxL0FVVEhfc3ZjLnBkb2MwMDAwMS9OQVAxNjAxMjIvNTU3MWU2OTktZjMwYi00YjMyLTkyZjMtMGQzNGQ3ZTYyZDE5LkpQRw==','Y29wYXJ0XDIwMTYtMDgtMTAgMjAwNCBDSFJZIFBBQ0lGSUNBIDE1NTg4NDc2XDU1NzFlNjk5LWYzMGItNGIzMi05MmYzLTBkMzRkN2U2MmQxOS5KUEc=',8,'','\0',640,480),(238,'aHR0cHM6Ly9jcy5jb3BhcnQuY29tL3YxL0FVVEhfc3ZjLnBkb2MwMDAwMS9QSVgxNC80ZDI4NjAyMS03NzFmLTRmNWEtODRlYS0wMzkwYWRlMzZmMzguSlBH','Y29wYXJ0XDIwMTYtMDgtMTAgMjAwNiBNRVJaIEMzNTAgQVdEIDI5MjUzODE2XDRkMjg2MDIxLTc3MWYtNGY1YS04NGVhLTAzOTBhZGUzNmYzOC5KUEc=',9,'','\0',640,480),(239,'aHR0cHM6Ly9jcy5jb3BhcnQuY29tL3YxL0FVVEhfc3ZjLnBkb2MwMDAwMS9QSVgxNC82NGM2MTYyYS03NTU0LTRhMmMtODA2Ni00M2ZiNDczZDkyM2QuSlBH','Y29wYXJ0XDIwMTYtMDgtMTAgMjAwNiBNRVJaIEMzNTAgQVdEIDI5MjUzODE2XDY0YzYxNjJhLTc1NTQtNGEyYy04MDY2LTQzZmI0NzNkOTIzZC5KUEc=',9,'','\0',640,480),(240,'aHR0cHM6Ly9jcy5jb3BhcnQuY29tL3YxL0FVVEhfc3ZjLnBkb2MwMDAwMS9QSVgxNC9lZjg0MTU3MS1hYzMzLTRjNzUtODZhZC1iMjk0M2JkM2FkM2IuSlBH','Y29wYXJ0XDIwMTYtMDgtMTAgMjAwNiBNRVJaIEMzNTAgQVdEIDI5MjUzODE2XGVmODQxNTcxLWFjMzMtNGM3NS04NmFkLWIyOTQzYmQzYWQzYi5KUEc=',9,'','\0',640,480),(241,'aHR0cHM6Ly9jcy5jb3BhcnQuY29tL3YxL0FVVEhfc3ZjLnBkb2MwMDAwMS9QSVgxNC9iOTNiZGFkOC1iMTYyLTQwZTEtYjFmYS01MWNkNzIxZmE1M2EuSlBH','Y29wYXJ0XDIwMTYtMDgtMTAgMjAwNiBNRVJaIEMzNTAgQVdEIDI5MjUzODE2XGI5M2JkYWQ4LWIxNjItNDBlMS1iMWZhLTUxY2Q3MjFmYTUzYS5KUEc=',9,'','\0',640,480),(242,'aHR0cHM6Ly9jcy5jb3BhcnQuY29tL3YxL0FVVEhfc3ZjLnBkb2MwMDAwMS9QSVgxNC8wMGEzYjhkYS1mOTVmLTRiMzgtYTliMi00ZTE1OTY2YWVmYWEuSlBH','Y29wYXJ0XDIwMTYtMDgtMTAgMjAwNiBNRVJaIEMzNTAgQVdEIDI5MjUzODE2XDAwYTNiOGRhLWY5NWYtNGIzOC1hOWIyLTRlMTU5NjZhZWZhYS5KUEc=',9,'','\0',640,480),(243,'aHR0cHM6Ly9jcy5jb3BhcnQuY29tL3YxL0FVVEhfc3ZjLnBkb2MwMDAwMS9QSVgxNC8wYmY5NDU2MC04NjhkLTQzZjAtOTBmMi03MmZhYWEzNzVhZDIuSlBH','Y29wYXJ0XDIwMTYtMDgtMTAgMjAwNiBNRVJaIEMzNTAgQVdEIDI5MjUzODE2XDBiZjk0NTYwLTg2OGQtNDNmMC05MGYyLTcyZmFhYTM3NWFkMi5KUEc=',9,'','\0',640,480),(244,'aHR0cHM6Ly9jcy5jb3BhcnQuY29tL3YxL0FVVEhfc3ZjLnBkb2MwMDAwMS9QSVgxNC9hYzlmOWY3NC0wYTk0LTQwMjQtYjI1OS1iNTVkNGI5OWVjMDUuSlBH','Y29wYXJ0XDIwMTYtMDgtMTAgMjAwNiBNRVJaIEMzNTAgQVdEIDI5MjUzODE2XGFjOWY5Zjc0LTBhOTQtNDAyNC1iMjU5LWI1NWQ0Yjk5ZWMwNS5KUEc=',9,'','\0',640,480),(245,'aHR0cHM6Ly9jcy5jb3BhcnQuY29tL3YxL0FVVEhfc3ZjLnBkb2MwMDAwMS9QSVgxNC82MjBjZDgzMi1iYzdhLTRjMGMtYTA2Yy05Zjc5NDZkNmNhN2YuSlBH','Y29wYXJ0XDIwMTYtMDgtMTAgMjAwNiBNRVJaIEMzNTAgQVdEIDI5MjUzODE2XDYyMGNkODMyLWJjN2EtNGMwYy1hMDZjLTlmNzk0NmQ2Y2E3Zi5KUEc=',9,'','\0',640,480),(246,'aHR0cHM6Ly9jcy5jb3BhcnQuY29tL3YxL0FVVEhfc3ZjLnBkb2MwMDAwMS9QSVgxNC85NzlhYzM4Zi0zYjM1LTQzMTUtOWJjNy1hOGY1YzJkYzg5NWUuSlBH','Y29wYXJ0XDIwMTYtMDgtMTAgMjAwNiBNRVJaIEMzNTAgQVdEIDI5MjUzODE2XDk3OWFjMzhmLTNiMzUtNDMxNS05YmM3LWE4ZjVjMmRjODk1ZS5KUEc=',9,'','\0',640,480),(247,'aHR0cHM6Ly9jcy5jb3BhcnQuY29tL3YxL0FVVEhfc3ZjLnBkb2MwMDAwMS9QSVgxNC8wNWJlYWIwZi04NTkwLTQ2MzUtYjc3OC1kNGQ5ZGFhODNmNGIuSlBH','Y29wYXJ0XDIwMTYtMDgtMTAgMjAwNiBNRVJaIEMzNTAgQVdEIDI5MjUzODE2XDA1YmVhYjBmLTg1OTAtNDYzNS1iNzc4LWQ0ZDlkYWE4M2Y0Yi5KUEc=',9,'','\0',640,480),(248,'aHR0cHM6Ly9jcy5jb3BhcnQuY29tL3YxL0FVVEhfc3ZjLnBkb2MwMDAwMS9QSVgzL2ZlOTRlODk3LWNkZDYtNDEyMC04YTRmLTgxODZmOTViMzkxZS5KUEc=','Y29wYXJ0XDIwMTYtMDgtMTAgMjAwNyBCTVcgNTMwWEkgMjMyOTM5MzZcZmU5NGU4OTctY2RkNi00MTIwLThhNGYtODE4NmY5NWIzOTFlLkpQRw==',10,'','\0',640,480),(249,'aHR0cHM6Ly9jcy5jb3BhcnQuY29tL3YxL0FVVEhfc3ZjLnBkb2MwMDAwMS9QSVgzL2M2ZTVjYTE2LWRhOTItNDcxNy1iODUxLWYxMmViYTA4ZmJmYS5KUEc=','Y29wYXJ0XDIwMTYtMDgtMTAgMjAwNyBCTVcgNTMwWEkgMjMyOTM5MzZcYzZlNWNhMTYtZGE5Mi00NzE3LWI4NTEtZjEyZWJhMDhmYmZhLkpQRw==',10,'','\0',640,480),(250,'aHR0cHM6Ly9jcy5jb3BhcnQuY29tL3YxL0FVVEhfc3ZjLnBkb2MwMDAwMS9QSVgzL2ViZGNjYzgwLWJhMDctNGZjNS1hMDU4LWQ4Mjc4MThlOWI0Mi5KUEc=','Y29wYXJ0XDIwMTYtMDgtMTAgMjAwNyBCTVcgNTMwWEkgMjMyOTM5MzZcZWJkY2NjODAtYmEwNy00ZmM1LWEwNTgtZDgyNzgxOGU5YjQyLkpQRw==',10,'','\0',640,480),(251,'aHR0cHM6Ly9jcy5jb3BhcnQuY29tL3YxL0FVVEhfc3ZjLnBkb2MwMDAwMS9QSVgzLzdhNDczODA3LTcyMzktNDY2OS05Y2E3LTE0NGUwZTE2YzY1YS5KUEc=','Y29wYXJ0XDIwMTYtMDgtMTAgMjAwNyBCTVcgNTMwWEkgMjMyOTM5MzZcN2E0NzM4MDctNzIzOS00NjY5LTljYTctMTQ0ZTBlMTZjNjVhLkpQRw==',10,'','\0',640,480),(252,'aHR0cHM6Ly9jcy5jb3BhcnQuY29tL3YxL0FVVEhfc3ZjLnBkb2MwMDAwMS9QSVgzLzk0NWY0OWU1LTU2NDItNGU2Yi1iMjllLWI1YjA1MWJjMzcwMC5KUEc=','Y29wYXJ0XDIwMTYtMDgtMTAgMjAwNyBCTVcgNTMwWEkgMjMyOTM5MzZcOTQ1ZjQ5ZTUtNTY0Mi00ZTZiLWIyOWUtYjViMDUxYmMzNzAwLkpQRw==',10,'','\0',640,480),(253,'aHR0cHM6Ly9jcy5jb3BhcnQuY29tL3YxL0FVVEhfc3ZjLnBkb2MwMDAwMS9QSVgzLzU1MmE3ZWE0LTFlNzEtNDdjYi05MjYxLWYyMGQyODdjZjdlOC5KUEc=','Y29wYXJ0XDIwMTYtMDgtMTAgMjAwNyBCTVcgNTMwWEkgMjMyOTM5MzZcNTUyYTdlYTQtMWU3MS00N2NiLTkyNjEtZjIwZDI4N2NmN2U4LkpQRw==',10,'','\0',640,480),(254,'aHR0cHM6Ly9jcy5jb3BhcnQuY29tL3YxL0FVVEhfc3ZjLnBkb2MwMDAwMS9QSVgzL2EzODNmMGMwLTI4MDQtNGQ3Ny05NDZiLTc1MDNmZmZhYjk2OS5KUEc=','Y29wYXJ0XDIwMTYtMDgtMTAgMjAwNyBCTVcgNTMwWEkgMjMyOTM5MzZcYTM4M2YwYzAtMjgwNC00ZDc3LTk0NmItNzUwM2ZmZmFiOTY5LkpQRw==',10,'','\0',640,480),(255,'aHR0cHM6Ly9jcy5jb3BhcnQuY29tL3YxL0FVVEhfc3ZjLnBkb2MwMDAwMS9QSVgzL2ZiYWEwMmFhLWYwNzQtNGYxNi1iY2MzLWFkOTA3NTMyNTBkMS5KUEc=','Y29wYXJ0XDIwMTYtMDgtMTAgMjAwNyBCTVcgNTMwWEkgMjMyOTM5MzZcZmJhYTAyYWEtZjA3NC00ZjE2LWJjYzMtYWQ5MDc1MzI1MGQxLkpQRw==',10,'','\0',640,480),(256,'aHR0cHM6Ly9jcy5jb3BhcnQuY29tL3YxL0FVVEhfc3ZjLnBkb2MwMDAwMS9QSVgzLzMxNmNmZGQwLWM0ZGUtNDRkMi1iMDMwLTYxOTI2MzkwOGRlZi5KUEc=','Y29wYXJ0XDIwMTYtMDgtMTAgMjAwNyBCTVcgNTMwWEkgMjMyOTM5MzZcMzE2Y2ZkZDAtYzRkZS00NGQyLWIwMzAtNjE5MjYzOTA4ZGVmLkpQRw==',10,'','\0',640,480),(257,'aHR0cHM6Ly9jcy5jb3BhcnQuY29tL3YxL0FVVEhfc3ZjLnBkb2MwMDAwMS9QSVgzL2M4Njg4ZTVkLTQ0ZGEtNDYxZC1hYjA0LTA5MTAxMGMzZjM0YS5KUEc=','Y29wYXJ0XDIwMTYtMDgtMTAgMjAwNyBCTVcgNTMwWEkgMjMyOTM5MzZcYzg2ODhlNWQtNDRkYS00NjFkLWFiMDQtMDkxMDEwYzNmMzRhLkpQRw==',10,'','\0',640,480),(258,'aHR0cHM6Ly9jcy5jb3BhcnQuY29tL3YxL0FVVEhfc3ZjLnBkb2MwMDAwMS9QSVgxL2UyNDdhZTgxLTczZTUtNDFkNS04NDc1LWFkNGM5NjFkYmFkMC5KUEc=','Y29wYXJ0XDIwMTYtMDgtMTEgMjAxMCBCTVcgNTI4SSAyMjYyNzE1NlxlMjQ3YWU4MS03M2U1LTQxZDUtODQ3NS1hZDRjOTYxZGJhZDAuSlBH',11,'','\0',640,480),(259,'aHR0cHM6Ly9jcy5jb3BhcnQuY29tL3YxL0FVVEhfc3ZjLnBkb2MwMDAwMS9QSVgxLzIxNzdhNzQzLWM1MTMtNGE2Zi1iMDZiLWMyNTY5ZmRiYmI3YS5KUEc=','Y29wYXJ0XDIwMTYtMDgtMTEgMjAxMCBCTVcgNTI4SSAyMjYyNzE1NlwyMTc3YTc0My1jNTEzLTRhNmYtYjA2Yi1jMjU2OWZkYmJiN2EuSlBH',11,'','\0',640,480),(260,'aHR0cHM6Ly9jcy5jb3BhcnQuY29tL3YxL0FVVEhfc3ZjLnBkb2MwMDAwMS9QSVgxLzBmODg1MmI1LTNlYjYtNDQ5Zi04ZWM5LWZiM2FiNmFkYjMyMi5KUEc=','Y29wYXJ0XDIwMTYtMDgtMTEgMjAxMCBCTVcgNTI4SSAyMjYyNzE1NlwwZjg4NTJiNS0zZWI2LTQ0OWYtOGVjOS1mYjNhYjZhZGIzMjIuSlBH',11,'','\0',640,480),(261,'aHR0cHM6Ly9jcy5jb3BhcnQuY29tL3YxL0FVVEhfc3ZjLnBkb2MwMDAwMS9QSVgxLzZkMWQ1YjQ4LWI1YzAtNGQwOC04NDhjLTQzNTM1YTc0NzhjYS5KUEc=','Y29wYXJ0XDIwMTYtMDgtMTEgMjAxMCBCTVcgNTI4SSAyMjYyNzE1Nlw2ZDFkNWI0OC1iNWMwLTRkMDgtODQ4Yy00MzUzNWE3NDc4Y2EuSlBH',11,'','\0',640,480),(262,'aHR0cHM6Ly9jcy5jb3BhcnQuY29tL3YxL0FVVEhfc3ZjLnBkb2MwMDAwMS9QSVgxLzg0MmQyNWY0LTg1YzMtNDlmZC05OThiLTJiM2VjMGQxNjZiMy5KUEc=','Y29wYXJ0XDIwMTYtMDgtMTEgMjAxMCBCTVcgNTI4SSAyMjYyNzE1Nlw4NDJkMjVmNC04NWMzLTQ5ZmQtOTk4Yi0yYjNlYzBkMTY2YjMuSlBH',11,'','\0',640,480),(263,'aHR0cHM6Ly9jcy5jb3BhcnQuY29tL3YxL0FVVEhfc3ZjLnBkb2MwMDAwMS9QSVgxLzdiMzc0NWZhLTYwY2EtNDVlMy04NTQzLWI2YTZmN2VjNmI2MS5KUEc=','Y29wYXJ0XDIwMTYtMDgtMTEgMjAxMCBCTVcgNTI4SSAyMjYyNzE1Nlw3YjM3NDVmYS02MGNhLTQ1ZTMtODU0My1iNmE2ZjdlYzZiNjEuSlBH',11,'','\0',640,480),(264,'aHR0cHM6Ly9jcy5jb3BhcnQuY29tL3YxL0FVVEhfc3ZjLnBkb2MwMDAwMS9QSVgxL2ViYmU1ZjRjLWQxODMtNGVlZC1hNTM5LWU1YzZjNjlhN2Q5ZS5KUEc=','Y29wYXJ0XDIwMTYtMDgtMTEgMjAxMCBCTVcgNTI4SSAyMjYyNzE1NlxlYmJlNWY0Yy1kMTgzLTRlZWQtYTUzOS1lNWM2YzY5YTdkOWUuSlBH',11,'','\0',640,480),(265,'aHR0cHM6Ly9jcy5jb3BhcnQuY29tL3YxL0FVVEhfc3ZjLnBkb2MwMDAwMS9QSVgxLzAwZTI1MWM0LTg0YTYtNDhkNy1iOGIwLWMzMWRhMTdhNDYzYS5KUEc=','Y29wYXJ0XDIwMTYtMDgtMTEgMjAxMCBCTVcgNTI4SSAyMjYyNzE1NlwwMGUyNTFjNC04NGE2LTQ4ZDctYjhiMC1jMzFkYTE3YTQ2M2EuSlBH',11,'','\0',640,480),(266,'aHR0cHM6Ly9jcy5jb3BhcnQuY29tL3YxL0FVVEhfc3ZjLnBkb2MwMDAwMS9QSVgxLzNiOWNiZTQ2LTU0ZjEtNGQ4ZS04NDhhLTBiNmM1MzgyMzRhNy5KUEc=','Y29wYXJ0XDIwMTYtMDgtMTEgMjAxMCBCTVcgNTI4SSAyMjYyNzE1NlwzYjljYmU0Ni01NGYxLTRkOGUtODQ4YS0wYjZjNTM4MjM0YTcuSlBH',11,'','\0',640,480),(267,'aHR0cHM6Ly9jcy5jb3BhcnQuY29tL3YxL0FVVEhfc3ZjLnBkb2MwMDAwMS9QSVgxL2M1YjkzNGYyLTEyMTgtNDM3Ny1iNjk5LTc4NDM4ZWI3YTc0Mi5KUEc=','Y29wYXJ0XDIwMTYtMDgtMTEgMjAxMCBCTVcgNTI4SSAyMjYyNzE1NlxjNWI5MzRmMi0xMjE4LTQzNzctYjY5OS03ODQzOGViN2E3NDIuSlBH',11,'','\0',640,480),(268,'aHR0cHM6Ly9jcy5jb3BhcnQuY29tL3YxL0FVVEhfc3ZjLnBkb2MwMDAwMS9QSVgxMS80NDI2YThjOC03MDM3LTRjYmMtYTQ1My04OGU4NzkyYzA2YzQuSlBH','Y29wYXJ0XDIwMTYtMDgtMTIgMjAwNyBCTVcgNTMwWEkgMjg2NTAzNTZcNDQyNmE4YzgtNzAzNy00Y2JjLWE0NTMtODhlODc5MmMwNmM0LkpQRw==',12,'','\0',640,480),(269,'aHR0cHM6Ly9jcy5jb3BhcnQuY29tL3YxL0FVVEhfc3ZjLnBkb2MwMDAwMS9QSVgxMS9jNzFmMGZmMC0yNmMyLTRkMjgtOGEwZS1iY2MwZjIxYzhiMDEuSlBH','Y29wYXJ0XDIwMTYtMDgtMTIgMjAwNyBCTVcgNTMwWEkgMjg2NTAzNTZcYzcxZjBmZjAtMjZjMi00ZDI4LThhMGUtYmNjMGYyMWM4YjAxLkpQRw==',12,'','\0',640,480),(270,'aHR0cHM6Ly9jcy5jb3BhcnQuY29tL3YxL0FVVEhfc3ZjLnBkb2MwMDAwMS9QSVgxMS8wNTM5NzEzNi0xZmFjLTQ5NGItYWNlMy1kYzAwOTZjZTU5MjcuSlBH','Y29wYXJ0XDIwMTYtMDgtMTIgMjAwNyBCTVcgNTMwWEkgMjg2NTAzNTZcMDUzOTcxMzYtMWZhYy00OTRiLWFjZTMtZGMwMDk2Y2U1OTI3LkpQRw==',12,'','\0',640,480),(271,'aHR0cHM6Ly9jcy5jb3BhcnQuY29tL3YxL0FVVEhfc3ZjLnBkb2MwMDAwMS9QSVgxMS9lZGNlY2QyOC0yYzk3LTQ1MjItYjM3Yi00N2JkMDJhODBkMTMuSlBH','Y29wYXJ0XDIwMTYtMDgtMTIgMjAwNyBCTVcgNTMwWEkgMjg2NTAzNTZcZWRjZWNkMjgtMmM5Ny00NTIyLWIzN2ItNDdiZDAyYTgwZDEzLkpQRw==',12,'','\0',640,480),(272,'aHR0cHM6Ly9jcy5jb3BhcnQuY29tL3YxL0FVVEhfc3ZjLnBkb2MwMDAwMS9QSVgxMS85MjQ1MzBmMy1iZDI4LTRmYWItYjFhMS01YWNmZWVjY2Y2ZmIuSlBH','Y29wYXJ0XDIwMTYtMDgtMTIgMjAwNyBCTVcgNTMwWEkgMjg2NTAzNTZcOTI0NTMwZjMtYmQyOC00ZmFiLWIxYTEtNWFjZmVlY2NmNmZiLkpQRw==',12,'','\0',640,480),(273,'aHR0cHM6Ly9jcy5jb3BhcnQuY29tL3YxL0FVVEhfc3ZjLnBkb2MwMDAwMS9QSVgxMS9iNTFiZjI1MS0wNjRiLTQ0YWItYTA5OS1hZTRmNDJmNDI0MzQuSlBH','Y29wYXJ0XDIwMTYtMDgtMTIgMjAwNyBCTVcgNTMwWEkgMjg2NTAzNTZcYjUxYmYyNTEtMDY0Yi00NGFiLWEwOTktYWU0ZjQyZjQyNDM0LkpQRw==',12,'','\0',640,480),(274,'aHR0cHM6Ly9jcy5jb3BhcnQuY29tL3YxL0FVVEhfc3ZjLnBkb2MwMDAwMS9QSVgxMS9mYjVhODZhYS01ZmRkLTQ0ZmYtODgxMC1mNDAzYjg4MGY0MmIuSlBH','Y29wYXJ0XDIwMTYtMDgtMTIgMjAwNyBCTVcgNTMwWEkgMjg2NTAzNTZcZmI1YTg2YWEtNWZkZC00NGZmLTg4MTAtZjQwM2I4ODBmNDJiLkpQRw==',12,'','\0',640,480),(275,'aHR0cHM6Ly9jcy5jb3BhcnQuY29tL3YxL0FVVEhfc3ZjLnBkb2MwMDAwMS9QSVgxMS9hYTQwMTNmZi03NzI0LTRmYWEtOWU0NC1kMTdmZDhjNWE4NjkuSlBH','Y29wYXJ0XDIwMTYtMDgtMTIgMjAwNyBCTVcgNTMwWEkgMjg2NTAzNTZcYWE0MDEzZmYtNzcyNC00ZmFhLTllNDQtZDE3ZmQ4YzVhODY5LkpQRw==',12,'','\0',640,480),(276,'aHR0cHM6Ly9jcy5jb3BhcnQuY29tL3YxL0FVVEhfc3ZjLnBkb2MwMDAwMS9QSVgxMS9iMDEwODIyNC05NmM0LTRlY2MtOWJiZC0zMTI4YTFkN2JjZTkuSlBH','Y29wYXJ0XDIwMTYtMDgtMTIgMjAwNyBCTVcgNTMwWEkgMjg2NTAzNTZcYjAxMDgyMjQtOTZjNC00ZWNjLTliYmQtMzEyOGExZDdiY2U5LkpQRw==',12,'','\0',640,480),(277,'aHR0cHM6Ly9jcy5jb3BhcnQuY29tL3YxL0FVVEhfc3ZjLnBkb2MwMDAwMS9QSVgxMS84NmFjNGFiOC05NWUwLTQ0YTAtODMwMC1lZjRjMThiZmE0MDguSlBH','Y29wYXJ0XDIwMTYtMDgtMTIgMjAwNyBCTVcgNTMwWEkgMjg2NTAzNTZcODZhYzRhYjgtOTVlMC00NGEwLTgzMDAtZWY0YzE4YmZhNDA4LkpQRw==',12,'','\0',640,480),(278,'aHR0cHM6Ly9jcy5jb3BhcnQuY29tL3YxL0FVVEhfc3ZjLnBkb2MwMDAwMS9QSVgxMy9kNzZhN2VhOC04MTVhLTRhODgtODg3OS05ODBkZGVjYzg2ZDcuSlBH','Y29wYXJ0XDIwMTYtMDgtMTUgMjAwNiBBVURJIEE2IDMuMiBRVUEgMjg4Nzk0NzZcZDc2YTdlYTgtODE1YS00YTg4LTg4NzktOTgwZGRlY2M4NmQ3LkpQRw==',13,'','\0',640,480),(279,'aHR0cHM6Ly9jcy5jb3BhcnQuY29tL3YxL0FVVEhfc3ZjLnBkb2MwMDAwMS9QSVgxMy85ODJmYTE0ZS1iZjVhLTQwOWUtYWRiNC1iM2JkNDkzYTlkMzYuSlBH','Y29wYXJ0XDIwMTYtMDgtMTUgMjAwNiBBVURJIEE2IDMuMiBRVUEgMjg4Nzk0NzZcOTgyZmExNGUtYmY1YS00MDllLWFkYjQtYjNiZDQ5M2E5ZDM2LkpQRw==',13,'','\0',640,480),(280,'aHR0cHM6Ly9jcy5jb3BhcnQuY29tL3YxL0FVVEhfc3ZjLnBkb2MwMDAwMS9QSVgxMy82ZjVhNjYyNS1hMTIyLTQyYWEtYTJiNi1hZWQ5YjQ3MzU1ZTQuSlBH','Y29wYXJ0XDIwMTYtMDgtMTUgMjAwNiBBVURJIEE2IDMuMiBRVUEgMjg4Nzk0NzZcNmY1YTY2MjUtYTEyMi00MmFhLWEyYjYtYWVkOWI0NzM1NWU0LkpQRw==',13,'','\0',640,480),(281,'aHR0cHM6Ly9jcy5jb3BhcnQuY29tL3YxL0FVVEhfc3ZjLnBkb2MwMDAwMS9QSVgxMy9lZmQxZTk3Zi03ZTNiLTQwY2QtODliMy0xMGZmNzViMjkyOGIuSlBH','Y29wYXJ0XDIwMTYtMDgtMTUgMjAwNiBBVURJIEE2IDMuMiBRVUEgMjg4Nzk0NzZcZWZkMWU5N2YtN2UzYi00MGNkLTg5YjMtMTBmZjc1YjI5MjhiLkpQRw==',13,'','\0',640,480),(282,'aHR0cHM6Ly9jcy5jb3BhcnQuY29tL3YxL0FVVEhfc3ZjLnBkb2MwMDAwMS9QSVgxMS8zY2M5ZWQzYS05NDQ2LTQ2NjMtYjI2NS00NWU1Mjc0MjAwNGEuSlBH','Y29wYXJ0XDIwMTYtMDgtMTUgMjAwNiBBVURJIEE2IDMuMiBRVUEgMjg4Nzk0NzZcM2NjOWVkM2EtOTQ0Ni00NjYzLWIyNjUtNDVlNTI3NDIwMDRhLkpQRw==',13,'','\0',640,480),(283,'aHR0cHM6Ly9jcy5jb3BhcnQuY29tL3YxL0FVVEhfc3ZjLnBkb2MwMDAwMS9QSVgxMS81ZDgxYjNhYi02YWYyLTQyMTYtOTFmMC03MDU1Yzg2MDA2NjcuSlBH','Y29wYXJ0XDIwMTYtMDgtMTUgMjAwNiBBVURJIEE2IDMuMiBRVUEgMjg4Nzk0NzZcNWQ4MWIzYWItNmFmMi00MjE2LTkxZjAtNzA1NWM4NjAwNjY3LkpQRw==',13,'','\0',640,480),(284,'aHR0cHM6Ly9jcy5jb3BhcnQuY29tL3YxL0FVVEhfc3ZjLnBkb2MwMDAwMS9QSVgxMS81OWUxYTUzYS1jMjFkLTQzMGItOGZmNS1mNDBkMjRlZTZiZWEuSlBH','Y29wYXJ0XDIwMTYtMDgtMTUgMjAwNiBBVURJIEE2IDMuMiBRVUEgMjg4Nzk0NzZcNTllMWE1M2EtYzIxZC00MzBiLThmZjUtZjQwZDI0ZWU2YmVhLkpQRw==',13,'','\0',640,480),(285,'aHR0cHM6Ly9jcy5jb3BhcnQuY29tL3YxL0FVVEhfc3ZjLnBkb2MwMDAwMS9QSVgxMS80ZjNiYTBkMC02ZWRkLTQyMjUtYTk2My1hYTMyZDlmMDMzMjguSlBH','Y29wYXJ0XDIwMTYtMDgtMTUgMjAwNiBBVURJIEE2IDMuMiBRVUEgMjg4Nzk0NzZcNGYzYmEwZDAtNmVkZC00MjI1LWE5NjMtYWEzMmQ5ZjAzMzI4LkpQRw==',13,'','\0',640,480),(286,'aHR0cHM6Ly9jcy5jb3BhcnQuY29tL3YxL0FVVEhfc3ZjLnBkb2MwMDAwMS9QSVgxMS85MTQyNTRlYi02ZWE5LTRiNWQtOThlZC02YjY2YzM1YmNkMzUuSlBH','Y29wYXJ0XDIwMTYtMDgtMTUgMjAwNiBBVURJIEE2IDMuMiBRVUEgMjg4Nzk0NzZcOTE0MjU0ZWItNmVhOS00YjVkLTk4ZWQtNmI2NmMzNWJjZDM1LkpQRw==',13,'','\0',640,480),(287,'aHR0cHM6Ly9jcy5jb3BhcnQuY29tL3YxL0FVVEhfc3ZjLnBkb2MwMDAwMS9QSVgxMy82ZjkzZjQyNC1hYTIzLTRlYzItOTZhNS1hMTdjNWE4NTVmYTAuSlBH','Y29wYXJ0XDIwMTYtMDgtMTUgMjAwNiBBVURJIEE2IDMuMiBRVUEgMjg4Nzk0NzZcNmY5M2Y0MjQtYWEyMy00ZWMyLTk2YTUtYTE3YzVhODU1ZmEwLkpQRw==',13,'','\0',640,480),(288,'aHR0cHM6Ly9jcy5jb3BhcnQuY29tL3YxL0FVVEhfc3ZjLnBkb2MwMDAwMS9QSVgxMy9kOTg0MmMxNi0zOWY1LTRiOWYtYTE3NS1kNDAzMzk1MmYxNDguSlBH','Y29wYXJ0XDIwMTYtMDgtMTYgMjAwMyBNRVJaIFM1NSBBTUcgMjg5NDcyNDZcZDk4NDJjMTYtMzlmNS00YjlmLWExNzUtZDQwMzM5NTJmMTQ4LkpQRw==',14,'','\0',640,480),(289,'aHR0cHM6Ly9jcy5jb3BhcnQuY29tL3YxL0FVVEhfc3ZjLnBkb2MwMDAwMS9QSVgxMy9mNjE4NDgxNy1mMDg4LTQ4ODctYWFkNC0wOTZiMWVhNjdmMGYuSlBH','Y29wYXJ0XDIwMTYtMDgtMTYgMjAwMyBNRVJaIFM1NSBBTUcgMjg5NDcyNDZcZjYxODQ4MTctZjA4OC00ODg3LWFhZDQtMDk2YjFlYTY3ZjBmLkpQRw==',14,'','\0',640,480),(290,'aHR0cHM6Ly9jcy5jb3BhcnQuY29tL3YxL0FVVEhfc3ZjLnBkb2MwMDAwMS9QSVgxMy80MzI5NmZmZS0zNzUwLTQ1MzctYmE5Yi0xZWRmZGExOWUyYjkuSlBH','Y29wYXJ0XDIwMTYtMDgtMTYgMjAwMyBNRVJaIFM1NSBBTUcgMjg5NDcyNDZcNDMyOTZmZmUtMzc1MC00NTM3LWJhOWItMWVkZmRhMTllMmI5LkpQRw==',14,'','\0',640,480),(291,'aHR0cHM6Ly9jcy5jb3BhcnQuY29tL3YxL0FVVEhfc3ZjLnBkb2MwMDAwMS9QSVgxMy85Nzc2Mzg0ZS1mMzU2LTQwNTEtYjNhMi1mMmE1NWNiZjE2ZjUuSlBH','Y29wYXJ0XDIwMTYtMDgtMTYgMjAwMyBNRVJaIFM1NSBBTUcgMjg5NDcyNDZcOTc3NjM4NGUtZjM1Ni00MDUxLWIzYTItZjJhNTVjYmYxNmY1LkpQRw==',14,'','\0',640,480),(292,'aHR0cHM6Ly9jcy5jb3BhcnQuY29tL3YxL0FVVEhfc3ZjLnBkb2MwMDAwMS9QSVgxMy84NDQyZGJjYS1iNjM5LTRiOTUtYjYyNS1jYTExZGRhNTBiOGQuSlBH','Y29wYXJ0XDIwMTYtMDgtMTYgMjAwMyBNRVJaIFM1NSBBTUcgMjg5NDcyNDZcODQ0MmRiY2EtYjYzOS00Yjk1LWI2MjUtY2ExMWRkYTUwYjhkLkpQRw==',14,'','\0',640,480),(293,'aHR0cHM6Ly9jcy5jb3BhcnQuY29tL3YxL0FVVEhfc3ZjLnBkb2MwMDAwMS9QSVgxMy82YThmYjUwNC1hMTg3LTQwMjgtOWIxZS01NTk4MWM0ZmM4M2UuSlBH','Y29wYXJ0XDIwMTYtMDgtMTYgMjAwMyBNRVJaIFM1NSBBTUcgMjg5NDcyNDZcNmE4ZmI1MDQtYTE4Ny00MDI4LTliMWUtNTU5ODFjNGZjODNlLkpQRw==',14,'','\0',640,480),(294,'aHR0cHM6Ly9jcy5jb3BhcnQuY29tL3YxL0FVVEhfc3ZjLnBkb2MwMDAwMS9QSVgxMy83M2NkNzRmZS0xOGFlLTRmOTktYjk3Yi0xYzA2MjZjMzQzZGEuSlBH','Y29wYXJ0XDIwMTYtMDgtMTYgMjAwMyBNRVJaIFM1NSBBTUcgMjg5NDcyNDZcNzNjZDc0ZmUtMThhZS00Zjk5LWI5N2ItMWMwNjI2YzM0M2RhLkpQRw==',14,'','\0',640,480),(295,'aHR0cHM6Ly9jcy5jb3BhcnQuY29tL3YxL0FVVEhfc3ZjLnBkb2MwMDAwMS9QSVgxMy81MGVmMDk4Mi1iYjY3LTQ1ZDUtYmE4Zi02ZWQzNTNmYmI5MjUuSlBH','Y29wYXJ0XDIwMTYtMDgtMTYgMjAwMyBNRVJaIFM1NSBBTUcgMjg5NDcyNDZcNTBlZjA5ODItYmI2Ny00NWQ1LWJhOGYtNmVkMzUzZmJiOTI1LkpQRw==',14,'','\0',640,480),(296,'aHR0cHM6Ly9jcy5jb3BhcnQuY29tL3YxL0FVVEhfc3ZjLnBkb2MwMDAwMS9QSVgxMy83OWU5MTQ3OC0zMWFiLTQzNTctYjExYi0yNmUzN2IxZjIxYzQuSlBH','Y29wYXJ0XDIwMTYtMDgtMTYgMjAwMyBNRVJaIFM1NSBBTUcgMjg5NDcyNDZcNzllOTE0NzgtMzFhYi00MzU3LWIxMWItMjZlMzdiMWYyMWM0LkpQRw==',14,'','\0',640,480),(297,'aHR0cHM6Ly9jcy5jb3BhcnQuY29tL3YxL0FVVEhfc3ZjLnBkb2MwMDAwMS9QSVgxMy82MTUyZjFlNi0zYmM0LTQ3NWItOWZlOS0yYTFmZGEzNzRiN2YuSlBH','Y29wYXJ0XDIwMTYtMDgtMTYgMjAwMyBNRVJaIFM1NSBBTUcgMjg5NDcyNDZcNjE1MmYxZTYtM2JjNC00NzViLTlmZTktMmExZmRhMzc0YjdmLkpQRw==',14,'','\0',640,480),(298,'aHR0cHM6Ly9jcy5jb3BhcnQuY29tL3YxL0FVVEhfc3ZjLnBkb2MwMDAwMS9QSVg5Lzk5NDk1OWMwLTNkZWUtNGFjYS1iYWIxLWRhODhmNzcyOWI1Mi5KUEc=','Y29wYXJ0XDIwMTYtMDgtMTYgMjAwOCBWT0xWIFM4MCAzLjIgRlcgMjc0OTE2MTZcOTk0OTU5YzAtM2RlZS00YWNhLWJhYjEtZGE4OGY3NzI5YjUyLkpQRw==',15,'','\0',640,480),(299,'aHR0cHM6Ly9jcy5jb3BhcnQuY29tL3YxL0FVVEhfc3ZjLnBkb2MwMDAwMS9QSVg5L2FmMTEwOTUzLTJiMGMtNGYzZi1iMjkyLTY2YjUwYzg4NzVmZS5KUEc=','Y29wYXJ0XDIwMTYtMDgtMTYgMjAwOCBWT0xWIFM4MCAzLjIgRlcgMjc0OTE2MTZcYWYxMTA5NTMtMmIwYy00ZjNmLWIyOTItNjZiNTBjODg3NWZlLkpQRw==',15,'','\0',640,480),(300,'aHR0cHM6Ly9jcy5jb3BhcnQuY29tL3YxL0FVVEhfc3ZjLnBkb2MwMDAwMS9QSVg5L2I1OWE2NzI2LTUxMTgtNDYyZC05ZmVkLWZiZDE5YjA2ZTVkZS5KUEc=','Y29wYXJ0XDIwMTYtMDgtMTYgMjAwOCBWT0xWIFM4MCAzLjIgRlcgMjc0OTE2MTZcYjU5YTY3MjYtNTExOC00NjJkLTlmZWQtZmJkMTliMDZlNWRlLkpQRw==',15,'','\0',640,480),(301,'aHR0cHM6Ly9jcy5jb3BhcnQuY29tL3YxL0FVVEhfc3ZjLnBkb2MwMDAwMS9QSVg5LzhmNjRkNmYzLWU2ZTQtNDVmNy04Y2U5LTNjZWQ4ODlkNGRmOC5KUEc=','Y29wYXJ0XDIwMTYtMDgtMTYgMjAwOCBWT0xWIFM4MCAzLjIgRlcgMjc0OTE2MTZcOGY2NGQ2ZjMtZTZlNC00NWY3LThjZTktM2NlZDg4OWQ0ZGY4LkpQRw==',15,'','\0',640,480),(302,'aHR0cHM6Ly9jcy5jb3BhcnQuY29tL3YxL0FVVEhfc3ZjLnBkb2MwMDAwMS9QSVg5L2QwYWE2ZDA5LTZkZmUtNDU3Mi1hNmM0LTQzNzUzNDY2NGJkYy5KUEc=','Y29wYXJ0XDIwMTYtMDgtMTYgMjAwOCBWT0xWIFM4MCAzLjIgRlcgMjc0OTE2MTZcZDBhYTZkMDktNmRmZS00NTcyLWE2YzQtNDM3NTM0NjY0YmRjLkpQRw==',15,'','\0',640,480),(303,'aHR0cHM6Ly9jcy5jb3BhcnQuY29tL3YxL0FVVEhfc3ZjLnBkb2MwMDAwMS9QSVg5LzBhNDM4NzdmLTIxZGItNDkxNC05MDZhLTFhMTI2ODE3OTU0Zi5KUEc=','Y29wYXJ0XDIwMTYtMDgtMTYgMjAwOCBWT0xWIFM4MCAzLjIgRlcgMjc0OTE2MTZcMGE0Mzg3N2YtMjFkYi00OTE0LTkwNmEtMWExMjY4MTc5NTRmLkpQRw==',15,'','\0',640,480),(304,'aHR0cHM6Ly9jcy5jb3BhcnQuY29tL3YxL0FVVEhfc3ZjLnBkb2MwMDAwMS9QSVg5LzBkMzUzYTVlLTdjYzMtNDYwZi04MDIxLWI4YTY5ZGM1YWVlNC5KUEc=','Y29wYXJ0XDIwMTYtMDgtMTYgMjAwOCBWT0xWIFM4MCAzLjIgRlcgMjc0OTE2MTZcMGQzNTNhNWUtN2NjMy00NjBmLTgwMjEtYjhhNjlkYzVhZWU0LkpQRw==',15,'','\0',640,480),(305,'aHR0cHM6Ly9jcy5jb3BhcnQuY29tL3YxL0FVVEhfc3ZjLnBkb2MwMDAwMS9QSVg5LzNlZWFjZGIwLTQzZjItNDg2ZS1hOTc1LWUxZWM2NDM1NGZlYi5KUEc=','Y29wYXJ0XDIwMTYtMDgtMTYgMjAwOCBWT0xWIFM4MCAzLjIgRlcgMjc0OTE2MTZcM2VlYWNkYjAtNDNmMi00ODZlLWE5NzUtZTFlYzY0MzU0ZmViLkpQRw==',15,'','\0',640,480),(306,'aHR0cHM6Ly9jcy5jb3BhcnQuY29tL3YxL0FVVEhfc3ZjLnBkb2MwMDAwMS9QSVg5LzhmYWExNTE5LTc4MzctNGE0MC1hYWE0LTU0YWFlMjYwNzJjNC5KUEc=','Y29wYXJ0XDIwMTYtMDgtMTYgMjAwOCBWT0xWIFM4MCAzLjIgRlcgMjc0OTE2MTZcOGZhYTE1MTktNzgzNy00YTQwLWFhYTQtNTRhYWUyNjA3MmM0LkpQRw==',15,'','\0',640,480),(307,'aHR0cHM6Ly9jcy5jb3BhcnQuY29tL3YxL0FVVEhfc3ZjLnBkb2MwMDAwMS9QSVg5LzQzYzFjNzUzLTNjZDUtNDg1Zi05OTNmLTIyNzcyZDk4YTA0Mi5KUEc=','Y29wYXJ0XDIwMTYtMDgtMTYgMjAwOCBWT0xWIFM4MCAzLjIgRlcgMjc0OTE2MTZcNDNjMWM3NTMtM2NkNS00ODVmLTk5M2YtMjI3NzJkOThhMDQyLkpQRw==',15,'','\0',640,480),(308,'aHR0cHM6Ly9jcy5jb3BhcnQuY29tL3YxL0FVVEhfc3ZjLnBkb2MwMDAwMS9QSVgxMy83NDZhNzhkNi0wMzNhLTQ0YTYtOTQ0MC1hYmE1MTE0NGM3MTUuSlBH','Y29wYXJ0XDIwMTYtMDgtMjIgMjAwNSBWT0xWIFhDOTAgMjkwMTg5MzZcNzQ2YTc4ZDYtMDMzYS00NGE2LTk0NDAtYWJhNTExNDRjNzE1LkpQRw==',16,'','\0',640,480),(309,'aHR0cHM6Ly9jcy5jb3BhcnQuY29tL3YxL0FVVEhfc3ZjLnBkb2MwMDAwMS9QSVgxMy9jOGQ0NThjZi03NmQxLTQxM2EtOTRlZC1lOTM4MjAxOWJhNDcuSlBH','Y29wYXJ0XDIwMTYtMDgtMjIgMjAwNSBWT0xWIFhDOTAgMjkwMTg5MzZcYzhkNDU4Y2YtNzZkMS00MTNhLTk0ZWQtZTkzODIwMTliYTQ3LkpQRw==',16,'','\0',640,480),(310,'aHR0cHM6Ly9jcy5jb3BhcnQuY29tL3YxL0FVVEhfc3ZjLnBkb2MwMDAwMS9QSVgxMy8xZDU4MDI0OC1iMjQwLTQwM2YtYTU3Yi0wNzZmMDFhY2FlZmMuSlBH','Y29wYXJ0XDIwMTYtMDgtMjIgMjAwNSBWT0xWIFhDOTAgMjkwMTg5MzZcMWQ1ODAyNDgtYjI0MC00MDNmLWE1N2ItMDc2ZjAxYWNhZWZjLkpQRw==',16,'','\0',640,480),(311,'aHR0cHM6Ly9jcy5jb3BhcnQuY29tL3YxL0FVVEhfc3ZjLnBkb2MwMDAwMS9QSVgxMy8wZTNiN2E5Ny0xYmM3LTRlY2ItOGEwMC1iMmJhYTc3YWFhNjAuSlBH','Y29wYXJ0XDIwMTYtMDgtMjIgMjAwNSBWT0xWIFhDOTAgMjkwMTg5MzZcMGUzYjdhOTctMWJjNy00ZWNiLThhMDAtYjJiYWE3N2FhYTYwLkpQRw==',16,'','\0',640,480),(312,'aHR0cHM6Ly9jcy5jb3BhcnQuY29tL3YxL0FVVEhfc3ZjLnBkb2MwMDAwMS9QSVgxMy8xYzVlYzcyYS00OTg2LTQ0MmEtOWMxZS0wMTAzZjQ0M2I2OTUuSlBH','Y29wYXJ0XDIwMTYtMDgtMjIgMjAwNSBWT0xWIFhDOTAgMjkwMTg5MzZcMWM1ZWM3MmEtNDk4Ni00NDJhLTljMWUtMDEwM2Y0NDNiNjk1LkpQRw==',16,'','\0',640,480),(313,'aHR0cHM6Ly9jcy5jb3BhcnQuY29tL3YxL0FVVEhfc3ZjLnBkb2MwMDAwMS9QSVgxMy84MGQ5ZjUyOS0yNDg2LTQ5ZGEtYjI5MS01YmY3NWI3ODgwYjEuSlBH','Y29wYXJ0XDIwMTYtMDgtMjIgMjAwNSBWT0xWIFhDOTAgMjkwMTg5MzZcODBkOWY1MjktMjQ4Ni00OWRhLWIyOTEtNWJmNzViNzg4MGIxLkpQRw==',16,'','\0',640,480),(314,'aHR0cHM6Ly9jcy5jb3BhcnQuY29tL3YxL0FVVEhfc3ZjLnBkb2MwMDAwMS9QSVgxMy84N2RmMmUzNi00N2QzLTQxMDEtOTMxMS0zYTkzZjczMzQ1YzYuSlBH','Y29wYXJ0XDIwMTYtMDgtMjIgMjAwNSBWT0xWIFhDOTAgMjkwMTg5MzZcODdkZjJlMzYtNDdkMy00MTAxLTkzMTEtM2E5M2Y3MzM0NWM2LkpQRw==',16,'','\0',640,480),(315,'aHR0cHM6Ly9jcy5jb3BhcnQuY29tL3YxL0FVVEhfc3ZjLnBkb2MwMDAwMS9QSVgxMy8zYmY1OGE4Mi1hODY1LTQ0MTctYTc3My05M2IwNDZkNDMwZGYuSlBH','Y29wYXJ0XDIwMTYtMDgtMjIgMjAwNSBWT0xWIFhDOTAgMjkwMTg5MzZcM2JmNThhODItYTg2NS00NDE3LWE3NzMtOTNiMDQ2ZDQzMGRmLkpQRw==',16,'','\0',640,480),(316,'aHR0cHM6Ly9jcy5jb3BhcnQuY29tL3YxL0FVVEhfc3ZjLnBkb2MwMDAwMS9QSVgxMy9jNDlhNzMzYy01MGUwLTRhYzYtYTBhOS05NDU5MTNhMzhiZWEuSlBH','Y29wYXJ0XDIwMTYtMDgtMjIgMjAwNSBWT0xWIFhDOTAgMjkwMTg5MzZcYzQ5YTczM2MtNTBlMC00YWM2LWEwYTktOTQ1OTEzYTM4YmVhLkpQRw==',16,'','\0',640,480),(317,'aHR0cHM6Ly9jcy5jb3BhcnQuY29tL3YxL0FVVEhfc3ZjLnBkb2MwMDAwMS9QSVgxMy81NDc3OGVhYy05NTI3LTRmYTEtOWExOC0zZjcyOTRjZDZmNmEuSlBH','Y29wYXJ0XDIwMTYtMDgtMjIgMjAwNSBWT0xWIFhDOTAgMjkwMTg5MzZcNTQ3NzhlYWMtOTUyNy00ZmExLTlhMTgtM2Y3Mjk0Y2Q2ZjZhLkpQRw==',16,'','\0',640,480),(318,'aHR0cHM6Ly9jcy5jb3BhcnQuY29tL3YxL0FVVEhfc3ZjLnBkb2MwMDAwMS9QSVgxNy9kN2M5YjM1OS01N2NmLTQ0MzItOTJmNy03MmNjNTlmZmViMzkuSlBH','Y29wYXJ0XDIwMTYtMDgtMjMgMjAwNiBWT0xWIFM0MCBUNSBBV0QgMzA5NzEzMzZcZDdjOWIzNTktNTdjZi00NDMyLTkyZjctNzJjYzU5ZmZlYjM5LkpQRw==',17,'','\0',640,480),(319,'aHR0cHM6Ly9jcy5jb3BhcnQuY29tL3YxL0FVVEhfc3ZjLnBkb2MwMDAwMS9QSVgxNy82MWNhNWFhNC1iNjc2LTRiMTYtOTBkOS1iNDI1NTEyMDVlOTAuSlBH','Y29wYXJ0XDIwMTYtMDgtMjMgMjAwNiBWT0xWIFM0MCBUNSBBV0QgMzA5NzEzMzZcNjFjYTVhYTQtYjY3Ni00YjE2LTkwZDktYjQyNTUxMjA1ZTkwLkpQRw==',17,'','\0',640,480),(320,'aHR0cHM6Ly9jcy5jb3BhcnQuY29tL3YxL0FVVEhfc3ZjLnBkb2MwMDAwMS9QSVgxNy84ZTJhZDM0NS00MTBkLTQxZDQtOWZiZi00ODJmZmE3MDE5MmEuSlBH','Y29wYXJ0XDIwMTYtMDgtMjMgMjAwNiBWT0xWIFM0MCBUNSBBV0QgMzA5NzEzMzZcOGUyYWQzNDUtNDEwZC00MWQ0LTlmYmYtNDgyZmZhNzAxOTJhLkpQRw==',17,'','\0',640,480),(321,'aHR0cHM6Ly9jcy5jb3BhcnQuY29tL3YxL0FVVEhfc3ZjLnBkb2MwMDAwMS9QSVgxNy8yNDAxYjg1Yi1kN2Q2LTQ1ZDUtYjVjMS02YzJlYWUzM2I2ZjguSlBH','Y29wYXJ0XDIwMTYtMDgtMjMgMjAwNiBWT0xWIFM0MCBUNSBBV0QgMzA5NzEzMzZcMjQwMWI4NWItZDdkNi00NWQ1LWI1YzEtNmMyZWFlMzNiNmY4LkpQRw==',17,'','\0',640,480),(322,'aHR0cHM6Ly9jcy5jb3BhcnQuY29tL3YxL0FVVEhfc3ZjLnBkb2MwMDAwMS9QSVgxNy8wYzcxZTIzNC1kOWRjLTQ5YzktODMwZi1mY2JlMDE2N2ZkNDYuSlBH','Y29wYXJ0XDIwMTYtMDgtMjMgMjAwNiBWT0xWIFM0MCBUNSBBV0QgMzA5NzEzMzZcMGM3MWUyMzQtZDlkYy00OWM5LTgzMGYtZmNiZTAxNjdmZDQ2LkpQRw==',17,'','\0',640,480),(323,'aHR0cHM6Ly9jcy5jb3BhcnQuY29tL3YxL0FVVEhfc3ZjLnBkb2MwMDAwMS9QSVgxNy9iMjE3ZmY5NC05MDg5LTQ4OWQtOTAxNC1lYjNhNDQ1OTJmMDEuSlBH','Y29wYXJ0XDIwMTYtMDgtMjMgMjAwNiBWT0xWIFM0MCBUNSBBV0QgMzA5NzEzMzZcYjIxN2ZmOTQtOTA4OS00ODlkLTkwMTQtZWIzYTQ0NTkyZjAxLkpQRw==',17,'','\0',640,480),(324,'aHR0cHM6Ly9jcy5jb3BhcnQuY29tL3YxL0FVVEhfc3ZjLnBkb2MwMDAwMS9QSVgxNy81MWI1MDU4Yy1iNDFmLTQ0MzctOTliMi0yMDIxMWRlYjVmOTQuSlBH','Y29wYXJ0XDIwMTYtMDgtMjMgMjAwNiBWT0xWIFM0MCBUNSBBV0QgMzA5NzEzMzZcNTFiNTA1OGMtYjQxZi00NDM3LTk5YjItMjAyMTFkZWI1Zjk0LkpQRw==',17,'','\0',640,480),(325,'aHR0cHM6Ly9jcy5jb3BhcnQuY29tL3YxL0FVVEhfc3ZjLnBkb2MwMDAwMS9QSVgxNy8xMjg1Y2U4Mi1mNTJmLTQxZGEtOWYwZS04MzliODQyM2EzN2EuSlBH','Y29wYXJ0XDIwMTYtMDgtMjMgMjAwNiBWT0xWIFM0MCBUNSBBV0QgMzA5NzEzMzZcMTI4NWNlODItZjUyZi00MWRhLTlmMGUtODM5Yjg0MjNhMzdhLkpQRw==',17,'','\0',640,480),(326,'aHR0cHM6Ly9jcy5jb3BhcnQuY29tL3YxL0FVVEhfc3ZjLnBkb2MwMDAwMS9QSVgxNy9iN2UxNzVmMi02MWE4LTQzYTktYmExMy0zYjQ5ZDVkYWRlZGQuSlBH','Y29wYXJ0XDIwMTYtMDgtMjMgMjAwNiBWT0xWIFM0MCBUNSBBV0QgMzA5NzEzMzZcYjdlMTc1ZjItNjFhOC00M2E5LWJhMTMtM2I0OWQ1ZGFkZWRkLkpQRw==',17,'','\0',640,480),(327,'aHR0cHM6Ly9jcy5jb3BhcnQuY29tL3YxL0FVVEhfc3ZjLnBkb2MwMDAwMS9QSVgxNy9jOGJkMGViYS02YzIwLTQ4MGItYmUxNS1mODFiNGIwZTI3OTMuSlBH','Y29wYXJ0XDIwMTYtMDgtMjMgMjAwNiBWT0xWIFM0MCBUNSBBV0QgMzA5NzEzMzZcYzhiZDBlYmEtNmMyMC00ODBiLWJlMTUtZjgxYjRiMGUyNzkzLkpQRw==',17,'','\0',640,480),(328,'aHR0cHM6Ly9jcy5jb3BhcnQuY29tL3YxL0FVVEhfc3ZjLnBkb2MwMDAwMS9QSVgxNi8zYmFiZjI3Ni03YjczLTQyNzYtOGExZC1lM2Y0NjBlYTAzYjcuSlBH','Y29wYXJ0XDIwMTYtMDgtMjMgMjAwOCBWT0xWIFM0MCAyLjRJIDMwNTc4MTk2XDNiYWJmMjc2LTdiNzMtNDI3Ni04YTFkLWUzZjQ2MGVhMDNiNy5KUEc=',18,'','\0',640,480),(329,'aHR0cHM6Ly9jcy5jb3BhcnQuY29tL3YxL0FVVEhfc3ZjLnBkb2MwMDAwMS9QSVgxNi8wMDZhYzU1OC1iZGQzLTQ0ZTQtYjlkMi1iNTJlOTA5MjllM2UuSlBH','Y29wYXJ0XDIwMTYtMDgtMjMgMjAwOCBWT0xWIFM0MCAyLjRJIDMwNTc4MTk2XDAwNmFjNTU4LWJkZDMtNDRlNC1iOWQyLWI1MmU5MDkyOWUzZS5KUEc=',18,'','\0',640,480),(330,'aHR0cHM6Ly9jcy5jb3BhcnQuY29tL3YxL0FVVEhfc3ZjLnBkb2MwMDAwMS9QSVgxNi85YjA4ZGVhNi02ZWZkLTRhNmItOTIwOS1kOWFkYWI2Mzk4YjEuSlBH','Y29wYXJ0XDIwMTYtMDgtMjMgMjAwOCBWT0xWIFM0MCAyLjRJIDMwNTc4MTk2XDliMDhkZWE2LTZlZmQtNGE2Yi05MjA5LWQ5YWRhYjYzOThiMS5KUEc=',18,'','\0',640,480),(331,'aHR0cHM6Ly9jcy5jb3BhcnQuY29tL3YxL0FVVEhfc3ZjLnBkb2MwMDAwMS9QSVgxNi9mZmU3ZWUyMC1hNzI0LTQ4MjgtOTc5Ny1kOGU0YWUxZDI0YjIuSlBH','Y29wYXJ0XDIwMTYtMDgtMjMgMjAwOCBWT0xWIFM0MCAyLjRJIDMwNTc4MTk2XGZmZTdlZTIwLWE3MjQtNDgyOC05Nzk3LWQ4ZTRhZTFkMjRiMi5KUEc=',18,'','\0',640,480),(332,'aHR0cHM6Ly9jcy5jb3BhcnQuY29tL3YxL0FVVEhfc3ZjLnBkb2MwMDAwMS9QSVgxNi8wY2Q0YTE2MS1kYzk3LTQxMDAtOWFlNy0xZDAzZjI2YjA3ZjMuSlBH','Y29wYXJ0XDIwMTYtMDgtMjMgMjAwOCBWT0xWIFM0MCAyLjRJIDMwNTc4MTk2XDBjZDRhMTYxLWRjOTctNDEwMC05YWU3LTFkMDNmMjZiMDdmMy5KUEc=',18,'','\0',640,480),(333,'aHR0cHM6Ly9jcy5jb3BhcnQuY29tL3YxL0FVVEhfc3ZjLnBkb2MwMDAwMS9QSVgxNi85Y2EyZmY3Ni1lMGQ2LTRiM2EtYjk4MS0yZmI0ZWE4ZTE3ZGEuSlBH','Y29wYXJ0XDIwMTYtMDgtMjMgMjAwOCBWT0xWIFM0MCAyLjRJIDMwNTc4MTk2XDljYTJmZjc2LWUwZDYtNGIzYS1iOTgxLTJmYjRlYThlMTdkYS5KUEc=',18,'','\0',640,480),(334,'aHR0cHM6Ly9jcy5jb3BhcnQuY29tL3YxL0FVVEhfc3ZjLnBkb2MwMDAwMS9QSVgxNi85NjU3MTdiZS05ZTA3LTRkZjUtYTdmYy03OTg4MGQwMTc1MmUuSlBH','Y29wYXJ0XDIwMTYtMDgtMjMgMjAwOCBWT0xWIFM0MCAyLjRJIDMwNTc4MTk2XDk2NTcxN2JlLTllMDctNGRmNS1hN2ZjLTc5ODgwZDAxNzUyZS5KUEc=',18,'','\0',640,480),(335,'aHR0cHM6Ly9jcy5jb3BhcnQuY29tL3YxL0FVVEhfc3ZjLnBkb2MwMDAwMS9QSVgxNi84OTk0NzQ4Yi1iNzg2LTRjYWMtYmFiOC02ZTllOGRhNmNlNTQuSlBH','Y29wYXJ0XDIwMTYtMDgtMjMgMjAwOCBWT0xWIFM0MCAyLjRJIDMwNTc4MTk2XDg5OTQ3NDhiLWI3ODYtNGNhYy1iYWI4LTZlOWU4ZGE2Y2U1NC5KUEc=',18,'','\0',640,480),(336,'aHR0cHM6Ly9jcy5jb3BhcnQuY29tL3YxL0FVVEhfc3ZjLnBkb2MwMDAwMS9QSVgxNi8yN2UyYzkyZS00ODlhLTRjODktYTA3ZS02MDk5YzkxZmE2NTcuSlBH','Y29wYXJ0XDIwMTYtMDgtMjMgMjAwOCBWT0xWIFM0MCAyLjRJIDMwNTc4MTk2XDI3ZTJjOTJlLTQ4OWEtNGM4OS1hMDdlLTYwOTljOTFmYTY1Ny5KUEc=',18,'','\0',640,480),(337,'aHR0cHM6Ly9jcy5jb3BhcnQuY29tL3YxL0FVVEhfc3ZjLnBkb2MwMDAwMS9QSVgxNi9jNzJkY2I0OS00ZDdhLTRmM2UtYjE2MS02NWU5MjlmNWFiZGQuSlBH','Y29wYXJ0XDIwMTYtMDgtMjMgMjAwOCBWT0xWIFM0MCAyLjRJIDMwNTc4MTk2XGM3MmRjYjQ5LTRkN2EtNGYzZS1iMTYxLTY1ZTkyOWY1YWJkZC5KUEc=',18,'','\0',640,480),(338,'aHR0cHM6Ly9jcy5jb3BhcnQuY29tL3YxL0FVVEhfc3ZjLnBkb2MwMDAwMS9QSVgxNy84ZDY1MTViNi0wYzNhLTRjOWYtOGNjNC0wYTMxZjBjZDI2NjcuSlBH','Y29wYXJ0XDIwMTYtMDgtMjQgMjAwMyBWT0xLIFBBU1NBVCBHTFMgMzEwOTk3NzZcOGQ2NTE1YjYtMGMzYS00YzlmLThjYzQtMGEzMWYwY2QyNjY3LkpQRw==',19,'','\0',640,480),(339,'aHR0cHM6Ly9jcy5jb3BhcnQuY29tL3YxL0FVVEhfc3ZjLnBkb2MwMDAwMS9QSVgxNy81N2ZlNzM5Ni1hZDVlLTRlODMtOTVmNy0zOTU5YmIzMWVlZTAuSlBH','Y29wYXJ0XDIwMTYtMDgtMjQgMjAwMyBWT0xLIFBBU1NBVCBHTFMgMzEwOTk3NzZcNTdmZTczOTYtYWQ1ZS00ZTgzLTk1ZjctMzk1OWJiMzFlZWUwLkpQRw==',19,'','\0',640,480),(340,'aHR0cHM6Ly9jcy5jb3BhcnQuY29tL3YxL0FVVEhfc3ZjLnBkb2MwMDAwMS9QSVgxNy85NDdjOTE5YS02NzU1LTRmZDMtYjQ3ZS1mYzhmNjI2ODZlMzMuSlBH','Y29wYXJ0XDIwMTYtMDgtMjQgMjAwMyBWT0xLIFBBU1NBVCBHTFMgMzEwOTk3NzZcOTQ3YzkxOWEtNjc1NS00ZmQzLWI0N2UtZmM4ZjYyNjg2ZTMzLkpQRw==',19,'','\0',640,480),(341,'aHR0cHM6Ly9jcy5jb3BhcnQuY29tL3YxL0FVVEhfc3ZjLnBkb2MwMDAwMS9QSVgxNy9iYTZmZDNkYi0xYmUwLTRlMzctYjJjMy02MmFjYzU5ODYyYzMuSlBH','Y29wYXJ0XDIwMTYtMDgtMjQgMjAwMyBWT0xLIFBBU1NBVCBHTFMgMzEwOTk3NzZcYmE2ZmQzZGItMWJlMC00ZTM3LWIyYzMtNjJhY2M1OTg2MmMzLkpQRw==',19,'','\0',640,480),(342,'aHR0cHM6Ly9jcy5jb3BhcnQuY29tL3YxL0FVVEhfc3ZjLnBkb2MwMDAwMS9QSVgxNy83NWZmNDQ2Yi1iNzY1LTQ2M2ItOTY1Zi00OWI0OGM4YzliYjMuSlBH','Y29wYXJ0XDIwMTYtMDgtMjQgMjAwMyBWT0xLIFBBU1NBVCBHTFMgMzEwOTk3NzZcNzVmZjQ0NmItYjc2NS00NjNiLTk2NWYtNDliNDhjOGM5YmIzLkpQRw==',19,'','\0',640,480),(343,'aHR0cHM6Ly9jcy5jb3BhcnQuY29tL3YxL0FVVEhfc3ZjLnBkb2MwMDAwMS9QSVgxNy9kMWU5ZTc1ZC05NzRjLTQ1ZmItYTY2ZC03NzkzNTExODVmZjEuSlBH','Y29wYXJ0XDIwMTYtMDgtMjQgMjAwMyBWT0xLIFBBU1NBVCBHTFMgMzEwOTk3NzZcZDFlOWU3NWQtOTc0Yy00NWZiLWE2NmQtNzc5MzUxMTg1ZmYxLkpQRw==',19,'','\0',640,480),(344,'aHR0cHM6Ly9jcy5jb3BhcnQuY29tL3YxL0FVVEhfc3ZjLnBkb2MwMDAwMS9QSVgxNy8wZTc3NDBhMi0zY2E4LTQzOGItODNhZS0zZTQ1ODVhNDBiNGIuSlBH','Y29wYXJ0XDIwMTYtMDgtMjQgMjAwMyBWT0xLIFBBU1NBVCBHTFMgMzEwOTk3NzZcMGU3NzQwYTItM2NhOC00MzhiLTgzYWUtM2U0NTg1YTQwYjRiLkpQRw==',19,'','\0',640,480),(345,'aHR0cHM6Ly9jcy5jb3BhcnQuY29tL3YxL0FVVEhfc3ZjLnBkb2MwMDAwMS9QSVgxNy85NjRlYTYxMi03ZGNmLTQyMTgtOTMxNC00ZTIwNzc0YzUxNGMuSlBH','Y29wYXJ0XDIwMTYtMDgtMjQgMjAwMyBWT0xLIFBBU1NBVCBHTFMgMzEwOTk3NzZcOTY0ZWE2MTItN2RjZi00MjE4LTkzMTQtNGUyMDc3NGM1MTRjLkpQRw==',19,'','\0',640,480),(346,'aHR0cHM6Ly9jcy5jb3BhcnQuY29tL3YxL0FVVEhfc3ZjLnBkb2MwMDAwMS9QSVgxNy83ZjgwYWU4OC1jNGZjLTRiMTktODE5YS1hMjZiMWYxMmI4NjAuSlBH','Y29wYXJ0XDIwMTYtMDgtMjQgMjAwMyBWT0xLIFBBU1NBVCBHTFMgMzEwOTk3NzZcN2Y4MGFlODgtYzRmYy00YjE5LTgxOWEtYTI2YjFmMTJiODYwLkpQRw==',19,'','\0',640,480),(347,'aHR0cHM6Ly9jcy5jb3BhcnQuY29tL3YxL0FVVEhfc3ZjLnBkb2MwMDAwMS9QSVgxNy84Mjg2Y2IzNi1jZWM2LTRlZGQtODZmNS04NmVkZDUzZGVmMTUuSlBH','Y29wYXJ0XDIwMTYtMDgtMjQgMjAwMyBWT0xLIFBBU1NBVCBHTFMgMzEwOTk3NzZcODI4NmNiMzYtY2VjNi00ZWRkLTg2ZjUtODZlZGQ1M2RlZjE1LkpQRw==',19,'','\0',640,480),(348,'aHR0cHM6Ly9jcy5jb3BhcnQuY29tL3YxL0FVVEhfc3ZjLnBkb2MwMDAwMS9QSVgxOC8yYmEyNzNiZi1hOWFkLTQ1YTYtODA3Ni1kN2Y2ZmVmMWJlYjcuSlBH','Y29wYXJ0XDIwMTYtMDgtMjQgMjAwNSBCTVcgNTQ1SSAzMTc1MTk3NlwyYmEyNzNiZi1hOWFkLTQ1YTYtODA3Ni1kN2Y2ZmVmMWJlYjcuSlBH',20,'','\0',640,480),(349,'aHR0cHM6Ly9jcy5jb3BhcnQuY29tL3YxL0FVVEhfc3ZjLnBkb2MwMDAwMS9QSVgxOC8xOWFmOTk2Ny01Yzg3LTRlMTMtODc5ZC02M2JlYzQ0MTg5ZmMuSlBH','Y29wYXJ0XDIwMTYtMDgtMjQgMjAwNSBCTVcgNTQ1SSAzMTc1MTk3NlwxOWFmOTk2Ny01Yzg3LTRlMTMtODc5ZC02M2JlYzQ0MTg5ZmMuSlBH',20,'','\0',640,480),(350,'aHR0cHM6Ly9jcy5jb3BhcnQuY29tL3YxL0FVVEhfc3ZjLnBkb2MwMDAwMS9QSVgxOC9lMjM0ZDkxYy05MTZmLTQ2ZDgtYTEwNC03NDBjZDM5YzY1MjUuSlBH','Y29wYXJ0XDIwMTYtMDgtMjQgMjAwNSBCTVcgNTQ1SSAzMTc1MTk3NlxlMjM0ZDkxYy05MTZmLTQ2ZDgtYTEwNC03NDBjZDM5YzY1MjUuSlBH',20,'','\0',640,480),(351,'aHR0cHM6Ly9jcy5jb3BhcnQuY29tL3YxL0FVVEhfc3ZjLnBkb2MwMDAwMS9QSVgxOC83NGJjYTdmOS1kNzBmLTRkNTgtOWUyMy03YmUwODk0YWQ0OWUuSlBH','Y29wYXJ0XDIwMTYtMDgtMjQgMjAwNSBCTVcgNTQ1SSAzMTc1MTk3Nlw3NGJjYTdmOS1kNzBmLTRkNTgtOWUyMy03YmUwODk0YWQ0OWUuSlBH',20,'','\0',640,480),(352,'aHR0cHM6Ly9jcy5jb3BhcnQuY29tL3YxL0FVVEhfc3ZjLnBkb2MwMDAwMS9QSVgxOC9iZGE1OTUyMS1lNTlhLTRhYWMtODQ4Yi04Yjc0OGEyOTc0MTcuSlBH','Y29wYXJ0XDIwMTYtMDgtMjQgMjAwNSBCTVcgNTQ1SSAzMTc1MTk3NlxiZGE1OTUyMS1lNTlhLTRhYWMtODQ4Yi04Yjc0OGEyOTc0MTcuSlBH',20,'','\0',640,480),(353,'aHR0cHM6Ly9jcy5jb3BhcnQuY29tL3YxL0FVVEhfc3ZjLnBkb2MwMDAwMS9QSVgxOC80OTYyNDQ0My0xOTJhLTQ0ZmUtYmJkNi0yMWU4NTQ5MDMzY2YuSlBH','Y29wYXJ0XDIwMTYtMDgtMjQgMjAwNSBCTVcgNTQ1SSAzMTc1MTk3Nlw0OTYyNDQ0My0xOTJhLTQ0ZmUtYmJkNi0yMWU4NTQ5MDMzY2YuSlBH',20,'','\0',640,480),(354,'aHR0cHM6Ly9jcy5jb3BhcnQuY29tL3YxL0FVVEhfc3ZjLnBkb2MwMDAwMS9QSVgxOC84NjU1NTBhYi1mOWU4LTQ0NjMtYmNlMS1iYTRkNjI1YjM1MDAuSlBH','Y29wYXJ0XDIwMTYtMDgtMjQgMjAwNSBCTVcgNTQ1SSAzMTc1MTk3Nlw4NjU1NTBhYi1mOWU4LTQ0NjMtYmNlMS1iYTRkNjI1YjM1MDAuSlBH',20,'','\0',640,480),(355,'aHR0cHM6Ly9jcy5jb3BhcnQuY29tL3YxL0FVVEhfc3ZjLnBkb2MwMDAwMS9QSVgxOC9mZGM5ZWU0ZC0xNjBlLTQyNTgtOWUwYi1jOGQ4MjU4MGU5YjAuSlBH','Y29wYXJ0XDIwMTYtMDgtMjQgMjAwNSBCTVcgNTQ1SSAzMTc1MTk3NlxmZGM5ZWU0ZC0xNjBlLTQyNTgtOWUwYi1jOGQ4MjU4MGU5YjAuSlBH',20,'','\0',640,480),(356,'aHR0cHM6Ly9jcy5jb3BhcnQuY29tL3YxL0FVVEhfc3ZjLnBkb2MwMDAwMS9QSVgxOC82MmY0MTEyMC01YjhjLTQzZTUtYjljMC0zMzEzMzM5ODcwZWMuSlBH','Y29wYXJ0XDIwMTYtMDgtMjQgMjAwNSBCTVcgNTQ1SSAzMTc1MTk3Nlw2MmY0MTEyMC01YjhjLTQzZTUtYjljMC0zMzEzMzM5ODcwZWMuSlBH',20,'','\0',640,480),(357,'aHR0cHM6Ly9jcy5jb3BhcnQuY29tL3YxL0FVVEhfc3ZjLnBkb2MwMDAwMS9QSVgxOC83NzJhNTI3YS0xNmYyLTQzMjMtOWFlNy1jMjA5MzI0MTM1YzguSlBH','Y29wYXJ0XDIwMTYtMDgtMjQgMjAwNSBCTVcgNTQ1SSAzMTc1MTk3Nlw3NzJhNTI3YS0xNmYyLTQzMjMtOWFlNy1jMjA5MzI0MTM1YzguSlBH',20,'','\0',640,480),(358,'aHR0cHM6Ly9jcy5jb3BhcnQuY29tL3YxL0FVVEhfc3ZjLnBkb2MwMDAwMS9QSVgxMC8xNzRiZmQzNS1jNjViLTQwOTgtODNlYi0yY2FlZTcyN2UzOGQuSlBH','Y29wYXJ0XDIwMTYtMDgtMjQgMjAwOCBCTVcgMzM1WEkgMjcwMDI2MDZcMTc0YmZkMzUtYzY1Yi00MDk4LTgzZWItMmNhZWU3MjdlMzhkLkpQRw==',21,'','\0',640,480),(359,'aHR0cHM6Ly9jcy5jb3BhcnQuY29tL3YxL0FVVEhfc3ZjLnBkb2MwMDAwMS9QSVgxMC80ZDc0NGVkZi1hNWU0LTRhOWEtYTU0MC0wNTk5Mjg2ZTFiYjIuSlBH','Y29wYXJ0XDIwMTYtMDgtMjQgMjAwOCBCTVcgMzM1WEkgMjcwMDI2MDZcNGQ3NDRlZGYtYTVlNC00YTlhLWE1NDAtMDU5OTI4NmUxYmIyLkpQRw==',21,'','\0',640,480),(360,'aHR0cHM6Ly9jcy5jb3BhcnQuY29tL3YxL0FVVEhfc3ZjLnBkb2MwMDAwMS9QSVgxMC9mOWE4M2Q3MS02NGZhLTQ5NTktOWFhMS01MmM2MDgyNzg4OTMuSlBH','Y29wYXJ0XDIwMTYtMDgtMjQgMjAwOCBCTVcgMzM1WEkgMjcwMDI2MDZcZjlhODNkNzEtNjRmYS00OTU5LTlhYTEtNTJjNjA4Mjc4ODkzLkpQRw==',21,'','\0',640,480),(361,'aHR0cHM6Ly9jcy5jb3BhcnQuY29tL3YxL0FVVEhfc3ZjLnBkb2MwMDAwMS9QSVgxMC9lZWM4OGMzMy0wMzI4LTQzYzgtOWNhZS0yNWRjNjBhOWY5YTYuSlBH','Y29wYXJ0XDIwMTYtMDgtMjQgMjAwOCBCTVcgMzM1WEkgMjcwMDI2MDZcZWVjODhjMzMtMDMyOC00M2M4LTljYWUtMjVkYzYwYTlmOWE2LkpQRw==',21,'','\0',640,480),(362,'aHR0cHM6Ly9jcy5jb3BhcnQuY29tL3YxL0FVVEhfc3ZjLnBkb2MwMDAwMS9QSVgxMC85NTVlMjMyYS1hZTYyLTRmMGMtOWQyMC1hOGM5MmY3YmM2ZGEuSlBH','Y29wYXJ0XDIwMTYtMDgtMjQgMjAwOCBCTVcgMzM1WEkgMjcwMDI2MDZcOTU1ZTIzMmEtYWU2Mi00ZjBjLTlkMjAtYThjOTJmN2JjNmRhLkpQRw==',21,'','\0',640,480),(363,'aHR0cHM6Ly9jcy5jb3BhcnQuY29tL3YxL0FVVEhfc3ZjLnBkb2MwMDAwMS9QSVgxMC9mYWFkZWMyMC05MzM3LTQ2NjMtYjliNC04MDQ0YTE5YWU2M2MuSlBH','Y29wYXJ0XDIwMTYtMDgtMjQgMjAwOCBCTVcgMzM1WEkgMjcwMDI2MDZcZmFhZGVjMjAtOTMzNy00NjYzLWI5YjQtODA0NGExOWFlNjNjLkpQRw==',21,'','\0',640,480),(364,'aHR0cHM6Ly9jcy5jb3BhcnQuY29tL3YxL0FVVEhfc3ZjLnBkb2MwMDAwMS9QSVgxMC9iZmZjNDczYi01ZGQ1LTQ5MTEtYWJkMS1iYmU4YThiODRjMTAuSlBH','Y29wYXJ0XDIwMTYtMDgtMjQgMjAwOCBCTVcgMzM1WEkgMjcwMDI2MDZcYmZmYzQ3M2ItNWRkNS00OTExLWFiZDEtYmJlOGE4Yjg0YzEwLkpQRw==',21,'','\0',640,480),(365,'aHR0cHM6Ly9jcy5jb3BhcnQuY29tL3YxL0FVVEhfc3ZjLnBkb2MwMDAwMS9QSVgxMC9kMWEwZmJhNy1mNGU4LTRmNmUtOWYwOS0xZjI1Y2M5ZjE0OTkuSlBH','Y29wYXJ0XDIwMTYtMDgtMjQgMjAwOCBCTVcgMzM1WEkgMjcwMDI2MDZcZDFhMGZiYTctZjRlOC00ZjZlLTlmMDktMWYyNWNjOWYxNDk5LkpQRw==',21,'','\0',640,480),(366,'aHR0cHM6Ly9jcy5jb3BhcnQuY29tL3YxL0FVVEhfc3ZjLnBkb2MwMDAwMS9QSVgxMC8wYTAzYTNhMi05OTQyLTRhNjYtOTc4MC1hZDI1ZmM5MTcxOTkuSlBH','Y29wYXJ0XDIwMTYtMDgtMjQgMjAwOCBCTVcgMzM1WEkgMjcwMDI2MDZcMGEwM2EzYTItOTk0Mi00YTY2LTk3ODAtYWQyNWZjOTE3MTk5LkpQRw==',21,'','\0',640,480),(367,'aHR0cHM6Ly9jcy5jb3BhcnQuY29tL3YxL0FVVEhfc3ZjLnBkb2MwMDAwMS9QSVgxMC8wMGI0ODMzOC01NmY1LTQwYzAtYTNmMi1jZTgwYzhkNTE5YzcuSlBH','Y29wYXJ0XDIwMTYtMDgtMjQgMjAwOCBCTVcgMzM1WEkgMjcwMDI2MDZcMDBiNDgzMzgtNTZmNS00MGMwLWEzZjItY2U4MGM4ZDUxOWM3LkpQRw==',21,'','\0',640,480),(368,'aHR0cHM6Ly9jcy5jb3BhcnQuY29tL3YxL0FVVEhfc3ZjLnBkb2MwMDAwMS9QSVgxNi83ZGMyY2Y0MS0xZjYxLTQ4MTAtYWMwZC03NmI3MDgxMDkyZTEuSlBH','Y29wYXJ0XDIwMTYtMDgtMjQgMjAwOCBCTVcgNTM1WEkgMzEwMzEwNjZcN2RjMmNmNDEtMWY2MS00ODEwLWFjMGQtNzZiNzA4MTA5MmUxLkpQRw==',22,'','\0',640,480),(369,'aHR0cHM6Ly9jcy5jb3BhcnQuY29tL3YxL0FVVEhfc3ZjLnBkb2MwMDAwMS9QSVgxNi80MDM3MzFkNi1jYWQzLTRiNDYtOWJmZC02OTcxMjZlMzMwY2EuSlBH','Y29wYXJ0XDIwMTYtMDgtMjQgMjAwOCBCTVcgNTM1WEkgMzEwMzEwNjZcNDAzNzMxZDYtY2FkMy00YjQ2LTliZmQtNjk3MTI2ZTMzMGNhLkpQRw==',22,'','\0',640,480),(370,'aHR0cHM6Ly9jcy5jb3BhcnQuY29tL3YxL0FVVEhfc3ZjLnBkb2MwMDAwMS9QSVgxNi80NWQxZjZmMi1jNWQ5LTRkMWEtODNkNi1mZmJlNzNlMmE0YWUuSlBH','Y29wYXJ0XDIwMTYtMDgtMjQgMjAwOCBCTVcgNTM1WEkgMzEwMzEwNjZcNDVkMWY2ZjItYzVkOS00ZDFhLTgzZDYtZmZiZTczZTJhNGFlLkpQRw==',22,'','\0',640,480),(371,'aHR0cHM6Ly9jcy5jb3BhcnQuY29tL3YxL0FVVEhfc3ZjLnBkb2MwMDAwMS9QSVgxNi9iZWY4MmM3Yi00OTc3LTQ3YWUtYTRmOS0yM2NlYWVmYTIzMWYuSlBH','Y29wYXJ0XDIwMTYtMDgtMjQgMjAwOCBCTVcgNTM1WEkgMzEwMzEwNjZcYmVmODJjN2ItNDk3Ny00N2FlLWE0ZjktMjNjZWFlZmEyMzFmLkpQRw==',22,'','\0',640,480),(372,'aHR0cHM6Ly9jcy5jb3BhcnQuY29tL3YxL0FVVEhfc3ZjLnBkb2MwMDAwMS9QSVgxNi9hYjVlNWVmNi1hMjE2LTQwNTktYTU4ZS05ODlhYjE1ZTRlY2QuSlBH','Y29wYXJ0XDIwMTYtMDgtMjQgMjAwOCBCTVcgNTM1WEkgMzEwMzEwNjZcYWI1ZTVlZjYtYTIxNi00MDU5LWE1OGUtOTg5YWIxNWU0ZWNkLkpQRw==',22,'','\0',640,480),(373,'aHR0cHM6Ly9jcy5jb3BhcnQuY29tL3YxL0FVVEhfc3ZjLnBkb2MwMDAwMS9QSVgxNi80YzNmMDU2Yy0zNzk4LTQwY2ItYjJhZi00MjNiZmZhZDExMmIuSlBH','Y29wYXJ0XDIwMTYtMDgtMjQgMjAwOCBCTVcgNTM1WEkgMzEwMzEwNjZcNGMzZjA1NmMtMzc5OC00MGNiLWIyYWYtNDIzYmZmYWQxMTJiLkpQRw==',22,'','\0',640,480),(374,'aHR0cHM6Ly9jcy5jb3BhcnQuY29tL3YxL0FVVEhfc3ZjLnBkb2MwMDAwMS9QSVgxNi80M2JkYjNlNi1iOTFmLTRlZGUtOGY3ZC0yNTZhMGI5NWZhYWEuSlBH','Y29wYXJ0XDIwMTYtMDgtMjQgMjAwOCBCTVcgNTM1WEkgMzEwMzEwNjZcNDNiZGIzZTYtYjkxZi00ZWRlLThmN2QtMjU2YTBiOTVmYWFhLkpQRw==',22,'','\0',640,480),(375,'aHR0cHM6Ly9jcy5jb3BhcnQuY29tL3YxL0FVVEhfc3ZjLnBkb2MwMDAwMS9QSVgxNi82Njk0MDAxNC1kNDM4LTRmMjEtODdkNC0yOWRjZThjNzIyMzUuSlBH','Y29wYXJ0XDIwMTYtMDgtMjQgMjAwOCBCTVcgNTM1WEkgMzEwMzEwNjZcNjY5NDAwMTQtZDQzOC00ZjIxLTg3ZDQtMjlkY2U4YzcyMjM1LkpQRw==',22,'','\0',640,480),(376,'aHR0cHM6Ly9jcy5jb3BhcnQuY29tL3YxL0FVVEhfc3ZjLnBkb2MwMDAwMS9QSVgxNi9hMzUwMTU5Ni0zOTcxLTRiZGYtYjg2OS0xZDc1YzAyN2ZlY2MuSlBH','Y29wYXJ0XDIwMTYtMDgtMjQgMjAwOCBCTVcgNTM1WEkgMzEwMzEwNjZcYTM1MDE1OTYtMzk3MS00YmRmLWI4NjktMWQ3NWMwMjdmZWNjLkpQRw==',22,'','\0',640,480),(377,'aHR0cHM6Ly9jcy5jb3BhcnQuY29tL3YxL0FVVEhfc3ZjLnBkb2MwMDAwMS9QSVgxNi8wYzMzMTg2Ni04OThmLTQyZjktOGQ0Yy03NTAzNDQ2ZGFiNzUuSlBH','Y29wYXJ0XDIwMTYtMDgtMjQgMjAwOCBCTVcgNTM1WEkgMzEwMzEwNjZcMGMzMzE4NjYtODk4Zi00MmY5LThkNGMtNzUwMzQ0NmRhYjc1LkpQRw==',22,'','\0',640,480),(378,'aHR0cHM6Ly9jcy5jb3BhcnQuY29tL3YxL0FVVEhfc3ZjLnBkb2MwMDAwMS9QSVgxNy9kMmM4MjU0Ni1mNzE4LTQ3ZmQtOGI1MS1hODYxNjhhMDhlMGYuSlBH','Y29wYXJ0XDIwMTYtMDgtMjkgMjAwMSBHTUMgU0lFUlJBIEsyNSAzMDg1MTUzNlxkMmM4MjU0Ni1mNzE4LTQ3ZmQtOGI1MS1hODYxNjhhMDhlMGYuSlBH',23,'','\0',640,480),(379,'aHR0cHM6Ly9jcy5jb3BhcnQuY29tL3YxL0FVVEhfc3ZjLnBkb2MwMDAwMS9QSVgxNy8yZTExZGMyNC0wNGJmLTQyYTEtYWQ1Mi00YWQ5YjlhMTYzMzEuSlBH','Y29wYXJ0XDIwMTYtMDgtMjkgMjAwMSBHTUMgU0lFUlJBIEsyNSAzMDg1MTUzNlwyZTExZGMyNC0wNGJmLTQyYTEtYWQ1Mi00YWQ5YjlhMTYzMzEuSlBH',23,'','\0',640,480),(380,'aHR0cHM6Ly9jcy5jb3BhcnQuY29tL3YxL0FVVEhfc3ZjLnBkb2MwMDAwMS9QSVgxNy8zOTM1NTVmYi00NGZmLTQyNGQtYWJmOC01YmJjNWRjZGE3NzAuSlBH','Y29wYXJ0XDIwMTYtMDgtMjkgMjAwMSBHTUMgU0lFUlJBIEsyNSAzMDg1MTUzNlwzOTM1NTVmYi00NGZmLTQyNGQtYWJmOC01YmJjNWRjZGE3NzAuSlBH',23,'','\0',640,480),(381,'aHR0cHM6Ly9jcy5jb3BhcnQuY29tL3YxL0FVVEhfc3ZjLnBkb2MwMDAwMS9QSVgxNy8wZWIzN2U1Mi1hNjI5LTQ1YTktODFmZS1iMGYyMzFiYTExOTcuSlBH','Y29wYXJ0XDIwMTYtMDgtMjkgMjAwMSBHTUMgU0lFUlJBIEsyNSAzMDg1MTUzNlwwZWIzN2U1Mi1hNjI5LTQ1YTktODFmZS1iMGYyMzFiYTExOTcuSlBH',23,'','\0',640,480),(382,'aHR0cHM6Ly9jcy5jb3BhcnQuY29tL3YxL0FVVEhfc3ZjLnBkb2MwMDAwMS9QSVgxNy82NTVjYTMwMy02NWZiLTRlYjEtOTYzMy0yNTZlOWU0ZjdjNWYuSlBH','Y29wYXJ0XDIwMTYtMDgtMjkgMjAwMSBHTUMgU0lFUlJBIEsyNSAzMDg1MTUzNlw2NTVjYTMwMy02NWZiLTRlYjEtOTYzMy0yNTZlOWU0ZjdjNWYuSlBH',23,'','\0',640,480),(383,'aHR0cHM6Ly9jcy5jb3BhcnQuY29tL3YxL0FVVEhfc3ZjLnBkb2MwMDAwMS9QSVgxNy9hMjM0MjA2My05OGNiLTQ3OTEtYTg0ZS05N2FkMzJmZjE4MDEuSlBH','Y29wYXJ0XDIwMTYtMDgtMjkgMjAwMSBHTUMgU0lFUlJBIEsyNSAzMDg1MTUzNlxhMjM0MjA2My05OGNiLTQ3OTEtYTg0ZS05N2FkMzJmZjE4MDEuSlBH',23,'','\0',640,480),(384,'aHR0cHM6Ly9jcy5jb3BhcnQuY29tL3YxL0FVVEhfc3ZjLnBkb2MwMDAwMS9QSVgxNy85NGE0Mzk5OS0zOTRhLTQwNmEtOTZjZC00MTY5ODEyZGM5NWEuSlBH','Y29wYXJ0XDIwMTYtMDgtMjkgMjAwMSBHTUMgU0lFUlJBIEsyNSAzMDg1MTUzNlw5NGE0Mzk5OS0zOTRhLTQwNmEtOTZjZC00MTY5ODEyZGM5NWEuSlBH',23,'','\0',640,480),(385,'aHR0cHM6Ly9jcy5jb3BhcnQuY29tL3YxL0FVVEhfc3ZjLnBkb2MwMDAwMS9QSVgxNy9mOGZjMGQxMS1jMTEzLTQ5ZWQtYWIxMC0zYTY4OWM5NDM2ZDQuSlBH','Y29wYXJ0XDIwMTYtMDgtMjkgMjAwMSBHTUMgU0lFUlJBIEsyNSAzMDg1MTUzNlxmOGZjMGQxMS1jMTEzLTQ5ZWQtYWIxMC0zYTY4OWM5NDM2ZDQuSlBH',23,'','\0',640,480),(386,'aHR0cHM6Ly9jcy5jb3BhcnQuY29tL3YxL0FVVEhfc3ZjLnBkb2MwMDAwMS9QSVgxNy8xMDI3MjdkMy1iNThlLTQ0ZDMtOWE1ZS03OGQwZjk0OGU2NjkuSlBH','Y29wYXJ0XDIwMTYtMDgtMjkgMjAwMSBHTUMgU0lFUlJBIEsyNSAzMDg1MTUzNlwxMDI3MjdkMy1iNThlLTQ0ZDMtOWE1ZS03OGQwZjk0OGU2NjkuSlBH',23,'','\0',640,480),(387,'aHR0cHM6Ly9jcy5jb3BhcnQuY29tL3YxL0FVVEhfc3ZjLnBkb2MwMDAwMS9QSVgxNy9iZGQ1NDc0MC1jMGY4LTQ2MDQtODE5Ny1jMzUzNTJhNGM3YTUuSlBH','Y29wYXJ0XDIwMTYtMDgtMjkgMjAwMSBHTUMgU0lFUlJBIEsyNSAzMDg1MTUzNlxiZGQ1NDc0MC1jMGY4LTQ2MDQtODE5Ny1jMzUzNTJhNGM3YTUuSlBH',23,'','\0',640,480),(388,'aHR0cHM6Ly9jcy5jb3BhcnQuY29tL3YxL0FVVEhfc3ZjLnBkb2MwMDAwMS9QSVgxMy9hNDE4ZTA1YS1hY2NmLTRkMTktOTVjYi1kOGM4NTJhYzhjYzIuSlBH','Y29wYXJ0XDIwMTYtMDgtMjkgMjAwNCBDSFJZIFBBQ0lGSUNBIDI4NjUwMTY2XGE0MThlMDVhLWFjY2YtNGQxOS05NWNiLWQ4Yzg1MmFjOGNjMi5KUEc=',24,'','\0',640,480),(389,'aHR0cHM6Ly9jcy5jb3BhcnQuY29tL3YxL0FVVEhfc3ZjLnBkb2MwMDAwMS9QSVgxMy8xMGZhMjQwNS04NDE1LTQzMTMtODFjZS01MWFiOGIxNDJiNzUuSlBH','Y29wYXJ0XDIwMTYtMDgtMjkgMjAwNCBDSFJZIFBBQ0lGSUNBIDI4NjUwMTY2XDEwZmEyNDA1LTg0MTUtNDMxMy04MWNlLTUxYWI4YjE0MmI3NS5KUEc=',24,'','\0',640,480),(390,'aHR0cHM6Ly9jcy5jb3BhcnQuY29tL3YxL0FVVEhfc3ZjLnBkb2MwMDAwMS9QSVgxMy8xYjQzMDYxYi03ODdiLTQ0OGMtYTVkYy0zZjI1NjFmYTQ5MmUuSlBH','Y29wYXJ0XDIwMTYtMDgtMjkgMjAwNCBDSFJZIFBBQ0lGSUNBIDI4NjUwMTY2XDFiNDMwNjFiLTc4N2ItNDQ4Yy1hNWRjLTNmMjU2MWZhNDkyZS5KUEc=',24,'','\0',640,480),(391,'aHR0cHM6Ly9jcy5jb3BhcnQuY29tL3YxL0FVVEhfc3ZjLnBkb2MwMDAwMS9QSVgxMy9lYzdjZWQ5Ny01NzczLTQwNDAtYWJhZi04YjQ3NWVmMDM1NTUuSlBH','Y29wYXJ0XDIwMTYtMDgtMjkgMjAwNCBDSFJZIFBBQ0lGSUNBIDI4NjUwMTY2XGVjN2NlZDk3LTU3NzMtNDA0MC1hYmFmLThiNDc1ZWYwMzU1NS5KUEc=',24,'','\0',640,480),(392,'aHR0cHM6Ly9jcy5jb3BhcnQuY29tL3YxL0FVVEhfc3ZjLnBkb2MwMDAwMS9QSVgxMy8yMDFhZjk0MC00ZWJlLTRlODMtYmFiYy1jZDdiZjM5YzUzNDkuSlBH','Y29wYXJ0XDIwMTYtMDgtMjkgMjAwNCBDSFJZIFBBQ0lGSUNBIDI4NjUwMTY2XDIwMWFmOTQwLTRlYmUtNGU4My1iYWJjLWNkN2JmMzljNTM0OS5KUEc=',24,'','\0',640,480),(393,'aHR0cHM6Ly9jcy5jb3BhcnQuY29tL3YxL0FVVEhfc3ZjLnBkb2MwMDAwMS9QSVgxMy9kMzk2MWVjMC1jMGM3LTRjOWUtODk5ZC00MjFiNDdhMzQ0YjguSlBH','Y29wYXJ0XDIwMTYtMDgtMjkgMjAwNCBDSFJZIFBBQ0lGSUNBIDI4NjUwMTY2XGQzOTYxZWMwLWMwYzctNGM5ZS04OTlkLTQyMWI0N2EzNDRiOC5KUEc=',24,'','\0',640,480),(394,'aHR0cHM6Ly9jcy5jb3BhcnQuY29tL3YxL0FVVEhfc3ZjLnBkb2MwMDAwMS9QSVgxMy8yZDNmZmFlYi1hNjE2LTQ3OTItOWUwYi1mNTEyNGJhZDJkMjkuSlBH','Y29wYXJ0XDIwMTYtMDgtMjkgMjAwNCBDSFJZIFBBQ0lGSUNBIDI4NjUwMTY2XDJkM2ZmYWViLWE2MTYtNDc5Mi05ZTBiLWY1MTI0YmFkMmQyOS5KUEc=',24,'','\0',640,480),(395,'aHR0cHM6Ly9jcy5jb3BhcnQuY29tL3YxL0FVVEhfc3ZjLnBkb2MwMDAwMS9QSVgxMy83ZjA1MDVkZi04OTc0LTRiYmMtOTMxYS1mMWYyMDY2YWFkNjMuSlBH','Y29wYXJ0XDIwMTYtMDgtMjkgMjAwNCBDSFJZIFBBQ0lGSUNBIDI4NjUwMTY2XDdmMDUwNWRmLTg5NzQtNGJiYy05MzFhLWYxZjIwNjZhYWQ2My5KUEc=',24,'','\0',640,480),(396,'aHR0cHM6Ly9jcy5jb3BhcnQuY29tL3YxL0FVVEhfc3ZjLnBkb2MwMDAwMS9QSVgxMy8zNTRmNDhiZS1jMGFhLTQzY2ItOGRkNC0xMjRjMzI5NTQ1MTUuSlBH','Y29wYXJ0XDIwMTYtMDgtMjkgMjAwNCBDSFJZIFBBQ0lGSUNBIDI4NjUwMTY2XDM1NGY0OGJlLWMwYWEtNDNjYi04ZGQ0LTEyNGMzMjk1NDUxNS5KUEc=',24,'','\0',640,480),(397,'aHR0cHM6Ly9jcy5jb3BhcnQuY29tL3YxL0FVVEhfc3ZjLnBkb2MwMDAwMS9QSVgxMy9mYTY4OTYxNC1mMDEwLTRlYWItODkxZC1mYzdlY2ViODMxN2IuSlBH','Y29wYXJ0XDIwMTYtMDgtMjkgMjAwNCBDSFJZIFBBQ0lGSUNBIDI4NjUwMTY2XGZhNjg5NjE0LWYwMTAtNGVhYi04OTFkLWZjN2VjZWI4MzE3Yi5KUEc=',24,'','\0',640,480),(398,'aHR0cHM6Ly9jcy5jb3BhcnQuY29tL3YxL0FVVEhfc3ZjLnBkb2MwMDAwMS9QSVgxNy9iYTUwYTA1OS1mZmQ2LTQ3NzctODc0MS0xMzc5ODE0YjgyNjMuSlBH','Y29wYXJ0XDIwMTYtMDgtMjkgMjAwNSBGT1JEIEVTQ0FQRSBYTFMgMzAzODk4MzZcYmE1MGEwNTktZmZkNi00Nzc3LTg3NDEtMTM3OTgxNGI4MjYzLkpQRw==',25,'','\0',640,480),(399,'aHR0cHM6Ly9jcy5jb3BhcnQuY29tL3YxL0FVVEhfc3ZjLnBkb2MwMDAwMS9QSVgxNy9kNWMwYzhjNi1hZDYxLTRjOWUtYmEwOS00ZGE4NjVlNjlhODcuSlBH','Y29wYXJ0XDIwMTYtMDgtMjkgMjAwNSBGT1JEIEVTQ0FQRSBYTFMgMzAzODk4MzZcZDVjMGM4YzYtYWQ2MS00YzllLWJhMDktNGRhODY1ZTY5YTg3LkpQRw==',25,'','\0',640,480),(400,'aHR0cHM6Ly9jcy5jb3BhcnQuY29tL3YxL0FVVEhfc3ZjLnBkb2MwMDAwMS9QSVgxNy9mMTc4ZWIxMi1mMDZiLTQ1MjAtODc1YS0zM2E4MDdhYWQyNzYuSlBH','Y29wYXJ0XDIwMTYtMDgtMjkgMjAwNSBGT1JEIEVTQ0FQRSBYTFMgMzAzODk4MzZcZjE3OGViMTItZjA2Yi00NTIwLTg3NWEtMzNhODA3YWFkMjc2LkpQRw==',25,'','\0',640,480),(401,'aHR0cHM6Ly9jcy5jb3BhcnQuY29tL3YxL0FVVEhfc3ZjLnBkb2MwMDAwMS9QSVgxNy8zYWQzNmY1My0wNmViLTQ1MDYtODhlZC1mOWZmYzQ2YzIyMjcuSlBH','Y29wYXJ0XDIwMTYtMDgtMjkgMjAwNSBGT1JEIEVTQ0FQRSBYTFMgMzAzODk4MzZcM2FkMzZmNTMtMDZlYi00NTA2LTg4ZWQtZjlmZmM0NmMyMjI3LkpQRw==',25,'','\0',640,480),(402,'aHR0cHM6Ly9jcy5jb3BhcnQuY29tL3YxL0FVVEhfc3ZjLnBkb2MwMDAwMS9QSVgxNi8yMjY5NTg1ZC1mOWY0LTQ4NWItOTJiMC1iZmQyMTk2M2JhN2IuSlBH','Y29wYXJ0XDIwMTYtMDgtMjkgMjAwNSBGT1JEIEVTQ0FQRSBYTFMgMzAzODk4MzZcMjI2OTU4NWQtZjlmNC00ODViLTkyYjAtYmZkMjE5NjNiYTdiLkpQRw==',25,'','\0',640,480),(403,'aHR0cHM6Ly9jcy5jb3BhcnQuY29tL3YxL0FVVEhfc3ZjLnBkb2MwMDAwMS9QSVgxNi81YmI0ZGQyZi1jNmE1LTQ0NGEtYWNmMC0wOWI0YWE1ODhkYWEuSlBH','Y29wYXJ0XDIwMTYtMDgtMjkgMjAwNSBGT1JEIEVTQ0FQRSBYTFMgMzAzODk4MzZcNWJiNGRkMmYtYzZhNS00NDRhLWFjZjAtMDliNGFhNTg4ZGFhLkpQRw==',25,'','\0',640,480),(404,'aHR0cHM6Ly9jcy5jb3BhcnQuY29tL3YxL0FVVEhfc3ZjLnBkb2MwMDAwMS9QSVgxNi81ZTY3NmRlMi1lNjEyLTRhNTgtODE4Yi00MWI5NTFkZTc3MDQuSlBH','Y29wYXJ0XDIwMTYtMDgtMjkgMjAwNSBGT1JEIEVTQ0FQRSBYTFMgMzAzODk4MzZcNWU2NzZkZTItZTYxMi00YTU4LTgxOGItNDFiOTUxZGU3NzA0LkpQRw==',25,'','\0',640,480),(405,'aHR0cHM6Ly9jcy5jb3BhcnQuY29tL3YxL0FVVEhfc3ZjLnBkb2MwMDAwMS9QSVgxNi82NmM3YjU2OC00YWVlLTQ5NzQtOWQ2OS01OTMyZmZmNjRkZDkuSlBH','Y29wYXJ0XDIwMTYtMDgtMjkgMjAwNSBGT1JEIEVTQ0FQRSBYTFMgMzAzODk4MzZcNjZjN2I1NjgtNGFlZS00OTc0LTlkNjktNTkzMmZmZjY0ZGQ5LkpQRw==',25,'','\0',640,480),(406,'aHR0cHM6Ly9jcy5jb3BhcnQuY29tL3YxL0FVVEhfc3ZjLnBkb2MwMDAwMS9QSVgxNi8xMTQ0NGQxNi0wZjNmLTQ2NzYtOWM2MC04OTc3ODg4ZjE0ZDguSlBH','Y29wYXJ0XDIwMTYtMDgtMjkgMjAwNSBGT1JEIEVTQ0FQRSBYTFMgMzAzODk4MzZcMTE0NDRkMTYtMGYzZi00Njc2LTljNjAtODk3Nzg4OGYxNGQ4LkpQRw==',25,'','\0',640,480),(407,'aHR0cHM6Ly9jcy5jb3BhcnQuY29tL3YxL0FVVEhfc3ZjLnBkb2MwMDAwMS9QSVgxNi8zODk4ZDgyOC1lZGM2LTQxNmYtYmVlZi0wOWIwNmFmNmYyYWUuSlBH','Y29wYXJ0XDIwMTYtMDgtMjkgMjAwNSBGT1JEIEVTQ0FQRSBYTFMgMzAzODk4MzZcMzg5OGQ4MjgtZWRjNi00MTZmLWJlZWYtMDliMDZhZjZmMmFlLkpQRw==',25,'','\0',640,480),(408,'aHR0cHM6Ly9jcy5jb3BhcnQuY29tL3YxL0FVVEhfc3ZjLnBkb2MwMDAwMS9QSVgxNi9lOWNhZjYzMS0xMjMyLTQ2MTktYTAyYS1lMjhkYzk2ODU2OTMuSlBH','Y29wYXJ0XDIwMTYtMDgtMjkgMjAwNiBDSFJZIFBBQ0lGSUNBIFQgMzA0NDM3MzZcZTljYWY2MzEtMTIzMi00NjE5LWEwMmEtZTI4ZGM5Njg1NjkzLkpQRw==',26,'','\0',640,480),(409,'aHR0cHM6Ly9jcy5jb3BhcnQuY29tL3YxL0FVVEhfc3ZjLnBkb2MwMDAwMS9QSVgxNi8xOWVhZmNlYy0wYWYwLTQ5M2YtODRlNi1iMDE4Njk3ZDg1NmEuSlBH','Y29wYXJ0XDIwMTYtMDgtMjkgMjAwNiBDSFJZIFBBQ0lGSUNBIFQgMzA0NDM3MzZcMTllYWZjZWMtMGFmMC00OTNmLTg0ZTYtYjAxODY5N2Q4NTZhLkpQRw==',26,'','\0',640,480),(410,'aHR0cHM6Ly9jcy5jb3BhcnQuY29tL3YxL0FVVEhfc3ZjLnBkb2MwMDAwMS9QSVgxNi8zMGY1MzE4ZS00NmJlLTQxOTQtODk0My1kY2EyMjE3YTY1MzAuSlBH','Y29wYXJ0XDIwMTYtMDgtMjkgMjAwNiBDSFJZIFBBQ0lGSUNBIFQgMzA0NDM3MzZcMzBmNTMxOGUtNDZiZS00MTk0LTg5NDMtZGNhMjIxN2E2NTMwLkpQRw==',26,'','\0',640,480),(411,'aHR0cHM6Ly9jcy5jb3BhcnQuY29tL3YxL0FVVEhfc3ZjLnBkb2MwMDAwMS9QSVgxNi82N2VkZGZkMS04MTVmLTQ1OGQtYmQwNi03YWVjMGIzZTZhZDEuSlBH','Y29wYXJ0XDIwMTYtMDgtMjkgMjAwNiBDSFJZIFBBQ0lGSUNBIFQgMzA0NDM3MzZcNjdlZGRmZDEtODE1Zi00NThkLWJkMDYtN2FlYzBiM2U2YWQxLkpQRw==',26,'','\0',640,480),(412,'aHR0cHM6Ly9jcy5jb3BhcnQuY29tL3YxL0FVVEhfc3ZjLnBkb2MwMDAwMS9QSVgxNi9iZWVjZjczYy0wODlmLTRiNzEtODE5Yy02MTNjOWI1MjJlYjMuSlBH','Y29wYXJ0XDIwMTYtMDgtMjkgMjAwNiBDSFJZIFBBQ0lGSUNBIFQgMzA0NDM3MzZcYmVlY2Y3M2MtMDg5Zi00YjcxLTgxOWMtNjEzYzliNTIyZWIzLkpQRw==',26,'','\0',640,480),(413,'aHR0cHM6Ly9jcy5jb3BhcnQuY29tL3YxL0FVVEhfc3ZjLnBkb2MwMDAwMS9QSVgxNi81YTc1MzVhYS01ZTM4LTRmMjYtYjRmMS1lNTI2NjkyMThkODEuSlBH','Y29wYXJ0XDIwMTYtMDgtMjkgMjAwNiBDSFJZIFBBQ0lGSUNBIFQgMzA0NDM3MzZcNWE3NTM1YWEtNWUzOC00ZjI2LWI0ZjEtZTUyNjY5MjE4ZDgxLkpQRw==',26,'','\0',640,480),(414,'aHR0cHM6Ly9jcy5jb3BhcnQuY29tL3YxL0FVVEhfc3ZjLnBkb2MwMDAwMS9QSVgxNi8wM2Q3NGFmOS0zZmVhLTQ5MWItOWQ4MC03ZDNmNTZlZTljNmEuSlBH','Y29wYXJ0XDIwMTYtMDgtMjkgMjAwNiBDSFJZIFBBQ0lGSUNBIFQgMzA0NDM3MzZcMDNkNzRhZjktM2ZlYS00OTFiLTlkODAtN2QzZjU2ZWU5YzZhLkpQRw==',26,'','\0',640,480),(415,'aHR0cHM6Ly9jcy5jb3BhcnQuY29tL3YxL0FVVEhfc3ZjLnBkb2MwMDAwMS9QSVgxNi85ZTMxYzIwMS00NDU2LTQxNjYtYTkxNy0yZGFkMGMzZjQ3ZmUuSlBH','Y29wYXJ0XDIwMTYtMDgtMjkgMjAwNiBDSFJZIFBBQ0lGSUNBIFQgMzA0NDM3MzZcOWUzMWMyMDEtNDQ1Ni00MTY2LWE5MTctMmRhZDBjM2Y0N2ZlLkpQRw==',26,'','\0',640,480),(416,'aHR0cHM6Ly9jcy5jb3BhcnQuY29tL3YxL0FVVEhfc3ZjLnBkb2MwMDAwMS9QSVgxNi84M2FhYjgyYy1mNjg3LTRjMjItYjM0NS00Yzk0MjUzYWE4NDUuSlBH','Y29wYXJ0XDIwMTYtMDgtMjkgMjAwNiBDSFJZIFBBQ0lGSUNBIFQgMzA0NDM3MzZcODNhYWI4MmMtZjY4Ny00YzIyLWIzNDUtNGM5NDI1M2FhODQ1LkpQRw==',26,'','\0',640,480),(417,'aHR0cHM6Ly9jcy5jb3BhcnQuY29tL3YxL0FVVEhfc3ZjLnBkb2MwMDAwMS9QSVgxNi8zZDZjM2M4Yy1hZTZlLTRlYTktOWE1MS1kOWFiMTlhN2EwNTIuSlBH','Y29wYXJ0XDIwMTYtMDgtMjkgMjAwNiBDSFJZIFBBQ0lGSUNBIFQgMzA0NDM3MzZcM2Q2YzNjOGMtYWU2ZS00ZWE5LTlhNTEtZDlhYjE5YTdhMDUyLkpQRw==',26,'','\0',640,480),(418,'aHR0cHM6Ly9jcy5jb3BhcnQuY29tL3YxL0FVVEhfc3ZjLnBkb2MwMDAwMS9OQVAxNjA0MDEvNzQ4NDUxZTAtOTI0Ny00NDVlLWEzODctYmJlZGUzOGE2ODBlLkpQRw==','Y29wYXJ0XDIwMTYtMDgtMzAgMjAwNCBDSFJZIFBBQ0lGSUNBIDIxMTQwMzk2XDc0ODQ1MWUwLTkyNDctNDQ1ZS1hMzg3LWJiZWRlMzhhNjgwZS5KUEc=',27,'','\0',640,480),(419,'aHR0cHM6Ly9jcy5jb3BhcnQuY29tL3YxL0FVVEhfc3ZjLnBkb2MwMDAwMS9OQVAxNjA0MDEvNzExNjZmMmYtMmI0OS00N2Y1LTkwOTAtZjIzYjkxOTg3YjViLkpQRw==','Y29wYXJ0XDIwMTYtMDgtMzAgMjAwNCBDSFJZIFBBQ0lGSUNBIDIxMTQwMzk2XDcxMTY2ZjJmLTJiNDktNDdmNS05MDkwLWYyM2I5MTk4N2I1Yi5KUEc=',27,'','\0',640,480),(420,'aHR0cHM6Ly9jcy5jb3BhcnQuY29tL3YxL0FVVEhfc3ZjLnBkb2MwMDAwMS9OQVAxNjA0MDEvNmI2YzE0MmItMzg2OS00MmI0LWIyMGItYWJmMGY5ODkxYmNlLkpQRw==','Y29wYXJ0XDIwMTYtMDgtMzAgMjAwNCBDSFJZIFBBQ0lGSUNBIDIxMTQwMzk2XDZiNmMxNDJiLTM4NjktNDJiNC1iMjBiLWFiZjBmOTg5MWJjZS5KUEc=',27,'','\0',640,480),(421,'aHR0cHM6Ly9jcy5jb3BhcnQuY29tL3YxL0FVVEhfc3ZjLnBkb2MwMDAwMS9OQVAxNjA0MDEvYmE4ODI4NTYtMzY2Mi00ZDZjLTg1ZTQtNWE3YmY3OWU0OWM5LkpQRw==','Y29wYXJ0XDIwMTYtMDgtMzAgMjAwNCBDSFJZIFBBQ0lGSUNBIDIxMTQwMzk2XGJhODgyODU2LTM2NjItNGQ2Yy04NWU0LTVhN2JmNzllNDljOS5KUEc=',27,'','\0',640,480),(422,'aHR0cHM6Ly9jcy5jb3BhcnQuY29tL3YxL0FVVEhfc3ZjLnBkb2MwMDAwMS9OQVAxNjA0MDEvYmMxYzM1ZjYtZTAzOS00MjM1LTlhZTQtYTJhMTM0NmE5ZTE0LkpQRw==','Y29wYXJ0XDIwMTYtMDgtMzAgMjAwNCBDSFJZIFBBQ0lGSUNBIDIxMTQwMzk2XGJjMWMzNWY2LWUwMzktNDIzNS05YWU0LWEyYTEzNDZhOWUxNC5KUEc=',27,'','\0',640,480),(423,'aHR0cHM6Ly9jcy5jb3BhcnQuY29tL3YxL0FVVEhfc3ZjLnBkb2MwMDAwMS9OQVAxNjA0MDEvZWEwNzY2NzQtNDhmYy00ZWZhLWE5NmQtNTdiOTRiM2M2OGJhLkpQRw==','Y29wYXJ0XDIwMTYtMDgtMzAgMjAwNCBDSFJZIFBBQ0lGSUNBIDIxMTQwMzk2XGVhMDc2Njc0LTQ4ZmMtNGVmYS1hOTZkLTU3Yjk0YjNjNjhiYS5KUEc=',27,'','\0',640,480),(424,'aHR0cHM6Ly9jcy5jb3BhcnQuY29tL3YxL0FVVEhfc3ZjLnBkb2MwMDAwMS9OQVAxNjA0MDEvNjA1Yjk2MmQtYzIzNS00ZDUxLWJlODUtMGQ2ZGE4MWRkOTVjLkpQRw==','Y29wYXJ0XDIwMTYtMDgtMzAgMjAwNCBDSFJZIFBBQ0lGSUNBIDIxMTQwMzk2XDYwNWI5NjJkLWMyMzUtNGQ1MS1iZTg1LTBkNmRhODFkZDk1Yy5KUEc=',27,'','\0',640,480),(425,'aHR0cHM6Ly9jcy5jb3BhcnQuY29tL3YxL0FVVEhfc3ZjLnBkb2MwMDAwMS9OQVAxNjA0MDEvZTk4NWNlYjMtMDVkMS00YWM0LWI2MTItYTU4MDZkZTZlOThhLkpQRw==','Y29wYXJ0XDIwMTYtMDgtMzAgMjAwNCBDSFJZIFBBQ0lGSUNBIDIxMTQwMzk2XGU5ODVjZWIzLTA1ZDEtNGFjNC1iNjEyLWE1ODA2ZGU2ZTk4YS5KUEc=',27,'','\0',640,480),(426,'aHR0cHM6Ly9jcy5jb3BhcnQuY29tL3YxL0FVVEhfc3ZjLnBkb2MwMDAwMS9OQVAxNjA0MDEvY2ZkOWQ1NTktODRiMS00Zjg5LTk1ZDEtNWZhZjI5Y2JlYzE0LkpQRw==','Y29wYXJ0XDIwMTYtMDgtMzAgMjAwNCBDSFJZIFBBQ0lGSUNBIDIxMTQwMzk2XGNmZDlkNTU5LTg0YjEtNGY4OS05NWQxLTVmYWYyOWNiZWMxNC5KUEc=',27,'','\0',640,480),(427,'aHR0cHM6Ly9jcy5jb3BhcnQuY29tL3YxL0FVVEhfc3ZjLnBkb2MwMDAwMS9OQVAxNjA0MDEvNGQ5NDk0ZWQtZmViYy00MzFiLWFmOTctMjQzYjkwNjRmYjJlLkpQRw==','Y29wYXJ0XDIwMTYtMDgtMzAgMjAwNCBDSFJZIFBBQ0lGSUNBIDIxMTQwMzk2XDRkOTQ5NGVkLWZlYmMtNDMxYi1hZjk3LTI0M2I5MDY0ZmIyZS5KUEc=',27,'','\0',640,480),(428,'aHR0cHM6Ly9jcy5jb3BhcnQuY29tL3YxL0FVVEhfc3ZjLnBkb2MwMDAwMS9QSVgxMS8zNWY4YWYzOS1kZTk0LTQyMjktYTc1My1lY2IwZDZiZjdmMzUuSlBH','Y29wYXJ0XDIwMTYtMDgtMzAgMjAwOSBGT1JEIEVYUExPUkVSIEUgMjg3MDA1MDZcMzVmOGFmMzktZGU5NC00MjI5LWE3NTMtZWNiMGQ2YmY3ZjM1LkpQRw==',28,'','\0',640,480),(429,'aHR0cHM6Ly9jcy5jb3BhcnQuY29tL3YxL0FVVEhfc3ZjLnBkb2MwMDAwMS9QSVgxMS8yYWNjMGRmZS1hZjc4LTQ2ZGUtODNkNi1mYzdkNzQ1OTM2YmEuSlBH','Y29wYXJ0XDIwMTYtMDgtMzAgMjAwOSBGT1JEIEVYUExPUkVSIEUgMjg3MDA1MDZcMmFjYzBkZmUtYWY3OC00NmRlLTgzZDYtZmM3ZDc0NTkzNmJhLkpQRw==',28,'','\0',640,480),(430,'aHR0cHM6Ly9jcy5jb3BhcnQuY29tL3YxL0FVVEhfc3ZjLnBkb2MwMDAwMS9QSVgxMS82ZDg3MjhjMC0yNmQwLTQwNjQtOGQ5Ny05NTA2ZTZmNGQyOWQuSlBH','Y29wYXJ0XDIwMTYtMDgtMzAgMjAwOSBGT1JEIEVYUExPUkVSIEUgMjg3MDA1MDZcNmQ4NzI4YzAtMjZkMC00MDY0LThkOTctOTUwNmU2ZjRkMjlkLkpQRw==',28,'','\0',640,480),(431,'aHR0cHM6Ly9jcy5jb3BhcnQuY29tL3YxL0FVVEhfc3ZjLnBkb2MwMDAwMS9QSVgxMS8yYjNjYzRkNy1mZGE5LTQyZGMtOTI0My1jYThmMWY3NmE5OWIuSlBH','Y29wYXJ0XDIwMTYtMDgtMzAgMjAwOSBGT1JEIEVYUExPUkVSIEUgMjg3MDA1MDZcMmIzY2M0ZDctZmRhOS00MmRjLTkyNDMtY2E4ZjFmNzZhOTliLkpQRw==',28,'','\0',640,480),(432,'aHR0cHM6Ly9jcy5jb3BhcnQuY29tL3YxL0FVVEhfc3ZjLnBkb2MwMDAwMS9QSVgxMS8zYjlmMzQwYS0wMzk1LTRlNjMtOGZlYy1hMmM3MTMwNTg4NjYuSlBH','Y29wYXJ0XDIwMTYtMDgtMzAgMjAwOSBGT1JEIEVYUExPUkVSIEUgMjg3MDA1MDZcM2I5ZjM0MGEtMDM5NS00ZTYzLThmZWMtYTJjNzEzMDU4ODY2LkpQRw==',28,'','\0',640,480),(433,'aHR0cHM6Ly9jcy5jb3BhcnQuY29tL3YxL0FVVEhfc3ZjLnBkb2MwMDAwMS9QSVgxMS81YWYwMGRmOS04NGI4LTQ2MWYtYTY0OC00YjJmYTk4MzdjZDAuSlBH','Y29wYXJ0XDIwMTYtMDgtMzAgMjAwOSBGT1JEIEVYUExPUkVSIEUgMjg3MDA1MDZcNWFmMDBkZjktODRiOC00NjFmLWE2NDgtNGIyZmE5ODM3Y2QwLkpQRw==',28,'','\0',640,480),(434,'aHR0cHM6Ly9jcy5jb3BhcnQuY29tL3YxL0FVVEhfc3ZjLnBkb2MwMDAwMS9QSVgxMS8wOTMzZjJlMS0wYzM2LTRlMDMtOWNmNy1jMDNkNjQ1NTZhZWMuSlBH','Y29wYXJ0XDIwMTYtMDgtMzAgMjAwOSBGT1JEIEVYUExPUkVSIEUgMjg3MDA1MDZcMDkzM2YyZTEtMGMzNi00ZTAzLTljZjctYzAzZDY0NTU2YWVjLkpQRw==',28,'','\0',640,480),(435,'aHR0cHM6Ly9jcy5jb3BhcnQuY29tL3YxL0FVVEhfc3ZjLnBkb2MwMDAwMS9QSVgxMS8zYmRlNTBlMC0wODg2LTRjNjAtOWE3YS0wODViMTE2ZmFjOTUuSlBH','Y29wYXJ0XDIwMTYtMDgtMzAgMjAwOSBGT1JEIEVYUExPUkVSIEUgMjg3MDA1MDZcM2JkZTUwZTAtMDg4Ni00YzYwLTlhN2EtMDg1YjExNmZhYzk1LkpQRw==',28,'','\0',640,480),(436,'aHR0cHM6Ly9jcy5jb3BhcnQuY29tL3YxL0FVVEhfc3ZjLnBkb2MwMDAwMS9QSVgxMS8yODc4NjU5NS00Y2QxLTQ4ZDUtODYwZS1iYTU1MjdlMWQ4ZTguSlBH','Y29wYXJ0XDIwMTYtMDgtMzAgMjAwOSBGT1JEIEVYUExPUkVSIEUgMjg3MDA1MDZcMjg3ODY1OTUtNGNkMS00OGQ1LTg2MGUtYmE1NTI3ZTFkOGU4LkpQRw==',28,'','\0',640,480),(437,'aHR0cHM6Ly9jcy5jb3BhcnQuY29tL3YxL0FVVEhfc3ZjLnBkb2MwMDAwMS9QSVgxMS9jOGYyMzI2OC1hNjZjLTQ3NTEtYjQyZC0zODA5OTMyMzE4NDcuSlBH','Y29wYXJ0XDIwMTYtMDgtMzAgMjAwOSBGT1JEIEVYUExPUkVSIEUgMjg3MDA1MDZcYzhmMjMyNjgtYTY2Yy00NzUxLWI0MmQtMzgwOTkzMjMxODQ3LkpQRw==',28,'','\0',640,480),(468,'aHR0cHM6Ly9jcy5jb3BhcnQuY29tL3YxL0FVVEhfc3ZjLnBkb2MwMDAwMS9QSVg4LzA5MjMyZGU4LTk1ODMtNGRjOS1hZTg5LTQyMTIwZTNkMmRmZi5KUEc=','Y29wYXJ0XDIwMTYtMDgtMDIgMjAwMSBTQUEgOS0zIFZJR0dFTiAyNjgzMjIwNlwwOTIzMmRlOC05NTgzLTRkYzktYWU4OS00MjEyMGUzZDJkZmYuSlBH',3,'','\0',640,480),(469,'aHR0cHM6Ly9jcy5jb3BhcnQuY29tL3YxL0FVVEhfc3ZjLnBkb2MwMDAwMS9QSVg4LzIzNjkzMjExLTBlYWUtNDU2OS1hOWNlLTlhNGYyMjA3YmU0ZS5KUEc=','Y29wYXJ0XDIwMTYtMDgtMDIgMjAwMSBTQUEgOS0zIFZJR0dFTiAyNjgzMjIwNlwyMzY5MzIxMS0wZWFlLTQ1NjktYTljZS05YTRmMjIwN2JlNGUuSlBH',3,'','\0',640,480),(470,'aHR0cHM6Ly9jcy5jb3BhcnQuY29tL3YxL0FVVEhfc3ZjLnBkb2MwMDAwMS9QSVg4L2UzN2E0NTliLTgxODgtNDBmOS1iYTc5LWZhNGM4MzQ2ZjhhZS5KUEc=','Y29wYXJ0XDIwMTYtMDgtMDIgMjAwMSBTQUEgOS0zIFZJR0dFTiAyNjgzMjIwNlxlMzdhNDU5Yi04MTg4LTQwZjktYmE3OS1mYTRjODM0NmY4YWUuSlBH',3,'','\0',640,480),(471,'aHR0cHM6Ly9jcy5jb3BhcnQuY29tL3YxL0FVVEhfc3ZjLnBkb2MwMDAwMS9QSVg4LzA0OTQ5NTQ1LTRhMjctNDM1Yy05MjBhLTE3ZjM1MjQwZjg2Zi5KUEc=','Y29wYXJ0XDIwMTYtMDgtMDIgMjAwMSBTQUEgOS0zIFZJR0dFTiAyNjgzMjIwNlwwNDk0OTU0NS00YTI3LTQzNWMtOTIwYS0xN2YzNTI0MGY4NmYuSlBH',3,'','\0',640,480),(472,'aHR0cHM6Ly9jcy5jb3BhcnQuY29tL3YxL0FVVEhfc3ZjLnBkb2MwMDAwMS9QSVg4L2RmMTM2YWY2LTg2NTItNDAzZS04NGQxLTY2ODhiNDllMzQ3NC5KUEc=','Y29wYXJ0XDIwMTYtMDgtMDIgMjAwMSBTQUEgOS0zIFZJR0dFTiAyNjgzMjIwNlxkZjEzNmFmNi04NjUyLTQwM2UtODRkMS02Njg4YjQ5ZTM0NzQuSlBH',3,'','\0',640,480),(473,'aHR0cHM6Ly9jcy5jb3BhcnQuY29tL3YxL0FVVEhfc3ZjLnBkb2MwMDAwMS9QSVg4LzBhZTE3YjYxLTQ2NDEtNDRhMy1hZWY2LTljMzdkY2Y5ZDhmNC5KUEc=','Y29wYXJ0XDIwMTYtMDgtMDIgMjAwMSBTQUEgOS0zIFZJR0dFTiAyNjgzMjIwNlwwYWUxN2I2MS00NjQxLTQ0YTMtYWVmNi05YzM3ZGNmOWQ4ZjQuSlBH',3,'','\0',640,480),(474,'aHR0cHM6Ly9jcy5jb3BhcnQuY29tL3YxL0FVVEhfc3ZjLnBkb2MwMDAwMS9QSVg4LzRiOTQ5YmEwLTFjZjMtNDdmZS1iYTRhLTYzNjUyZTI5ODI3MS5KUEc=','Y29wYXJ0XDIwMTYtMDgtMDIgMjAwMSBTQUEgOS0zIFZJR0dFTiAyNjgzMjIwNlw0Yjk0OWJhMC0xY2YzLTQ3ZmUtYmE0YS02MzY1MmUyOTgyNzEuSlBH',3,'','\0',640,480),(475,'aHR0cHM6Ly9jcy5jb3BhcnQuY29tL3YxL0FVVEhfc3ZjLnBkb2MwMDAwMS9QSVg4LzU4YWIzYjM2LTQ1NmEtNDYwYS1hNzJhLTBkMmRhYWZhMTg0Zi5KUEc=','Y29wYXJ0XDIwMTYtMDgtMDIgMjAwMSBTQUEgOS0zIFZJR0dFTiAyNjgzMjIwNlw1OGFiM2IzNi00NTZhLTQ2MGEtYTcyYS0wZDJkYWFmYTE4NGYuSlBH',3,'','\0',640,480),(476,'aHR0cHM6Ly9jcy5jb3BhcnQuY29tL3YxL0FVVEhfc3ZjLnBkb2MwMDAwMS9QSVg4LzQ2ZjUwNjQ3LTdiZGYtNDZiNi04MWNkLTFiM2JkZTRhY2NjOC5KUEc=','Y29wYXJ0XDIwMTYtMDgtMDIgMjAwMSBTQUEgOS0zIFZJR0dFTiAyNjgzMjIwNlw0NmY1MDY0Ny03YmRmLTQ2YjYtODFjZC0xYjNiZGU0YWNjYzguSlBH',3,'','\0',640,480),(477,'aHR0cHM6Ly9jcy5jb3BhcnQuY29tL3YxL0FVVEhfc3ZjLnBkb2MwMDAwMS9QSVg4LzkyM2M2N2YzLTNjYWYtNGMwZi1hNWE2LTdkZGE5NTgyMjI1YS5KUEc=','Y29wYXJ0XDIwMTYtMDgtMDIgMjAwMSBTQUEgOS0zIFZJR0dFTiAyNjgzMjIwNlw5MjNjNjdmMy0zY2FmLTRjMGYtYTVhNi03ZGRhOTU4MjIyNWEuSlBH',3,'','\0',640,480);
/*!40000 ALTER TABLE `lot_images` ENABLE KEYS */;
UNLOCK TABLES;

--
-- Table structure for table `lot_list`
--

DROP TABLE IF EXISTS `lot_list`;
/*!40101 SET @saved_cs_client     = @@character_set_client */;
/*!40101 SET character_set_client = utf8 */;
CREATE TABLE `lot_list` (
  `IdLot` int(11) NOT NULL AUTO_INCREMENT,
  `Key` varchar(50) NOT NULL COMMENT 'Ключ лота',
  `IdAuction` int(11) NOT NULL COMMENT 'Идентификатор аукциона',
  `SaleDate` datetime DEFAULT NULL,
  `VIN` varchar(20) DEFAULT NULL,
  `DataFolder` varchar(255) DEFAULT NULL,
  `BaseURL` text COMMENT 'Базовый URL лота',
  `ManufactYear` int(11) DEFAULT NULL COMMENT 'Год выпуска',
  `Maker` tinytext COMMENT 'Марка',
  `Model` text COMMENT 'Модель',
  PRIMARY KEY (`IdLot`),
  UNIQUE KEY `Key_UNIQUE` (`Key`)
) ENGINE=InnoDB AUTO_INCREMENT=60 DEFAULT CHARSET=utf8 COMMENT='Список лотов';
/*!40101 SET character_set_client = @saved_cs_client */;

--
-- Dumping data for table `lot_list`
--

LOCK TABLES `lot_list` WRITE;
/*!40000 ALTER TABLE `lot_list` DISABLE KEYS */;
INSERT INTO `lot_list` VALUES (1,'27549956',1,'2016-08-01 00:00:00','YS3FD59Y061025626','Y29wYXJ0XDIwMTYtMDgtMDEgMjAwNiBTQUEgOS0zIEJBU0UgMjc1NDk5NTY=','aHR0cDovL3d3Mi5jb3BhcnQuY29tL3VzL0xvdC8yNzU0OTk1Ng==',2006,'U0FBQg==','OTMgQkFTRQ=='),(2,'29586186',1,'2016-08-01 00:00:00','WDBUF72X57B052532','Y29wYXJ0XDIwMTYtMDgtMDEgMjAwNyBNRVJaIEU1NTAgMjk1ODYxODY=','aHR0cDovL3d3Mi5jb3BhcnQuY29tL3VzL0xvdC8yOTU4NjE4Ng==',2007,'TUVSQ0VERVMtQkVOWg==','RTU1MA=='),(3,'26832206',1,'2016-08-02 00:00:00','YS3DP75G517014537','Y29wYXJ0XDIwMTYtMDgtMDIgMjAwMSBTQUEgOS0zIFZJR0dFTiAyNjgzMjIwNg==','aHR0cDovL3d3Mi5jb3BhcnQuY29tL3VzL0xvdC8yNjgzMjIwNg==',2001,'U0FBQg==','OS0zIFZJR0dFTg=='),(4,'27603896',1,'2016-08-03 00:00:00','1FMYU94195KA61160','Y29wYXJ0XDIwMTYtMDgtMDMgMjAwNSBGT1JEIEVTQ0FQRSBMSU0gMjc2MDM4OTY=','aHR0cDovL3d3Mi5jb3BhcnQuY29tL3VzL0xvdC8yNzYwMzg5Ng==',2005,'Rk9SRA==','RVNDQVBFIExJTQ=='),(5,'19346976',1,'2016-08-03 00:00:00','YV1MS382992442662','Y29wYXJ0XDIwMTYtMDgtMDMgMjAwOSBWT0xWIFM0MCAyLjRJIDE5MzQ2OTc2','aHR0cDovL3d3Mi5jb3BhcnQuY29tL3VzL0xvdC8xOTM0Njk3Ng==',2009,'Vk9MVk8=','UzQwIDIuNEk='),(6,'28872686',1,'2016-08-05 00:00:00','WBSBR93463PK01858','Y29wYXJ0XDIwMTYtMDgtMDUgMjAwMyBCTVcgTTMgMjg4NzI2ODY=','aHR0cDovL3d3Mi5jb3BhcnQuY29tL3VzL0xvdC8yODg3MjY4Ng==',2003,'Qk1X','TTM='),(7,'28830436',1,'2016-08-08 00:00:00','YV1CZ59H041036161','Y29wYXJ0XDIwMTYtMDgtMDggMjAwNCBWT0xWIFhDOTAgMjg4MzA0MzY=','aHR0cDovL3d3Mi5jb3BhcnQuY29tL3VzL0xvdC8yODgzMDQzNg==',2004,'Vk9MVk8=','WEM5MA=='),(8,'15588476',1,'2016-08-10 00:00:00','2C8GF68424R646223','Y29wYXJ0XDIwMTYtMDgtMTAgMjAwNCBDSFJZIFBBQ0lGSUNBIDE1NTg4NDc2','aHR0cDovL3d3Mi5jb3BhcnQuY29tL3VzL0xvdC8xNTU4ODQ3Ng==',2004,'Q0hSWVNMRVI=','UEFDSUZJQ0E='),(9,'29253816',1,'2016-08-10 00:00:00','WDBRF87H76F767607','Y29wYXJ0XDIwMTYtMDgtMTAgMjAwNiBNRVJaIEMzNTAgQVdEIDI5MjUzODE2','aHR0cDovL3d3Mi5jb3BhcnQuY29tL3VzL0xvdC8yOTI1MzgxNg==',2006,'TUVSQ0VERVMtQkVOWg==','QzM1MCBBV0Q='),(10,'23293936',1,'2016-08-10 00:00:00','WBANF73537CU23004','Y29wYXJ0XDIwMTYtMDgtMTAgMjAwNyBCTVcgNTMwWEkgMjMyOTM5MzY=','aHR0cDovL3d3Mi5jb3BhcnQuY29tL3VzL0xvdC8yMzI5MzkzNg==',2007,'Qk1X','NTMwWEk='),(11,'22627156',1,'2016-08-11 00:00:00','WBANU5C57AC460610','Y29wYXJ0XDIwMTYtMDgtMTEgMjAxMCBCTVcgNTI4SSAyMjYyNzE1Ng==','aHR0cDovL3d3Mi5jb3BhcnQuY29tL3VzL0xvdC8yMjYyNzE1Ng==',2010,'Qk1X','NTI4SQ=='),(12,'28650356',1,'2016-08-12 00:00:00','WBANF73587CU23127','Y29wYXJ0XDIwMTYtMDgtMTIgMjAwNyBCTVcgNTMwWEkgMjg2NTAzNTY=','aHR0cDovL3d3Mi5jb3BhcnQuY29tL3VzL0xvdC8yODY1MDM1Ng==',2007,'Qk1X','NTMwWEk='),(13,'28879476',1,'2016-08-15 00:00:00','WAUDH74F06N167078','Y29wYXJ0XDIwMTYtMDgtMTUgMjAwNiBBVURJIEE2IDMuMiBRVUEgMjg4Nzk0NzY=','aHR0cDovL3d3Mi5jb3BhcnQuY29tL3VzL0xvdC8yODg3OTQ3Ng==',2006,'QVVESQ==','QTYgMy4yIFFVQQ=='),(14,'28947246',1,'2016-08-16 00:00:00','WDBNG74JX3A366798','Y29wYXJ0XDIwMTYtMDgtMTYgMjAwMyBNRVJaIFM1NSBBTUcgMjg5NDcyNDY=','aHR0cDovL3d3Mi5jb3BhcnQuY29tL3VzL0xvdC8yODk0NzI0Ng==',2003,'TUVSQ0VERVMtQkVOWg==','UzU1IEFNRw=='),(15,'27491616',1,'2016-08-16 00:00:00','YV1AS982X81059372','Y29wYXJ0XDIwMTYtMDgtMTYgMjAwOCBWT0xWIFM4MCAzLjIgRlcgMjc0OTE2MTY=','aHR0cDovL3d3Mi5jb3BhcnQuY29tL3VzL0xvdC8yNzQ5MTYxNg==',2008,'Vk9MVk8=','UzgwIDMuMiBGVw=='),(16,'29018936',1,'2016-08-22 00:00:00','YV1CM592651141671','Y29wYXJ0XDIwMTYtMDgtMjIgMjAwNSBWT0xWIFhDOTAgMjkwMTg5MzY=','aHR0cDovL3d3Mi5jb3BhcnQuY29tL3VzL0xvdC8yOTAxODkzNg==',2005,'Vk9MVk8=','WEM5MA=='),(17,'30971336',1,'2016-08-23 00:00:00','YV1MH682362159198','Y29wYXJ0XDIwMTYtMDgtMjMgMjAwNiBWT0xWIFM0MCBUNSBBV0QgMzA5NzEzMzY=','aHR0cDovL3d3Mi5jb3BhcnQuY29tL3VzL0xvdC8zMDk3MTMzNg==',2006,'Vk9MVk8=','UzQwIFQ1IEFXRA=='),(18,'30578196',1,'2016-08-23 00:00:00','YV1MS382082382706','Y29wYXJ0XDIwMTYtMDgtMjMgMjAwOCBWT0xWIFM0MCAyLjRJIDMwNTc4MTk2','aHR0cDovL3d3Mi5jb3BhcnQuY29tL3VzL0xvdC8zMDU3ODE5Ng==',2008,'Vk9MVk8=','UzQwIDIuNEk='),(19,'31099776',1,'2016-08-24 00:00:00','WVWPD63BX3P094208','Y29wYXJ0XDIwMTYtMDgtMjQgMjAwMyBWT0xLIFBBU1NBVCBHTFMgMzEwOTk3NzY=','aHR0cDovL3d3Mi5jb3BhcnQuY29tL3VzL0xvdC8zMTA5OTc3Ng==',2003,'Vk9MS1NXQUdFTg==','UEFTU0FUIEdMUw=='),(20,'31751976',1,'2016-08-24 00:00:00','WBANB33525B089295','Y29wYXJ0XDIwMTYtMDgtMjQgMjAwNSBCTVcgNTQ1SSAzMTc1MTk3Ng==','aHR0cDovL3d3Mi5jb3BhcnQuY29tL3VzL0xvdC8zMTc1MTk3Ng==',2005,'Qk1X','NTQ1SQ=='),(21,'27002606',1,'2016-08-24 00:00:00','WBAVD53578A010848','Y29wYXJ0XDIwMTYtMDgtMjQgMjAwOCBCTVcgMzM1WEkgMjcwMDI2MDY=','aHR0cDovL3d3Mi5jb3BhcnQuY29tL3VzL0xvdC8yNzAwMjYwNg==',2008,'Qk1X','MzM1WEk='),(22,'31031066',1,'2016-08-24 00:00:00','WBANV93598C131311','Y29wYXJ0XDIwMTYtMDgtMjQgMjAwOCBCTVcgNTM1WEkgMzEwMzEwNjY=','aHR0cDovL3d3Mi5jb3BhcnQuY29tL3VzL0xvdC8zMTAzMTA2Ng==',2008,'Qk1X','NTM1WEk='),(23,'30851536',1,'2016-08-29 00:00:00','1GTHK23131F209101','Y29wYXJ0XDIwMTYtMDgtMjkgMjAwMSBHTUMgU0lFUlJBIEsyNSAzMDg1MTUzNg==','aHR0cDovL3d3Mi5jb3BhcnQuY29tL3VzL0xvdC8zMDg1MTUzNg==',2001,'R01D','U0lFUlJBIEsyNQ=='),(24,'28650166',1,'2016-08-29 00:00:00','2C4GM68404R639939','Y29wYXJ0XDIwMTYtMDgtMjkgMjAwNCBDSFJZIFBBQ0lGSUNBIDI4NjUwMTY2','aHR0cDovL3d3Mi5jb3BhcnQuY29tL3VzL0xvdC8yODY1MDE2Ng==',2004,'Q0hSWVNMRVI=','UEFDSUZJQ0E='),(25,'30389836',1,'2016-08-29 00:00:00','1FMYU92Z05KA48287','Y29wYXJ0XDIwMTYtMDgtMjkgMjAwNSBGT1JEIEVTQ0FQRSBYTFMgMzAzODk4MzY=','aHR0cDovL3d3Mi5jb3BhcnQuY29tL3VzL0xvdC8zMDM4OTgzNg==',2005,'Rk9SRA==','RVNDQVBFIFhMUw=='),(26,'30443736',1,'2016-08-29 00:00:00','2A4GF68486R652400','Y29wYXJ0XDIwMTYtMDgtMjkgMjAwNiBDSFJZIFBBQ0lGSUNBIFQgMzA0NDM3MzY=','aHR0cDovL3d3Mi5jb3BhcnQuY29tL3VzL0xvdC8zMDQ0MzczNg==',2006,'Q0hSWVNMRVI=','UEFDSUZJQ0EgVA=='),(27,'21140396',1,'2016-08-30 00:00:00','2C8GF68474R302256','Y29wYXJ0XDIwMTYtMDgtMzAgMjAwNCBDSFJZIFBBQ0lGSUNBIDIxMTQwMzk2','aHR0cDovL3d3Mi5jb3BhcnQuY29tL3VzL0xvdC8yMTE0MDM5Ng==',2004,'Q0hSWVNMRVI=','UEFDSUZJQ0E='),(28,'28700506',1,'2016-08-30 00:00:00','1FMEU74E09UA31498','Y29wYXJ0XDIwMTYtMDgtMzAgMjAwOSBGT1JEIEVYUExPUkVSIEUgMjg3MDA1MDY=','aHR0cDovL3d3Mi5jb3BhcnQuY29tL3VzL0xvdC8yODcwMDUwNg==',2009,'Rk9SRA==','RVhQTE9SRVIgRQ=='),(47,'24317391',2,'2017-02-20 07:25:09','2G1FD3D35F9280204','aWFhaVxsb3QgMQ==','aHR0cHM6Ly93d3cuaWFhaS5jb20vVmVoaWNsZT9pdGVtSUQ9MjQzMTczOTEmUm93TnVtYmVyPTA=',2015,'Q0hFVlJPTEVU','Q0FNQVJP'),(48,'23751969',2,'2017-02-20 07:25:39','5UXFE43579L262117','aWFhaVxsb3QgMg==','aHR0cHM6Ly93d3cuaWFhaS5jb20vVmVoaWNsZT9pdGVtSUQ9MjM3NTE5NjkmUm93TnVtYmVyPTA=',2009,'Qk1X','WDU='),(49,'24272670',2,'2017-02-20 07:26:17','2C3KA53G56H256493','aWFhaVxsb3QgMw==','aHR0cHM6Ly93d3cuaWFhaS5jb20vVmVoaWNsZT9pdGVtSUQ9MjQyNzI2NzAmUm93TnVtYmVyPTA=',2006,'Q0hSWVNMRVI=','MzAw'),(50,'24342561',2,'2017-02-20 07:26:56','2C4RC1DG6HR620865','aWFhaVxsb3QgNA==','aHR0cHM6Ly93d3cuaWFhaS5jb20vVmVoaWNsZT9pdGVtSUQ9MjQzNDI1NjEmUm93TnVtYmVyPTA=',2017,'Q0hSWVNMRVI=','UEFDSUZJQ0E='),(51,'24329767',2,'2017-02-20 07:30:46','FH22G9G206553','aWFhaVxsb3QgNQ==','aHR0cHM6Ly93d3cuaWFhaS5jb20vVmVoaWNsZT9pdGVtSUQ9MjQzMjk3NjcmUm93TnVtYmVyPTA=',1979,'Q0hSWVNMRVI=','TEVCQVJPTg=='),(57,'24317209',2,'2017-02-20 08:42:45','TRUSC28N531018896','aWFhaVxsb3QgNw==','aHR0cHM6Ly93d3cuaWFhaS5jb20vVmVoaWNsZT9pdGVtSUQ9MjQzMTcyMDkmUm93TnVtYmVyPTA=',2003,'QVVESQ==','VFQ='),(59,'24264311',2,'2017-02-20 08:45:31','5UXFB93523LN79896','aWFhaVxsb3QgOA==','aHR0cHM6Ly93d3cuaWFhaS5jb20vVmVoaWNsZT9pdGVtSUQ9MjQyNjQzMTEmUm93TnVtYmVyPTU=',2003,'Qk1X','WDU=');
/*!40000 ALTER TABLE `lot_list` ENABLE KEYS */;
UNLOCK TABLES;

--
-- Table structure for table `lot_params_values`
--

DROP TABLE IF EXISTS `lot_params_values`;
/*!40101 SET @saved_cs_client     = @@character_set_client */;
/*!40101 SET character_set_client = utf8 */;
CREATE TABLE `lot_params_values` (
  `IdParamValue` bigint(20) NOT NULL AUTO_INCREMENT,
  `IdLot` int(11) NOT NULL COMMENT 'Идентификатор лота',
  `IdParam` bigint(20) NOT NULL COMMENT 'Идентификатор параметра',
  `Value` text COMMENT 'Значение параметра. Т.к. нет типа данных sql_variant или его аналога, то все значения приводятся к строковому виду',
  PRIMARY KEY (`IdParamValue`)
) ENGINE=InnoDB AUTO_INCREMENT=7755 DEFAULT CHARSET=utf8 COMMENT='Параметры лотов';
/*!40101 SET character_set_client = @saved_cs_client */;

--
-- Dumping data for table `lot_params_values`
--

LOCK TABLES `lot_params_values` WRITE;
/*!40000 ALTER TABLE `lot_params_values` DISABLE KEYS */;
INSERT INTO `lot_params_values` VALUES (1,1,1,'NEVER_BID'),(2,1,108,'A'),(3,1,2,'N'),(4,1,3,'0'),(5,1,4,'275'),(6,1,5,NULL),(7,1,6,'2558'),(8,1,7,'0'),(9,1,8,'0'),(10,1,9,NULL),(11,1,10,NULL),(12,1,11,'0'),(13,1,12,'0'),(14,1,13,'0'),(15,1,14,'0'),(16,1,15,'a:2:{s:9:\"dateAsInt\";s:8:\"20160801\";s:4:\"date\";s:13:\"1470034800000\";}'),(17,1,16,'Sold'),(18,1,17,'N'),(19,1,18,NULL),(20,1,19,'false'),(21,1,20,'0'),(22,1,21,'N'),(23,1,22,'false'),(24,1,23,'0'),(25,1,24,'0'),(26,1,25,'N'),(27,1,26,'S'),(28,1,27,'N'),(29,1,28,'0'),(30,1,29,'25'),(31,1,30,'N'),(32,1,31,'false'),(33,1,32,'false'),(34,1,33,'B'),(35,1,34,'false'),(36,1,35,'false'),(37,1,36,'N'),(38,1,37,'0'),(39,1,40,'icon'),(40,1,41,'DEFAULT'),(41,1,109,'null null'),(42,1,110,'a:1:{i:0;s:6:\"CPRTUS\";}'),(43,1,111,'COPART'),(44,1,42,'27549956'),(45,1,43,'27549956'),(46,1,44,'SAAB'),(47,1,45,'93 BASE'),(48,1,46,'2006'),(49,1,47,'YS3FD59Y061025626'),(50,1,48,'4159'),(51,1,49,'7740'),(52,1,50,'E'),(53,1,51,'54132'),(54,1,52,'EXEMPT'),(55,1,53,'2.0L  4'),(56,1,54,'4'),(57,1,55,'2006 SAAB 93 BASE'),(58,1,56,'NC - CHINA GROVE'),(59,1,57,'USD'),(60,1,58,'EST'),(61,1,59,'1470063600000'),(62,1,60,'10:00:00.000000'),(63,1,61,'2558'),(64,1,62,'0'),(65,1,63,'5'),(66,1,64,NULL),(67,1,65,'0'),(68,1,66,'false'),(69,1,67,'NC'),(70,1,68,'SC'),(71,1,69,'SALVAGE CERTIFICATE OF TITLE'),(72,1,112,'TITLEGROUP_S'),(73,1,70,'FRONT END'),(74,1,71,'https://cs.copart.com/v1/AUTH_svc.pdoc00001/PIX9/c75365ce-e42d-4f3e-84e0-556c5767b3bb.JPG'),(75,1,72,'a:3:{i:0;s:2:\"IV\";i:1;s:3:\"NLC\";i:2;s:6:\"CERT-E\";}'),(76,1,73,'VIR01'),(77,1,74,'FR'),(78,1,75,'B'),(79,1,76,'F'),(80,1,77,'41'),(81,1,78,'41'),(82,1,79,'false'),(83,1,80,'100'),(84,1,81,'-80.55975'),(85,1,82,'35.57693'),(86,1,83,'28023'),(87,1,84,'USA'),(88,1,85,'CHINA GROVE'),(89,1,86,'NC'),(90,1,113,'5 SPEED MANUAL'),(91,1,114,'false'),(92,1,88,'0'),(93,1,89,'SAA'),(94,1,90,'CERT-E'),(95,1,91,'STATION'),(96,1,92,'GAS'),(97,1,93,'ENHANCED VEHICLES'),(98,1,94,'BLUE'),(99,1,95,'GAS'),(100,1,96,'YES'),(101,1,97,'Front-wheel Drive'),(102,1,115,'Pure Sale'),(103,1,98,'C'),(104,1,99,'AMM'),(105,1,100,'AMICA MUTUAL INSURANCE CO'),(106,1,101,'AM54'),(107,1,102,'false'),(108,1,116,'false'),(109,1,117,'INSURANCE COMPANY'),(110,1,104,'true'),(111,1,105,'AUTOMOBILE'),(112,2,1,'NEVER_BID'),(113,2,108,'A'),(114,2,2,'N'),(115,2,3,'0'),(116,2,4,'1500'),(117,2,5,NULL),(118,2,6,'1'),(119,2,7,'0'),(120,2,8,'0'),(121,2,9,NULL),(122,2,10,NULL),(123,2,11,'1500'),(124,2,12,'0'),(125,2,13,'0'),(126,2,14,'0'),(127,2,15,'a:2:{s:9:\"dateAsInt\";s:8:\"20160801\";s:4:\"date\";s:13:\"1470034800000\";}'),(128,2,16,'Sold'),(129,2,17,'N'),(130,2,18,NULL),(131,2,19,'false'),(132,2,20,'0'),(133,2,21,'N'),(134,2,22,'false'),(135,2,23,'0'),(136,2,24,'0'),(137,2,25,'N'),(138,2,26,'S'),(139,2,27,'N'),(140,2,28,'0'),(141,2,29,'50'),(142,2,30,'N'),(143,2,31,'false'),(144,2,32,'false'),(145,2,33,'A'),(146,2,34,'false'),(147,2,35,'false'),(148,2,36,'N'),(149,2,37,'0'),(150,2,40,'icon'),(151,2,41,'DEFAULT'),(152,2,109,'null null'),(153,2,110,'a:1:{i:0;s:6:\"CPRTUS\";}'),(154,2,111,'COPART'),(155,2,42,'29586186'),(156,2,43,'29586186'),(157,2,44,'MERCEDES-BENZ'),(158,2,45,'E550'),(159,2,46,'2007'),(160,2,47,'WDBUF72X57B052532'),(161,2,48,'0'),(162,2,49,'0'),(163,2,50,'N'),(164,2,51,'113599'),(165,2,52,'NOT ACTUAL'),(166,2,53,'5.4L  8'),(167,2,54,'8'),(168,2,55,'2007 MERCEDES-BENZ E550'),(169,2,56,'VA - HAMPTON'),(170,2,57,'USD'),(171,2,58,'EST'),(172,2,59,'1470063600000'),(173,2,60,'10:00:00.000000'),(174,2,61,'1'),(175,2,62,'0'),(176,2,63,'2'),(177,2,64,NULL),(178,2,65,'0'),(179,2,66,'false'),(180,2,67,'VA'),(181,2,68,'CT'),(182,2,69,'CERTIFICATE OF TITLE'),(183,2,112,'TITLEGROUP_C'),(184,2,70,'FRONT END'),(185,2,71,'https://cs.copart.com/v1/AUTH_svc.pdoc00001/PIX14/4fc701ab-1deb-47d7-861c-e936786ff074.JPG'),(186,2,72,'a:2:{i:0;s:2:\"IV\";i:1;s:6:\"CERT-D\";}'),(187,2,73,'E010'),(188,2,74,'FR'),(189,2,75,'A'),(190,2,76,'F'),(191,2,77,'162'),(192,2,78,'162'),(193,2,79,'false'),(194,2,80,'90'),(195,2,81,'-76.34522'),(196,2,82,'37.02986'),(197,2,83,'23666'),(198,2,84,'USA'),(199,2,85,'HAMPTON'),(200,2,86,'VA'),(201,2,113,'UNKNOWN OTHER/AUTOMATIC'),(202,2,114,'false'),(203,2,88,'0'),(204,2,89,'MERZ'),(205,2,90,'CERT-D'),(206,2,106,'MECHANICAL'),(207,2,91,'SEDAN 4D'),(208,2,92,'GAS'),(209,2,93,'RUNS AND DRIVES'),(210,2,94,'SILVER'),(211,2,95,'GAS'),(212,2,96,'YES'),(213,2,97,'Rear-wheel drive'),(214,2,115,'Minimum Bid'),(215,2,98,'C'),(216,2,99,'CDS'),(217,2,100,'COPART DEALER SERVICES'),(218,2,101,'VIR0'),(219,2,102,'false'),(220,2,116,'false'),(221,2,117,'CDS DEALER'),(222,2,104,'false'),(223,2,105,'AUTOMOBILE'),(224,3,1,'NEVER_BID'),(225,3,108,'A'),(226,3,2,'N'),(227,3,3,'0'),(228,3,4,'200'),(229,3,5,NULL),(230,3,6,'4179'),(231,3,7,'0'),(232,3,8,'0'),(233,3,9,NULL),(234,3,10,NULL),(235,3,11,'350'),(236,3,12,'0'),(237,3,13,'0'),(238,3,14,'0'),(239,3,15,'a:2:{s:9:\"dateAsInt\";s:8:\"20160802\";s:4:\"date\";s:13:\"1470121200000\";}'),(240,3,16,'Sold'),(241,3,17,'N'),(242,3,18,NULL),(243,3,19,'false'),(244,3,20,'0'),(245,3,21,'N'),(246,3,22,'false'),(247,3,23,'0'),(248,3,24,'0'),(249,3,25,'N'),(250,3,26,'S'),(251,3,27,'N'),(252,3,28,'0'),(253,3,29,'25'),(254,3,30,'N'),(255,3,31,'false'),(256,3,32,'false'),(257,3,33,'D'),(258,3,34,'false'),(259,3,35,'false'),(260,3,36,'N'),(261,3,37,'0'),(262,3,40,'icon'),(263,3,41,'DEFAULT'),(264,3,109,'null null'),(265,3,110,'a:1:{i:0;s:6:\"CPRTUS\";}'),(266,3,111,'COPART'),(267,3,42,'26832206'),(268,3,43,'26832206'),(269,3,44,'SAAB'),(270,3,45,'9-3 VIGGEN'),(271,3,46,'2001'),(272,3,47,'YS3DP75G517014537'),(273,3,48,'4788'),(274,3,49,'9692.28'),(275,3,50,'E'),(276,3,51,'0'),(277,3,52,'EXEMPT'),(278,3,53,'2.3L  4'),(279,3,54,'4'),(280,3,55,'2001 SAAB 9-3 VIGGEN'),(281,3,56,'CT - HARTFORD'),(282,3,57,'USD'),(283,3,58,'EST'),(284,3,59,'1470150000000'),(285,3,60,'10:00:00.000000'),(286,3,61,'4179'),(287,3,62,'0'),(288,3,63,'2'),(289,3,64,NULL),(290,3,65,'0'),(291,3,66,'false'),(292,3,67,'PA'),(293,3,68,'SC'),(294,3,69,'CERTIFICATE OF SALVAGE'),(295,3,112,'TITLEGROUP_S'),(296,3,70,'ROLLOVER'),(297,3,71,'https://cs.copart.com/v1/AUTH_svc.pdoc00001/PIX8/80bf9885-ea87-4eef-9da3-5c349d3c7a33.JPG'),(298,3,72,'a:2:{i:0;s:2:\"IV\";i:1;s:6:\"CERT-E\";}'),(299,3,73,'BB040'),(300,3,74,'RO'),(301,3,75,'D'),(302,3,76,'F'),(303,3,77,'23'),(304,3,78,'23'),(305,3,79,'false'),(306,3,80,'150'),(307,3,81,'-72.75101'),(308,3,82,'41.65041'),(309,3,83,'06051'),(310,3,84,'USA'),(311,3,85,'NEW BRITAIN'),(312,3,86,'CT'),(313,3,113,'5 SPEED MANUAL'),(314,3,114,'false'),(315,3,88,'0'),(316,3,89,'SAA'),(317,3,90,'CERT-E'),(318,3,91,'CONVERTI'),(319,3,92,'GAS'),(320,3,93,'ENHANCED VEHICLES'),(321,3,94,'SILVER'),(322,3,95,'GAS'),(323,3,96,'YES'),(324,3,97,'Front-wheel Drive'),(325,3,115,'Minimum Bid'),(326,3,98,'C'),(327,3,99,'SAF'),(328,3,100,'SAFECO INSURANCE COMPANIES'),(329,3,101,'SAPL'),(330,3,102,'false'),(331,3,116,'false'),(332,3,117,'INSURANCE COMPANY'),(333,3,104,'true'),(334,3,105,'AUTOMOBILE'),(335,4,1,'NEVER_BID'),(336,4,108,'A'),(337,4,2,'N'),(338,4,3,'0'),(339,4,4,'450'),(340,4,5,NULL),(341,4,6,'3024'),(342,4,7,'0'),(343,4,8,'0'),(344,4,9,NULL),(345,4,10,NULL),(346,4,11,'0'),(347,4,12,'0'),(348,4,13,'0'),(349,4,14,'0'),(350,4,15,'a:2:{s:9:\"dateAsInt\";s:8:\"20160803\";s:4:\"date\";s:13:\"1470207600000\";}'),(351,4,16,'Sold'),(352,4,17,'N'),(353,4,18,NULL),(354,4,19,'false'),(355,4,20,'0'),(356,4,21,'N'),(357,4,22,'false'),(358,4,23,'0'),(359,4,24,'0'),(360,4,25,'N'),(361,4,26,'S'),(362,4,27,'N'),(363,4,28,'0'),(364,4,29,'25'),(365,4,30,'N'),(366,4,31,'false'),(367,4,32,'false'),(368,4,33,'C'),(369,4,34,'false'),(370,4,35,'false'),(371,4,36,'N'),(372,4,37,'0'),(373,4,40,'icon'),(374,4,41,'DEFAULT'),(375,4,109,'null null'),(376,4,110,'a:1:{i:0;s:6:\"CPRTUS\";}'),(377,4,111,'COPART'),(378,4,42,'27603896'),(379,4,43,'27603896'),(380,4,44,'FORD'),(381,4,45,'ESCAPE LIM'),(382,4,46,'2005'),(383,4,47,'1FMYU94195KA61160'),(384,4,48,'6113'),(385,4,49,'4649.17'),(386,4,50,'E'),(387,4,51,'133787'),(388,4,52,'EXEMPT'),(389,4,53,'3.0L  6'),(390,4,54,'6'),(391,4,55,'2005 FORD ESCAPE LIM'),(392,4,56,'NY - LONG ISLAND'),(393,4,57,'USD'),(394,4,58,'EST'),(395,4,59,'1470236400000'),(396,4,60,'10:00:00.000000'),(397,4,61,'3024'),(398,4,62,'0'),(399,4,63,'5'),(400,4,64,NULL),(401,4,65,'0'),(402,4,66,'false'),(403,4,67,'NY'),(404,4,68,'DV'),(405,4,69,'MV-907A DISMANTLERS'),(406,4,112,'TITLEGROUP_S'),(407,4,70,'FRONT END'),(408,4,71,'https://cs.copart.com/v1/AUTH_svc.pdoc00001/PIX9/9f51f8c3-02c6-4d54-abfc-ff2d4cd38363.JPG'),(409,4,72,'a:2:{i:0;s:2:\"IV\";i:1;s:6:\"CERT-D\";}'),(410,4,73,'I130'),(411,4,74,'FR'),(412,4,75,'C'),(413,4,76,'F'),(414,4,77,'30'),(415,4,78,'30'),(416,4,79,'false'),(417,4,80,'70'),(418,4,81,'-72.93093'),(419,4,82,'40.77763'),(420,4,83,'11719'),(421,4,84,'USA'),(422,4,85,'BROOKHAVEN'),(423,4,86,'NY'),(424,4,113,'4 SPEED AUTOMATIC'),(425,4,114,'false'),(426,4,88,'0'),(427,4,89,'FORD'),(428,4,90,'CERT-D'),(429,4,91,'4DR SPOR'),(430,4,92,'GAS'),(431,4,93,'RUNS AND DRIVES'),(432,4,94,'BLACK'),(433,4,95,'GAS'),(434,4,96,'YES'),(435,4,97,'Four by Four'),(436,4,115,'Pure Sale'),(437,4,98,'C'),(438,4,99,'KGY'),(439,4,100,'KINGSWAY GENERAL INSURANCE'),(440,4,101,'MD02'),(441,4,102,'false'),(442,4,116,'false'),(443,4,117,'INSURANCE COMPANY'),(444,4,104,'true'),(445,4,105,'AUTOMOBILE'),(446,5,1,'NEVER_BID'),(447,5,108,'A'),(448,5,2,'N'),(449,5,3,'0'),(450,5,4,'1100'),(451,5,5,NULL),(452,5,6,'2540'),(453,5,7,'0'),(454,5,8,'0'),(455,5,9,NULL),(456,5,10,NULL),(457,5,11,'1200'),(458,5,12,'0'),(459,5,13,'0'),(460,5,14,'0'),(461,5,15,'a:2:{s:9:\"dateAsInt\";s:8:\"20160803\";s:4:\"date\";s:13:\"1470207600000\";}'),(462,5,16,'Sold'),(463,5,17,'N'),(464,5,18,NULL),(465,5,19,'false'),(466,5,20,'0'),(467,5,21,'N'),(468,5,22,'false'),(469,5,23,'0'),(470,5,24,'0'),(471,5,25,'N'),(472,5,26,'S'),(473,5,27,'N'),(474,5,28,'0'),(475,5,29,'50'),(476,5,30,'N'),(477,5,31,'false'),(478,5,32,'false'),(479,5,33,'B'),(480,5,34,'false'),(481,5,35,'false'),(482,5,36,'N'),(483,5,37,'0'),(484,5,40,'icon'),(485,5,41,'DEFAULT'),(486,5,109,'null null'),(487,5,110,'a:1:{i:0;s:6:\"CPRTUS\";}'),(488,5,111,'COPART'),(489,5,42,'19346976'),(490,5,43,'19346976'),(491,5,44,'VOLVO'),(492,5,45,'S40 2.4I'),(493,5,46,'2009'),(494,5,47,'YV1MS382992442662'),(495,5,48,'8377'),(496,5,49,'9985'),(497,5,50,'A'),(498,5,51,'112214'),(499,5,52,'ACTUAL'),(500,5,53,'2.4L  5'),(501,5,54,'5'),(502,5,55,'2009 VOLVO S40 2.4I'),(503,5,56,'GA - ATLANTA NORTH'),(504,5,57,'USD'),(505,5,58,'EST'),(506,5,59,'1470236400000'),(507,5,60,'10:00:00.000000'),(508,5,61,'2540'),(509,5,62,'0'),(510,5,63,'2'),(511,5,64,NULL),(512,5,65,'0'),(513,5,66,'false'),(514,5,67,'GA'),(515,5,68,'ST'),(516,5,69,'CERT OF TITLE-SALVAGE'),(517,5,112,'TITLEGROUP_S'),(518,5,70,'SIDE'),(519,5,71,'https://cs.copart.com/v1/AUTH_svc.pdoc00001/NAP160315/84c3e69b-f5f6-4352-8627-a8e84694d23a.JPG'),(520,5,72,'a:4:{i:0;s:2:\"IV\";i:1;s:6:\"S-SZ94\";i:2;s:3:\"NLC\";i:3;s:6:\"CERT-S\";}'),(521,5,73,'VIR01'),(522,5,74,'SD'),(523,5,75,'B'),(524,5,76,'F'),(525,5,77,'157'),(526,5,78,'157'),(527,5,79,'false'),(528,5,80,'100'),(529,5,81,'-84.38798'),(530,5,82,'33.74899'),(531,5,83,'30507'),(532,5,84,'USA'),(533,5,85,'GAINESVILLE'),(534,5,86,'GA'),(535,5,113,'P'),(536,5,114,'false'),(537,5,88,'0'),(538,5,89,'VOLV'),(539,5,90,'CERT-S'),(540,5,106,'UNDERCARRIAGE'),(541,5,91,'SEDAN 4D'),(542,5,92,'GAS'),(543,5,93,'ENGINE START PROGRAM'),(544,5,94,'WHITE'),(545,5,95,'GAS'),(546,5,96,'YES'),(547,5,97,'Front-wheel Drive'),(548,5,115,'Minimum Bid'),(549,5,98,'C'),(550,5,99,'STF'),(551,5,100,'State Farm Insurance'),(552,5,101,'SZ94'),(553,5,102,'true'),(554,5,116,'false'),(555,5,117,'INSURANCE COMPANY'),(556,5,104,'true'),(557,5,105,'AUTOMOBILE'),(558,6,1,'NEVER_BID'),(559,6,108,'A'),(560,6,2,'N'),(561,6,3,'0'),(562,6,4,'2650'),(563,6,5,NULL),(564,6,6,'4064'),(565,6,7,'0'),(566,6,8,'0'),(567,6,9,NULL),(568,6,10,NULL),(569,6,11,'3500'),(570,6,12,'0'),(571,6,13,'0'),(572,6,14,'0'),(573,6,15,'a:2:{s:9:\"dateAsInt\";s:8:\"20160805\";s:4:\"date\";s:13:\"1470380400000\";}'),(574,6,16,'Sold'),(575,6,17,'N'),(576,6,18,NULL),(577,6,19,'false'),(578,6,20,'0'),(579,6,21,'N'),(580,6,22,'false'),(581,6,23,'0'),(582,6,24,'0'),(583,6,25,'N'),(584,6,26,'S'),(585,6,27,'N'),(586,6,28,'0'),(587,6,29,'50'),(588,6,30,'N'),(589,6,31,'false'),(590,6,32,'false'),(591,6,33,'D'),(592,6,34,'false'),(593,6,35,'false'),(594,6,36,'N'),(595,6,37,'0'),(596,6,40,'icon'),(597,6,41,'DEFAULT'),(598,6,109,'null null'),(599,6,110,'a:1:{i:0;s:6:\"CPRTUS\";}'),(600,6,111,'COPART'),(601,6,42,'28872686'),(602,6,43,'28872686'),(603,6,44,'BMW'),(604,6,45,'M3'),(605,6,46,'2003'),(606,6,47,'WBSBR93463PK01858'),(607,6,48,'13385'),(608,6,49,'12364'),(609,6,50,'A'),(610,6,51,'113067'),(611,6,52,'ACTUAL'),(612,6,53,'3.2L  6'),(613,6,54,'6'),(614,6,55,'2003 BMW M3'),(615,6,56,'PA - PHILADELPHIA'),(616,6,57,'USD'),(617,6,58,'EST'),(618,6,59,'1470409200000'),(619,6,60,'10:00:00.000000'),(620,6,61,'4064'),(621,6,62,'0'),(622,6,63,'2'),(623,6,64,NULL),(624,6,65,'0'),(625,6,66,'false'),(626,6,67,'PA'),(627,6,68,'BF'),(628,6,69,'CERT OF SALVAGE-W=FLOOD VEH'),(629,6,112,'TITLEGROUP_S'),(630,6,70,'FRONT END'),(631,6,71,'https://cs.copart.com/v1/AUTH_svc.pdoc00001/PIX13/17865e1d-cec7-4bb7-8b81-c7aa42fbd5a3.JPG'),(632,6,72,'a:4:{i:0;s:2:\"IV\";i:1;s:6:\"S-S859\";i:2;s:3:\"NLC\";i:3;s:6:\"CERT-E\";}'),(633,6,73,'VIR01'),(634,6,74,'FR'),(635,6,75,'D'),(636,6,76,'F'),(637,6,77,'26'),(638,6,78,'26'),(639,6,79,'false'),(640,6,80,'90'),(641,6,81,'-75.47159'),(642,6,82,'40.39977'),(643,6,83,'18073'),(644,6,84,'USA'),(645,6,85,'PENNSBURG'),(646,6,86,'PA'),(647,6,113,'6 SPEED MANUAL'),(648,6,114,'false'),(649,6,88,'0'),(650,6,89,'BMW'),(651,6,90,'CERT-E'),(652,6,91,'CONVERTI'),(653,6,92,'GAS'),(654,6,93,'ENHANCED VEHICLES'),(655,6,94,'SILVER'),(656,6,95,'GAS'),(657,6,96,'YES'),(658,6,97,'Rear-wheel drive'),(659,6,115,'Minimum Bid'),(660,6,98,'C'),(661,6,99,'STF'),(662,6,100,'State Farm Insurance'),(663,6,101,'S859'),(664,6,102,'true'),(665,6,116,'false'),(666,6,117,'INSURANCE COMPANY'),(667,6,104,'true'),(668,6,105,'AUTOMOBILE'),(669,7,1,'NEVER_BID'),(670,7,108,'A'),(671,7,2,'N'),(672,7,3,'0'),(673,7,4,'1050'),(674,7,5,NULL),(675,7,6,'31'),(676,7,7,'0'),(677,7,8,'0'),(678,7,9,NULL),(679,7,10,NULL),(680,7,11,'0'),(681,7,12,'0'),(682,7,13,'0'),(683,7,14,'0'),(684,7,15,'a:2:{s:9:\"dateAsInt\";s:8:\"20160808\";s:4:\"date\";s:13:\"1470639600000\";}'),(685,7,16,'Sold'),(686,7,17,'N'),(687,7,18,NULL),(688,7,19,'false'),(689,7,20,'0'),(690,7,21,'N'),(691,7,22,'false'),(692,7,23,'0'),(693,7,24,'0'),(694,7,25,'N'),(695,7,26,'S'),(696,7,27,'N'),(697,7,28,'0'),(698,7,29,'50'),(699,7,30,'N'),(700,7,31,'false'),(701,7,32,'false'),(702,7,33,'A'),(703,7,34,'false'),(704,7,35,'false'),(705,7,36,'N'),(706,7,37,'0'),(707,7,40,'icon'),(708,7,41,'DEFAULT'),(709,7,109,'null null'),(710,7,110,'a:1:{i:0;s:6:\"CPRTUS\";}'),(711,7,111,'COPART'),(712,7,42,'28830436'),(713,7,43,'28830436'),(714,7,44,'VOLVO'),(715,7,45,'XC90'),(716,7,46,'2004'),(717,7,47,'YV1CZ59H041036161'),(718,7,48,'5018'),(719,7,49,'6355'),(720,7,50,'A'),(721,7,51,'158134'),(722,7,52,'ACTUAL'),(723,7,53,'2.5L  5'),(724,7,54,'5'),(725,7,55,'2004 VOLVO XC90'),(726,7,56,'PA - YORK HAVEN'),(727,7,57,'USD'),(728,7,58,'EST'),(729,7,59,'1470668400000'),(730,7,60,'10:00:00.000000'),(731,7,61,'31'),(732,7,62,'0'),(733,7,63,'5'),(734,7,64,NULL),(735,7,65,'0'),(736,7,66,'false'),(737,7,67,'PA'),(738,7,68,'SC'),(739,7,69,'CERTIFICATE OF SALVAGE'),(740,7,112,'TITLEGROUP_S'),(741,7,70,'SIDE'),(742,7,71,'https://cs.copart.com/v1/AUTH_svc.pdoc00001/PIX13/95f5e03c-bb86-4fe9-9c01-ab879a100182.JPG'),(743,7,72,'a:3:{i:0;s:2:\"IV\";i:1;s:3:\"NLC\";i:2;s:6:\"CERT-D\";}'),(744,7,73,'VIR01'),(745,7,74,'SD'),(746,7,75,'A'),(747,7,76,'F'),(748,7,77,'127'),(749,7,78,'127'),(750,7,79,'false'),(751,7,80,'90'),(752,7,81,'-76.78693'),(753,7,82,'40.11242'),(754,7,83,'17370'),(755,7,84,'USA'),(756,7,85,'YORK HAVEN'),(757,7,86,'PA'),(758,7,113,'P'),(759,7,114,'false'),(760,7,88,'0'),(761,7,89,'VOLV'),(762,7,90,'CERT-D'),(763,7,91,'4DR SPOR'),(764,7,92,'GAS'),(765,7,93,'RUNS AND DRIVES'),(766,7,94,'SILVER'),(767,7,95,'GAS'),(768,7,96,'YES'),(769,7,97,'All wheel drive'),(770,7,115,'Pure Sale'),(771,7,98,'C'),(772,7,99,'ERI'),(773,7,100,'ERIE INSURANCE COMPANY'),(774,7,101,'EQC5'),(775,7,102,'false'),(776,7,116,'false'),(777,7,117,'INSURANCE COMPANY'),(778,7,104,'true'),(779,7,105,'AUTOMOBILE'),(780,8,1,'NEVER_BID'),(781,8,108,'A'),(782,8,2,'N'),(783,8,3,'0'),(784,8,4,'650'),(785,8,5,NULL),(786,8,6,'102'),(787,8,7,'0'),(788,8,8,'0'),(789,8,9,NULL),(790,8,10,NULL),(791,8,11,'675'),(792,8,12,'0'),(793,8,13,'0'),(794,8,14,'0'),(795,8,15,'a:2:{s:9:\"dateAsInt\";s:8:\"20160810\";s:4:\"date\";s:13:\"1470812400000\";}'),(796,8,16,'Sold'),(797,8,17,'N'),(798,8,18,NULL),(799,8,19,'false'),(800,8,20,'0'),(801,8,21,'N'),(802,8,22,'false'),(803,8,23,'0'),(804,8,24,'0'),(805,8,25,'N'),(806,8,26,'S'),(807,8,27,'N'),(808,8,28,'0'),(809,8,29,'25'),(810,8,30,'N'),(811,8,31,'false'),(812,8,32,'false'),(813,8,33,'A'),(814,8,34,'false'),(815,8,35,'false'),(816,8,36,'N'),(817,8,37,'0'),(818,8,40,'icon'),(819,8,41,'DEFAULT'),(820,8,109,'null null'),(821,8,110,'a:1:{i:0;s:6:\"CPRTUS\";}'),(822,8,111,'COPART'),(823,8,42,'15588476'),(824,8,43,'15588476'),(825,8,44,'CHRYSLER'),(826,8,45,'PACIFICA'),(827,8,46,'2004'),(828,8,47,'2C8GF68424R646223'),(829,8,48,'0'),(830,8,49,'0'),(831,8,50,'A'),(832,8,51,'84687'),(833,8,52,'ACTUAL'),(834,8,53,'3.5L  6'),(835,8,54,'6'),(836,8,55,'2004 CHRYSLER PACIFICA'),(837,8,56,'MA - WEST WARREN'),(838,8,57,'USD'),(839,8,58,'EST'),(840,8,59,'1470841200000'),(841,8,60,'10:00:00.000000'),(842,8,61,'102'),(843,8,62,'0'),(844,8,63,'2'),(845,8,64,NULL),(846,8,65,'0'),(847,8,66,'false'),(848,8,67,'MA'),(849,8,68,'ST'),(850,8,69,'CERT OF TITLE-SALVAGE'),(851,8,112,'TITLEGROUP_S'),(852,8,70,'MINOR DENT/SCRATCHES'),(853,8,71,'https://cs.copart.com/v1/AUTH_svc.pdoc00001/NAP160122/542966ce-c2c2-452b-b4a5-4bf0ea750dd7.JPG'),(854,8,72,'a:2:{i:0;s:2:\"IV\";i:1;s:6:\"CERT-D\";}'),(855,8,73,'VIR01'),(856,8,74,'MN'),(857,8,75,'A'),(858,8,76,'F'),(859,8,77,'149'),(860,8,78,'149'),(861,8,79,'false'),(862,8,80,'70'),(863,8,81,'-72.22597'),(864,8,82,'42.21504'),(865,8,83,'01092'),(866,8,84,'USA'),(867,8,85,'WEST WARREN'),(868,8,86,'MA'),(869,8,113,'4 SPEED AUTOMATIC'),(870,8,114,'false'),(871,8,88,'0'),(872,8,89,'CHRY'),(873,8,90,'CERT-D'),(874,8,91,'4DR SPOR'),(875,8,92,'GAS'),(876,8,93,'RUNS AND DRIVES'),(877,8,94,'BLACK'),(878,8,95,'GAS'),(879,8,96,'YES'),(880,8,97,'All wheel drive'),(881,8,115,'Minimum Bid'),(882,8,98,'C'),(883,8,99,'COP'),(884,8,100,'COPART AUTO AUCTIONS'),(885,8,101,'C023'),(886,8,102,'false'),(887,8,116,'false'),(888,8,117,'COPART OWNED'),(889,8,104,'false'),(890,8,105,'AUTOMOBILE'),(891,9,1,'NEVER_BID'),(892,9,108,'A'),(893,9,2,'N'),(894,9,3,'0'),(895,9,4,'1750'),(896,9,5,NULL),(897,9,6,'3'),(898,9,7,'0'),(899,9,8,'0'),(900,9,9,NULL),(901,9,10,NULL),(902,9,11,'1750'),(903,9,12,'0'),(904,9,13,'0'),(905,9,14,'0'),(906,9,15,'a:2:{s:9:\"dateAsInt\";s:8:\"20160810\";s:4:\"date\";s:13:\"1470812400000\";}'),(907,9,16,'Sold'),(908,9,17,'N'),(909,9,18,NULL),(910,9,19,'false'),(911,9,20,'0'),(912,9,21,'N'),(913,9,22,'false'),(914,9,23,'0'),(915,9,24,'0'),(916,9,25,'N'),(917,9,26,'S'),(918,9,27,'N'),(919,9,28,'0'),(920,9,29,'50'),(921,9,30,'N'),(922,9,31,'false'),(923,9,32,'false'),(924,9,33,'A'),(925,9,34,'false'),(926,9,35,'false'),(927,9,36,'N'),(928,9,37,'0'),(929,9,40,'icon'),(930,9,41,'DEFAULT'),(931,9,109,'null null'),(932,9,110,'a:1:{i:0;s:6:\"CPRTUS\";}'),(933,9,111,'COPART'),(934,9,42,'29253816'),(935,9,43,'29253816'),(936,9,44,'MERCEDES-BENZ'),(937,9,45,'C350 AWD'),(938,9,46,'2006'),(939,9,47,'WDBRF87H76F767607'),(940,9,48,'10405'),(941,9,49,'7499'),(942,9,50,'A'),(943,9,51,'53045'),(944,9,52,'ACTUAL'),(945,9,53,'3.5L  6'),(946,9,54,'6'),(947,9,55,'2006 MERCEDES-BENZ C350 AWD'),(948,9,56,'NY - ALBANY'),(949,9,57,'USD'),(950,9,58,'EST'),(951,9,59,'1470841200000'),(952,9,60,'10:00:00.000000'),(953,9,61,'3'),(954,9,62,'0'),(955,9,63,'2'),(956,9,64,NULL),(957,9,65,'0'),(958,9,66,'false'),(959,9,67,'NY'),(960,9,68,'SM'),(961,9,69,'MV-907A SALVAGE CERTIFICATE'),(962,9,112,'TITLEGROUP_S'),(963,9,70,'REAR END'),(964,9,71,'https://cs.copart.com/v1/AUTH_svc.pdoc00001/PIX14/e2a4407d-7f95-413a-b250-868000aca9ea.JPG'),(965,9,72,'a:3:{i:0;s:2:\"IV\";i:1;s:6:\"S-S859\";i:2;s:6:\"CERT-E\";}'),(966,9,73,'D030'),(967,9,74,'RR'),(968,9,75,'A'),(969,9,76,'F'),(970,9,77,'94'),(971,9,78,'94'),(972,9,79,'false'),(973,9,80,'40'),(974,9,81,'-73.8563'),(975,9,82,'42.73553'),(976,9,83,'12205'),(977,9,84,'USA'),(978,9,85,'ALBANY'),(979,9,86,'NY'),(980,9,113,'P'),(981,9,114,'false'),(982,9,88,'0'),(983,9,89,'MERZ'),(984,9,90,'CERT-E'),(985,9,91,'SEDAN 4D'),(986,9,92,'GAS'),(987,9,93,'ENHANCED VEHICLES'),(988,9,94,'GRAY'),(989,9,95,'GAS'),(990,9,96,'YES'),(991,9,97,'All wheel drive'),(992,9,115,'Minimum Bid'),(993,9,98,'C'),(994,9,99,'STF'),(995,9,100,'State Farm Insurance'),(996,9,101,'S859'),(997,9,102,'true'),(998,9,116,'false'),(999,9,117,'INSURANCE COMPANY'),(1000,9,104,'true'),(1001,9,105,'AUTOMOBILE'),(1002,10,1,'NEVER_BID'),(1003,10,108,'A'),(1004,10,2,'N'),(1005,10,3,'0'),(1006,10,4,'1900'),(1007,10,5,NULL),(1008,10,6,'2522'),(1009,10,7,'0'),(1010,10,8,'0'),(1011,10,9,NULL),(1012,10,10,NULL),(1013,10,11,'2000'),(1014,10,12,'0'),(1015,10,13,'0'),(1016,10,14,'0'),(1017,10,15,'a:2:{s:9:\"dateAsInt\";s:8:\"20160810\";s:4:\"date\";s:13:\"1470812400000\";}'),(1018,10,16,'Sold'),(1019,10,17,'N'),(1020,10,18,NULL),(1021,10,19,'false'),(1022,10,20,'0'),(1023,10,21,'N'),(1024,10,22,'false'),(1025,10,23,'0'),(1026,10,24,'0'),(1027,10,25,'N'),(1028,10,26,'S'),(1029,10,27,'N'),(1030,10,28,'0'),(1031,10,29,'50'),(1032,10,30,'N'),(1033,10,31,'false'),(1034,10,32,'false'),(1035,10,33,'B'),(1036,10,34,'false'),(1037,10,35,'false'),(1038,10,36,'N'),(1039,10,37,'0'),(1040,10,40,'icon'),(1041,10,41,'DEFAULT'),(1042,10,109,'null null'),(1043,10,110,'a:1:{i:0;s:6:\"CPRTUS\";}'),(1044,10,111,'COPART'),(1045,10,42,'23293936'),(1046,10,43,'23293936'),(1047,10,44,'BMW'),(1048,10,45,'530XI'),(1049,10,46,'2007'),(1050,10,47,'WBANF73537CU23004'),(1051,10,48,'10229'),(1052,10,49,'10262'),(1053,10,50,'N'),(1054,10,51,'0'),(1055,10,52,'NOT ACTUAL'),(1056,10,53,'3.0L  6'),(1057,10,54,'6'),(1058,10,55,'2007 BMW 530XI'),(1059,10,56,'KY - LEXINGTON WEST'),(1060,10,57,'USD'),(1061,10,58,'EST'),(1062,10,59,'1470841200000'),(1063,10,60,'10:00:00.000000'),(1064,10,61,'2522'),(1065,10,62,'0'),(1066,10,63,'2'),(1067,10,64,NULL),(1068,10,65,'0'),(1069,10,66,'false'),(1070,10,67,'KY'),(1071,10,68,'ST'),(1072,10,69,'CERT OF TITLE-SALVAGE'),(1073,10,112,'TITLEGROUP_S'),(1074,10,70,'SIDE'),(1075,10,71,'https://cs.copart.com/v1/AUTH_svc.pdoc00001/PIX3/733fe8ff-702e-4632-9771-f0011195d4a7.JPG'),(1076,10,72,'a:3:{i:0;s:2:\"IV\";i:1;s:6:\"S-S789\";i:2;s:6:\"CERT-E\";}'),(1077,10,73,'SD003'),(1078,10,74,'SD'),(1079,10,75,'B'),(1080,10,76,'F'),(1081,10,77,'83'),(1082,10,78,'83'),(1083,10,79,'false'),(1084,10,80,'100'),(1085,10,81,'-84.88802'),(1086,10,82,'38.03235'),(1087,10,83,'40342'),(1088,10,84,'USA'),(1089,10,85,'LAWRENCEBURG'),(1090,10,86,'KY'),(1091,10,113,'6 SPEED MANUAL'),(1092,10,114,'false'),(1093,10,88,'0'),(1094,10,89,'BMW'),(1095,10,90,'CERT-E'),(1096,10,106,'FRONT END'),(1097,10,91,'SEDAN 4D'),(1098,10,92,'GAS'),(1099,10,93,'ENHANCED VEHICLES'),(1100,10,94,'BLACK'),(1101,10,95,'GAS'),(1102,10,96,'NO'),(1103,10,97,'All wheel drive'),(1104,10,115,'Minimum Bid'),(1105,10,98,'C'),(1106,10,99,'STF'),(1107,10,100,'State Farm Insurance'),(1108,10,101,'S789'),(1109,10,102,'true'),(1110,10,116,'false'),(1111,10,117,'INSURANCE COMPANY'),(1112,10,104,'true'),(1113,10,105,'AUTOMOBILE'),(1114,11,1,'NEVER_BID'),(1115,11,108,'A'),(1116,11,2,'N'),(1117,11,3,'0'),(1118,11,4,'3200'),(1119,11,5,NULL),(1120,11,6,'1'),(1121,11,7,'0'),(1122,11,8,'0'),(1123,11,9,NULL),(1124,11,10,NULL),(1125,11,11,'3200'),(1126,11,12,'0'),(1127,11,13,'0'),(1128,11,14,'0'),(1129,11,15,'a:2:{s:9:\"dateAsInt\";s:8:\"20160811\";s:4:\"date\";s:13:\"1470898800000\";}'),(1130,11,16,'Sold'),(1131,11,17,'N'),(1132,11,18,NULL),(1133,11,19,'false'),(1134,11,20,'0'),(1135,11,21,'N'),(1136,11,22,'false'),(1137,11,23,'0'),(1138,11,24,'0'),(1139,11,25,'N'),(1140,11,26,'S'),(1141,11,27,'N'),(1142,11,28,'0'),(1143,11,29,'50'),(1144,11,30,'N'),(1145,11,31,'false'),(1146,11,32,'false'),(1147,11,33,'A'),(1148,11,34,'false'),(1149,11,35,'false'),(1150,11,36,'N'),(1151,11,37,'0'),(1152,11,40,'icon'),(1153,11,41,'DEFAULT'),(1154,11,109,'null null'),(1155,11,110,'a:1:{i:0;s:6:\"CPRTUS\";}'),(1156,11,111,'COPART'),(1157,11,42,'22627156'),(1158,11,43,'22627156'),(1159,11,44,'BMW'),(1160,11,45,'528I'),(1161,11,46,'2010'),(1162,11,47,'WBANU5C57AC460610'),(1163,11,48,'14440'),(1164,11,49,'11513'),(1165,11,50,'A'),(1166,11,51,'121393'),(1167,11,52,'ACTUAL'),(1168,11,53,'3.0L  6'),(1169,11,54,'6'),(1170,11,55,'2010 BMW 528I'),(1171,11,56,'CA - RANCHO CUCAMONGA'),(1172,11,57,'USD'),(1173,11,58,'PST'),(1174,11,59,'1470945600000'),(1175,11,60,'12:00:00.000000'),(1176,11,61,'1'),(1177,11,62,'0'),(1178,11,63,'2'),(1179,11,64,NULL),(1180,11,65,'0'),(1181,11,66,'false'),(1182,11,67,'CA'),(1183,11,68,'SC'),(1184,11,69,'SALVAGE CERTIFICATE'),(1185,11,112,'TITLEGROUP_S'),(1186,11,70,'SIDE'),(1187,11,71,'https://cs.copart.com/v1/AUTH_svc.pdoc00001/PIX1/be291135-702c-4468-8b16-7d3c97be955f.JPG'),(1188,11,72,'a:3:{i:0;s:2:\"IV\";i:1;s:6:\"S-F600\";i:2;s:6:\"CERT-E\";}'),(1189,11,73,'VIR01'),(1190,11,74,'SD'),(1191,11,75,'A'),(1192,11,76,'F'),(1193,11,77,'97'),(1194,11,78,'97'),(1195,11,79,'false'),(1196,11,80,'90'),(1197,11,81,'-117.53851'),(1198,11,82,'34.0989'),(1199,11,83,'91739'),(1200,11,84,'USA'),(1201,11,85,'RANCHO CUCAMONGA'),(1202,11,86,'CA'),(1203,11,113,'6 SPEED MANUAL'),(1204,11,114,'false'),(1205,11,88,'0'),(1206,11,89,'BMW'),(1207,11,90,'CERT-E'),(1208,11,91,'SEDAN 4D'),(1209,11,92,'GAS'),(1210,11,93,'ENHANCED VEHICLES'),(1211,11,94,'BLACK'),(1212,11,95,'GAS'),(1213,11,96,'YES'),(1214,11,97,'Rear-wheel drive'),(1215,11,115,'Minimum Bid'),(1216,11,98,'C'),(1217,11,99,'FRM'),(1218,11,100,'Farmers Insurance'),(1219,11,101,'F600'),(1220,11,102,'true'),(1221,11,116,'false'),(1222,11,117,'INSURANCE COMPANY'),(1223,11,104,'true'),(1224,11,105,'AUTOMOBILE'),(1225,12,1,'NEVER_BID'),(1226,12,108,'A'),(1227,12,2,'N'),(1228,12,3,'0'),(1229,12,4,'1250'),(1230,12,5,NULL),(1231,12,6,'2608'),(1232,12,7,'0'),(1233,12,8,'0'),(1234,12,9,NULL),(1235,12,10,NULL),(1236,12,11,'0'),(1237,12,12,'0'),(1238,12,13,'0'),(1239,12,14,'0'),(1240,12,15,'a:2:{s:9:\"dateAsInt\";s:8:\"20160812\";s:4:\"date\";s:13:\"1470985200000\";}'),(1241,12,16,'Sold'),(1242,12,17,'N'),(1243,12,18,NULL),(1244,12,19,'false'),(1245,12,20,'0'),(1246,12,21,'N'),(1247,12,22,'false'),(1248,12,23,'0'),(1249,12,24,'0'),(1250,12,25,'N'),(1251,12,26,'S'),(1252,12,27,'N'),(1253,12,28,'0'),(1254,12,29,'50'),(1255,12,30,'N'),(1256,12,31,'false'),(1257,12,32,'false'),(1258,12,33,'B'),(1259,12,34,'false'),(1260,12,35,'false'),(1261,12,36,'N'),(1262,12,37,'0'),(1263,12,40,'icon'),(1264,12,41,'DEFAULT'),(1265,12,109,'null null'),(1266,12,110,'a:1:{i:0;s:6:\"CPRTUS\";}'),(1267,12,111,'COPART'),(1268,12,42,'28650356'),(1269,12,43,'28650356'),(1270,12,44,'BMW'),(1271,12,45,'530XI'),(1272,12,46,'2007'),(1273,12,47,'WBANF73587CU23127'),(1274,12,48,'9769'),(1275,12,49,'6428'),(1276,12,50,'N'),(1277,12,51,'0'),(1278,12,52,'NOT ACTUAL'),(1279,12,53,'3.0L  6'),(1280,12,54,'6'),(1281,12,55,'2007 BMW 530XI'),(1282,12,56,'SC - COLUMBIA'),(1283,12,57,'USD'),(1284,12,58,'EST'),(1285,12,59,'1471014000000'),(1286,12,60,'10:00:00.000000'),(1287,12,61,'2608'),(1288,12,62,'0'),(1289,12,63,'5'),(1290,12,64,NULL),(1291,12,65,'0'),(1292,12,66,'false'),(1293,12,67,'SC'),(1294,12,68,'ST'),(1295,12,69,'CERT OF TITLE-SALVAGE'),(1296,12,112,'TITLEGROUP_S'),(1297,12,70,'FRONT END'),(1298,12,71,'https://cs.copart.com/v1/AUTH_svc.pdoc00001/PIX11/f2bfe804-02c1-4fe8-ae86-d16bd9a12a0a.JPG'),(1299,12,72,'a:3:{i:0;s:2:\"IV\";i:1;s:6:\"S-U427\";i:2;s:6:\"CERT-E\";}'),(1300,12,73,'C050'),(1301,12,74,'FR'),(1302,12,75,'B'),(1303,12,76,'F'),(1304,12,77,'56'),(1305,12,78,'56'),(1306,12,79,'false'),(1307,12,80,'100'),(1308,12,81,'-81.07639'),(1309,12,82,'33.86807'),(1310,12,83,'29053'),(1311,12,84,'USA'),(1312,12,85,'GASTON'),(1313,12,86,'SC'),(1314,12,113,'6 SPEED MANUAL'),(1315,12,114,'false'),(1316,12,88,'0'),(1317,12,89,'BMW'),(1318,12,90,'CERT-E'),(1319,12,91,'SEDAN 4D'),(1320,12,92,'GAS'),(1321,12,93,'ENHANCED VEHICLES'),(1322,12,94,'BLUE'),(1323,12,95,'GAS'),(1324,12,96,'YES'),(1325,12,97,'All wheel drive'),(1326,12,115,'Pure Sale'),(1327,12,98,'C'),(1328,12,99,'USA'),(1329,12,100,'USAA'),(1330,12,101,'U427'),(1331,12,102,'true'),(1332,12,116,'false'),(1333,12,117,'INSURANCE COMPANY'),(1334,12,104,'true'),(1335,12,105,'AUTOMOBILE'),(1336,13,1,'NEVER_BID'),(1337,13,108,'A'),(1338,13,2,'N'),(1339,13,3,'0'),(1340,13,4,'1250'),(1341,13,5,NULL),(1342,13,6,'2114'),(1343,13,7,'0'),(1344,13,8,'0'),(1345,13,9,NULL),(1346,13,10,NULL),(1347,13,11,'0'),(1348,13,12,'0'),(1349,13,13,'0'),(1350,13,14,'0'),(1351,13,15,'a:2:{s:9:\"dateAsInt\";s:8:\"20160815\";s:4:\"date\";s:13:\"1471244400000\";}'),(1352,13,16,'Sold'),(1353,13,17,'N'),(1354,13,18,NULL),(1355,13,19,'false'),(1356,13,20,'0'),(1357,13,21,'N'),(1358,13,22,'false'),(1359,13,23,'0'),(1360,13,24,'0'),(1361,13,25,'N'),(1362,13,26,'S'),(1363,13,27,'N'),(1364,13,28,'0'),(1365,13,29,'50'),(1366,13,30,'N'),(1367,13,31,'false'),(1368,13,32,'false'),(1369,13,33,'B'),(1370,13,34,'false'),(1371,13,35,'false'),(1372,13,36,'N'),(1373,13,37,'0'),(1374,13,40,'icon'),(1375,13,41,'DEFAULT'),(1376,13,109,'null null'),(1377,13,110,'a:1:{i:0;s:6:\"CPRTUS\";}'),(1378,13,111,'COPART'),(1379,13,42,'28879476'),(1380,13,43,'28879476'),(1381,13,44,'AUDI'),(1382,13,45,'A6 3.2 QUA'),(1383,13,46,'2006'),(1384,13,47,'WAUDH74F06N167078'),(1385,13,48,'9033'),(1386,13,49,'13049.33'),(1387,13,50,'A'),(1388,13,51,'104498'),(1389,13,52,'ACTUAL'),(1390,13,53,'3.1L  6'),(1391,13,54,'6'),(1392,13,55,'2006 AUDI A6 3.2 QUA'),(1393,13,56,'MD - BALTIMORE'),(1394,13,57,'USD'),(1395,13,58,'EST'),(1396,13,59,'1471273200000'),(1397,13,60,'10:00:00.000000'),(1398,13,61,'2114'),(1399,13,62,'0'),(1400,13,63,'5'),(1401,13,64,NULL),(1402,13,65,'0'),(1403,13,66,'false'),(1404,13,67,'MD'),(1405,13,68,'S1'),(1406,13,69,'CERT OF SALVAGE > 75% DAMAGE'),(1407,13,112,'TITLEGROUP_S'),(1408,13,70,'REAR END'),(1409,13,71,'https://cs.copart.com/v1/AUTH_svc.pdoc00001/PIX13/f6346180-4690-4e2f-8d07-9e42d5a8e8d5.JPG'),(1410,13,72,'a:2:{i:0;s:2:\"IV\";i:1;s:6:\"CERT-D\";}'),(1411,13,73,'F030'),(1412,13,74,'RR'),(1413,13,75,'B'),(1414,13,76,'F'),(1415,13,77,'102'),(1416,13,78,'102'),(1417,13,79,'false'),(1418,13,80,'70'),(1419,13,81,'-76.92378'),(1420,13,82,'39.52368'),(1421,13,83,'21048'),(1422,13,84,'USA'),(1423,13,85,'FINKSBURG'),(1424,13,86,'MD'),(1425,13,113,'R'),(1426,13,114,'false'),(1427,13,88,'0'),(1428,13,89,'AUDI'),(1429,13,90,'CERT-D'),(1430,13,106,'SIDE'),(1431,13,91,'SEDAN 4D'),(1432,13,92,'GAS'),(1433,13,93,'RUNS AND DRIVES'),(1434,13,94,'GRAY'),(1435,13,95,'GAS'),(1436,13,96,'YES'),(1437,13,97,'All wheel drive'),(1438,13,115,'Pure Sale'),(1439,13,98,'C'),(1440,13,99,'ALL'),(1441,13,100,'ALLSTATE INSURANCE COMPANY'),(1442,13,101,'BI18'),(1443,13,102,'false'),(1444,13,116,'false'),(1445,13,117,'INSURANCE COMPANY'),(1446,13,104,'true'),(1447,13,105,'AUTOMOBILE'),(1448,14,1,'NEVER_BID'),(1449,14,108,'A'),(1450,14,2,'N'),(1451,14,3,'0'),(1452,14,4,'550'),(1453,14,5,NULL),(1454,14,6,'3101'),(1455,14,7,'0'),(1456,14,8,'0'),(1457,14,9,NULL),(1458,14,10,NULL),(1459,14,11,'0'),(1460,14,12,'0'),(1461,14,13,'0'),(1462,14,14,'0'),(1463,14,15,'a:2:{s:9:\"dateAsInt\";s:8:\"20160816\";s:4:\"date\";s:13:\"1471330800000\";}'),(1464,14,16,'Sold'),(1465,14,17,'N'),(1466,14,18,NULL),(1467,14,19,'false'),(1468,14,20,'0'),(1469,14,21,'N'),(1470,14,22,'false'),(1471,14,23,'0'),(1472,14,24,'0'),(1473,14,25,'N'),(1474,14,26,'S'),(1475,14,27,'N'),(1476,14,28,'0'),(1477,14,29,'25'),(1478,14,30,'N'),(1479,14,31,'false'),(1480,14,32,'false'),(1481,14,33,'C'),(1482,14,34,'false'),(1483,14,35,'false'),(1484,14,36,'N'),(1485,14,37,'0'),(1486,14,40,'icon'),(1487,14,41,'DEFAULT'),(1488,14,109,'null null'),(1489,14,110,'a:1:{i:0;s:6:\"CPRTUS\";}'),(1490,14,111,'COPART'),(1491,14,42,'28947246'),(1492,14,43,'28947246'),(1493,14,44,'MERCEDES-BENZ'),(1494,14,45,'S55 AMG'),(1495,14,46,'2003'),(1496,14,47,'WDBNG74JX3A366798'),(1497,14,48,'11315'),(1498,14,49,'10833.56'),(1499,14,50,'N'),(1500,14,51,'0'),(1501,14,52,'NOT ACTUAL'),(1502,14,53,'5.4L  8'),(1503,14,54,'8'),(1504,14,55,'2003 MERCEDES-BENZ S55 AMG'),(1505,14,56,'DC - WASHINGTON DC'),(1506,14,57,'USD'),(1507,14,58,'EST'),(1508,14,59,'1471359600000'),(1509,14,60,'10:00:00.000000'),(1510,14,61,'3101'),(1511,14,62,'0'),(1512,14,63,'5'),(1513,14,64,NULL),(1514,14,65,'0'),(1515,14,66,'false'),(1516,14,67,'MD'),(1517,14,68,'S1'),(1518,14,69,'CERT OF SALVAGE > 75% DAMAGE'),(1519,14,112,'TITLEGROUP_S'),(1520,14,70,'BURN - INTERIOR'),(1521,14,71,'https://cs.copart.com/v1/AUTH_svc.pdoc00001/PIX13/83e257f4-a7e9-43da-bb67-8637fa45cf8f.JPG'),(1522,14,72,'a:2:{i:0;s:2:\"IV\";i:1;s:6:\"CERT-E\";}'),(1523,14,73,'Y010'),(1524,14,74,'BI'),(1525,14,75,'C'),(1526,14,76,'F'),(1527,14,77,'32'),(1528,14,78,'32'),(1529,14,79,'false'),(1530,14,80,'50'),(1531,14,81,'-76.93224'),(1532,14,82,'38.58932'),(1533,14,83,'20602'),(1534,14,84,'USA'),(1535,14,85,'WALDORF'),(1536,14,86,'MD'),(1537,14,113,'6 SPEED MANUAL'),(1538,14,114,'false'),(1539,14,88,'0'),(1540,14,89,'MERZ'),(1541,14,90,'CERT-E'),(1542,14,106,'FRONT END'),(1543,14,91,'SEDAN 4D'),(1544,14,92,'GAS'),(1545,14,93,'ENHANCED VEHICLES'),(1546,14,94,'BURN'),(1547,14,95,'GAS'),(1548,14,96,'NO'),(1549,14,97,'Rear-wheel drive'),(1550,14,115,'Pure Sale'),(1551,14,98,'C'),(1552,14,99,'NWI'),(1553,14,100,'NATIONWIDE INSURANCE COMPANY'),(1554,14,101,'NWFT'),(1555,14,102,'false'),(1556,14,116,'false'),(1557,14,117,'INSURANCE COMPANY'),(1558,14,104,'true'),(1559,14,105,'AUTOMOBILE'),(1560,15,1,'NEVER_BID'),(1561,15,108,'A'),(1562,15,2,'N'),(1563,15,3,'0'),(1564,15,4,'2050'),(1565,15,5,NULL),(1566,15,6,'149'),(1567,15,7,'0'),(1568,15,8,'0'),(1569,15,9,NULL),(1570,15,10,NULL),(1571,15,11,'0'),(1572,15,12,'0'),(1573,15,13,'0'),(1574,15,14,'0'),(1575,15,15,'a:2:{s:9:\"dateAsInt\";s:8:\"20160816\";s:4:\"date\";s:13:\"1471330800000\";}'),(1576,15,16,'Sold'),(1577,15,17,'N'),(1578,15,18,NULL),(1579,15,19,'false'),(1580,15,20,'0'),(1581,15,21,'N'),(1582,15,22,'false'),(1583,15,23,'0'),(1584,15,24,'0'),(1585,15,25,'N'),(1586,15,26,'S'),(1587,15,27,'N'),(1588,15,28,'0'),(1589,15,29,'50'),(1590,15,30,'N'),(1591,15,31,'false'),(1592,15,32,'false'),(1593,15,33,'A'),(1594,15,34,'false'),(1595,15,35,'false'),(1596,15,36,'N'),(1597,15,37,'0'),(1598,15,40,'icon'),(1599,15,41,'DEFAULT'),(1600,15,109,'null null'),(1601,15,110,'a:1:{i:0;s:6:\"CPRTUS\";}'),(1602,15,111,'COPART'),(1603,15,42,'27491616'),(1604,15,43,'27491616'),(1605,15,44,'VOLVO'),(1606,15,45,'S80 3.2 FW'),(1607,15,46,'2008'),(1608,15,47,'YV1AS982X81059372'),(1609,15,48,'8885'),(1610,15,49,'5719.77'),(1611,15,50,'A'),(1612,15,51,'122325'),(1613,15,52,'ACTUAL'),(1614,15,53,'3.2L  6'),(1615,15,54,'6'),(1616,15,55,'2008 VOLVO S80 3.2 FW'),(1617,15,56,'NC - RALEIGH'),(1618,15,57,'USD'),(1619,15,58,'EST'),(1620,15,59,'1471359600000'),(1621,15,60,'10:00:00.000000'),(1622,15,61,'149'),(1623,15,62,'0'),(1624,15,63,'5'),(1625,15,64,NULL),(1626,15,65,'0'),(1627,15,66,'false'),(1628,15,67,'NC'),(1629,15,68,'SC'),(1630,15,69,'SALVAGE CERTIFICATE OF TITLE'),(1631,15,112,'TITLEGROUP_S'),(1632,15,70,'REAR END'),(1633,15,71,'https://cs.copart.com/v1/AUTH_svc.pdoc00001/PIX9/996d9a0c-85f3-47e7-b23d-e9e5ded5ecba.JPG'),(1634,15,72,'a:3:{i:0;s:2:\"IV\";i:1;s:3:\"NLC\";i:2;s:6:\"CERT-D\";}'),(1635,15,73,'VIR01'),(1636,15,74,'RR'),(1637,15,75,'A'),(1638,15,76,'F'),(1639,15,77,'54'),(1640,15,78,'54'),(1641,15,79,'false'),(1642,15,80,'80'),(1643,15,81,'-78.6197'),(1644,15,82,'35.26677'),(1645,15,83,'28334'),(1646,15,84,'USA'),(1647,15,85,'DUNN'),(1648,15,86,'NC'),(1649,15,113,'R'),(1650,15,114,'false'),(1651,15,88,'0'),(1652,15,89,'VOLV'),(1653,15,90,'CERT-D'),(1654,15,106,'MINOR DENT/SCRATCHES'),(1655,15,91,'SEDAN 4D'),(1656,15,92,'GAS'),(1657,15,93,'RUNS AND DRIVES'),(1658,15,94,'SILVER'),(1659,15,95,'GAS'),(1660,15,96,'YES'),(1661,15,97,'Front-wheel Drive'),(1662,15,115,'Pure Sale'),(1663,15,98,'C'),(1664,15,99,'SEN'),(1665,15,100,'SENTRY INSURANCE GROUP'),(1666,15,101,'0049'),(1667,15,102,'false'),(1668,15,116,'false'),(1669,15,117,'INSURANCE COMPANY'),(1670,15,104,'true'),(1671,15,105,'AUTOMOBILE'),(1672,16,1,'NEVER_BID'),(1673,16,108,'A'),(1674,16,2,'N'),(1675,16,3,'0'),(1676,16,4,'1550'),(1677,16,5,NULL),(1678,16,6,'1'),(1679,16,7,'0'),(1680,16,8,'0'),(1681,16,9,NULL),(1682,16,10,NULL),(1683,16,11,'1550'),(1684,16,12,'0'),(1685,16,13,'0'),(1686,16,14,'0'),(1687,16,15,'a:2:{s:9:\"dateAsInt\";s:8:\"20160822\";s:4:\"date\";s:13:\"1471849200000\";}'),(1688,16,16,'Sold'),(1689,16,17,'N'),(1690,16,18,NULL),(1691,16,19,'false'),(1692,16,20,'0'),(1693,16,21,'N'),(1694,16,22,'false'),(1695,16,23,'0'),(1696,16,24,'0'),(1697,16,25,'N'),(1698,16,26,'S'),(1699,16,27,'N'),(1700,16,28,'0'),(1701,16,29,'50'),(1702,16,30,'N'),(1703,16,31,'false'),(1704,16,32,'false'),(1705,16,33,'A'),(1706,16,34,'false'),(1707,16,35,'false'),(1708,16,36,'N'),(1709,16,37,'0'),(1710,16,40,'icon'),(1711,16,41,'DEFAULT'),(1712,16,109,'null null'),(1713,16,110,'a:1:{i:0;s:6:\"CPRTUS\";}'),(1714,16,111,'COPART'),(1715,16,42,'29018936'),(1716,16,43,'29018936'),(1717,16,44,'VOLVO'),(1718,16,45,'XC90'),(1719,16,46,'2005'),(1720,16,47,'YV1CM592651141671'),(1721,16,48,'0'),(1722,16,49,'0'),(1723,16,50,'A'),(1724,16,51,'233252'),(1725,16,52,'ACTUAL'),(1726,16,53,'2.5L  5'),(1727,16,54,'5'),(1728,16,55,'2005 VOLVO XC90'),(1729,16,56,'CT - HARTFORD'),(1730,16,57,'USD'),(1731,16,58,'EST'),(1732,16,59,'1471878000000'),(1733,16,60,'10:00:00.000000'),(1734,16,61,'1'),(1735,16,62,'0'),(1736,16,63,'2'),(1737,16,64,NULL),(1738,16,65,'0'),(1739,16,66,'false'),(1740,16,67,'MA'),(1741,16,68,'CT'),(1742,16,69,'CERTIFICATE OF TITLE'),(1743,16,112,'TITLEGROUP_C'),(1744,16,70,'MINOR DENT/SCRATCHES'),(1745,16,71,'https://cs.copart.com/v1/AUTH_svc.pdoc00001/PIX13/ee3e906f-f8ba-4fbe-bb70-d1a8b2909ecc.JPG'),(1746,16,72,'a:2:{i:0;s:2:\"IV\";i:1;s:6:\"CERT-D\";}'),(1747,16,73,'V090'),(1748,16,74,'MN'),(1749,16,75,'A'),(1750,16,76,'F'),(1751,16,77,'23'),(1752,16,78,'23'),(1753,16,79,'false'),(1754,16,80,'150'),(1755,16,81,'-72.75101'),(1756,16,82,'41.65041'),(1757,16,83,'06051'),(1758,16,84,'USA'),(1759,16,85,'NEW BRITAIN'),(1760,16,86,'CT'),(1761,16,113,'P'),(1762,16,114,'false'),(1763,16,88,'0'),(1764,16,89,'VOLV'),(1765,16,90,'CERT-D'),(1766,16,91,'4DR SPOR'),(1767,16,92,'GAS'),(1768,16,93,'RUNS AND DRIVES'),(1769,16,94,'BLACK'),(1770,16,95,'GAS'),(1771,16,96,'YES'),(1772,16,97,'All wheel drive'),(1773,16,115,'Minimum Bid'),(1774,16,98,'C'),(1775,16,99,'CDS'),(1776,16,100,'COPART DEALER SERVICES'),(1777,16,101,'MAJ0'),(1778,16,102,'false'),(1779,16,116,'false'),(1780,16,117,'CDS DEALER'),(1781,16,104,'false'),(1782,16,105,'AUTOMOBILE'),(1783,17,1,'NEVER_BID'),(1784,17,108,'A'),(1785,17,2,'N'),(1786,17,3,'0'),(1787,17,4,'525'),(1788,17,5,NULL),(1789,17,6,'4010'),(1790,17,7,'0'),(1791,17,8,'0'),(1792,17,9,NULL),(1793,17,10,NULL),(1794,17,11,'0'),(1795,17,12,'0'),(1796,17,13,'0'),(1797,17,14,'0'),(1798,17,15,'a:2:{s:9:\"dateAsInt\";s:8:\"20160823\";s:4:\"date\";s:13:\"1471935600000\";}'),(1799,17,16,'Sold'),(1800,17,17,'N'),(1801,17,18,NULL),(1802,17,19,'false'),(1803,17,20,'0'),(1804,17,21,'N'),(1805,17,22,'false'),(1806,17,23,'0'),(1807,17,24,'0'),(1808,17,25,'N'),(1809,17,26,'S'),(1810,17,27,'N'),(1811,17,28,'0'),(1812,17,29,'25'),(1813,17,30,'N'),(1814,17,31,'false'),(1815,17,32,'false'),(1816,17,33,'D'),(1817,17,34,'false'),(1818,17,35,'false'),(1819,17,36,'N'),(1820,17,37,'0'),(1821,17,40,'icon'),(1822,17,41,'DEFAULT'),(1823,17,109,'null null'),(1824,17,110,'a:1:{i:0;s:6:\"CPRTUS\";}'),(1825,17,111,'COPART'),(1826,17,42,'30971336'),(1827,17,43,'30971336'),(1828,17,44,'VOLVO'),(1829,17,45,'S40 T5 AWD'),(1830,17,46,'2006'),(1831,17,47,'YV1MH682362159198'),(1832,17,48,'5191.99'),(1833,17,49,'5913'),(1834,17,50,'A'),(1835,17,51,'169212'),(1836,17,52,'ACTUAL'),(1837,17,53,'2.5L  5'),(1838,17,54,'5'),(1839,17,55,'2006 VOLVO S40 T5 AWD'),(1840,17,56,'CT - HARTFORD'),(1841,17,57,'USD'),(1842,17,58,'EST'),(1843,17,59,'1471964400000'),(1844,17,60,'10:00:00.000000'),(1845,17,61,'4010'),(1846,17,62,'0'),(1847,17,63,'5'),(1848,17,64,NULL),(1849,17,65,'0'),(1850,17,66,'false'),(1851,17,67,'CT'),(1852,17,68,'ST'),(1853,17,69,'CERT OF TITLE-SALVAGE'),(1854,17,112,'TITLEGROUP_S'),(1855,17,70,'VANDALISM'),(1856,17,71,'https://cs.copart.com/v1/AUTH_svc.pdoc00001/PIX17/1cf2daa1-bdcf-4259-86d3-fedd11c0a235.JPG'),(1857,17,72,'a:3:{i:0;s:2:\"IV\";i:1;s:6:\"S-P809\";i:2;s:6:\"CERT-S\";}'),(1858,17,73,'U020'),(1859,17,74,'VN'),(1860,17,75,'D'),(1861,17,76,'F'),(1862,17,77,'23'),(1863,17,78,'23'),(1864,17,79,'false'),(1865,17,80,'150'),(1866,17,81,'-72.75101'),(1867,17,82,'41.65041'),(1868,17,83,'06051'),(1869,17,84,'USA'),(1870,17,85,'NEW BRITAIN'),(1871,17,86,'CT'),(1872,17,113,'6 SPEED MANUAL'),(1873,17,114,'false'),(1874,17,88,'0'),(1875,17,89,'VOLV'),(1876,17,90,'CERT-S'),(1877,17,91,'SEDAN 4D'),(1878,17,92,'GAS'),(1879,17,93,'ENGINE START PROGRAM'),(1880,17,94,'SILVER'),(1881,17,95,'GAS'),(1882,17,96,'YES'),(1883,17,97,'All wheel drive'),(1884,17,115,'Pure Sale'),(1885,17,98,'C'),(1886,17,99,'PRG'),(1887,17,100,'Progressive'),(1888,17,101,'P809'),(1889,17,102,'true'),(1890,17,116,'false'),(1891,17,117,'INSURANCE COMPANY'),(1892,17,104,'true'),(1893,17,105,'AUTOMOBILE'),(1894,18,1,'NEVER_BID'),(1895,18,108,'A'),(1896,18,2,'N'),(1897,18,3,'0'),(1898,18,4,'650'),(1899,18,5,NULL),(1900,18,6,'3088'),(1901,18,7,'0'),(1902,18,8,'0'),(1903,18,9,NULL),(1904,18,10,NULL),(1905,18,11,'650'),(1906,18,12,'0'),(1907,18,13,'0'),(1908,18,14,'0'),(1909,18,15,'a:2:{s:9:\"dateAsInt\";s:8:\"20160823\";s:4:\"date\";s:13:\"1471935600000\";}'),(1910,18,16,'Sold'),(1911,18,17,'N'),(1912,18,18,NULL),(1913,18,19,'false'),(1914,18,20,'0'),(1915,18,21,'N'),(1916,18,22,'false'),(1917,18,23,'0'),(1918,18,24,'0'),(1919,18,25,'N'),(1920,18,26,'S'),(1921,18,27,'N'),(1922,18,28,'0'),(1923,18,29,'25'),(1924,18,30,'N'),(1925,18,31,'false'),(1926,18,32,'false'),(1927,18,33,'C'),(1928,18,34,'false'),(1929,18,35,'false'),(1930,18,36,'N'),(1931,18,37,'0'),(1932,18,40,'icon'),(1933,18,41,'DEFAULT'),(1934,18,109,'null null'),(1935,18,110,'a:1:{i:0;s:6:\"CPRTUS\";}'),(1936,18,111,'COPART'),(1937,18,42,'30578196'),(1938,18,43,'30578196'),(1939,18,44,'VOLVO'),(1940,18,45,'S40 2.4I'),(1941,18,46,'2008'),(1942,18,47,'YV1MS382082382706'),(1943,18,48,'0'),(1944,18,49,'0'),(1945,18,50,'A'),(1946,18,51,'122274'),(1947,18,52,'ACTUAL'),(1948,18,53,'2.4L  5'),(1949,18,54,'5'),(1950,18,55,'2008 VOLVO S40 2.4I'),(1951,18,56,'NC - RALEIGH'),(1952,18,57,'USD'),(1953,18,58,'EST'),(1954,18,59,'1471964400000'),(1955,18,60,'10:00:00.000000'),(1956,18,61,'3088'),(1957,18,62,'0'),(1958,18,63,'2'),(1959,18,64,NULL),(1960,18,65,'0'),(1961,18,66,'false'),(1962,18,67,'GA'),(1963,18,68,'CZ'),(1964,18,69,'DEALER ONLY CLEAN TITLE'),(1965,18,112,'TITLEGROUP_C'),(1966,18,70,'MECHANICAL'),(1967,18,71,'https://cs.copart.com/v1/AUTH_svc.pdoc00001/PIX16/9135d40e-db02-412f-96b0-adf27c24eac1.JPG'),(1968,18,72,'a:2:{i:0;s:2:\"IV\";i:1;s:6:\"CERT-E\";}'),(1969,18,73,'VIR01'),(1970,18,74,'MC'),(1971,18,75,'C'),(1972,18,76,'F'),(1973,18,77,'54'),(1974,18,78,'54'),(1975,18,79,'false'),(1976,18,80,'80'),(1977,18,81,'-78.6197'),(1978,18,82,'35.26677'),(1979,18,83,'28334'),(1980,18,84,'USA'),(1981,18,85,'DUNN'),(1982,18,86,'NC'),(1983,18,113,'5 SPEED MANUAL'),(1984,18,114,'false'),(1985,18,88,'0'),(1986,18,89,'VOLV'),(1987,18,90,'CERT-E'),(1988,18,106,'MINOR DENT/SCRATCHES'),(1989,18,91,'SEDAN 4D'),(1990,18,92,'GAS'),(1991,18,93,'ENHANCED VEHICLES'),(1992,18,94,'BLACK'),(1993,18,95,'GAS'),(1994,18,96,'YES'),(1995,18,97,'Front-wheel Drive'),(1996,18,115,'Minimum Bid'),(1997,18,98,'C'),(1998,18,99,'DVAA'),(1999,18,100,'DESERT VIEW AUTO AUCTIONS'),(2000,18,101,'1091'),(2001,18,102,'false'),(2002,18,116,'false'),(2003,18,117,'DONATION/CHARITIES'),(2004,18,104,'false'),(2005,18,105,'AUTOMOBILE'),(2006,19,1,'NEVER_BID'),(2007,19,108,'A'),(2008,19,2,'N'),(2009,19,3,'0'),(2010,19,4,'200'),(2011,19,5,NULL),(2012,19,6,'3038'),(2013,19,7,'0'),(2014,19,8,'0'),(2015,19,9,NULL),(2016,19,10,NULL),(2017,19,11,'0'),(2018,19,12,'0'),(2019,19,13,'0'),(2020,19,14,'0'),(2021,19,15,'a:2:{s:9:\"dateAsInt\";s:8:\"20160824\";s:4:\"date\";s:13:\"1472022000000\";}'),(2022,19,16,'Sold'),(2023,19,17,'N'),(2024,19,18,NULL),(2025,19,19,'false'),(2026,19,20,'0'),(2027,19,21,'N'),(2028,19,22,'false'),(2029,19,23,'0'),(2030,19,24,'0'),(2031,19,25,'N'),(2032,19,26,'S'),(2033,19,27,'N'),(2034,19,28,'0'),(2035,19,29,'25'),(2036,19,30,'N'),(2037,19,31,'false'),(2038,19,32,'false'),(2039,19,33,'C'),(2040,19,34,'false'),(2041,19,35,'false'),(2042,19,36,'N'),(2043,19,37,'0'),(2044,19,40,'icon'),(2045,19,41,'DEFAULT'),(2046,19,109,'null null'),(2047,19,110,'a:1:{i:0;s:6:\"CPRTUS\";}'),(2048,19,111,'COPART'),(2049,19,42,'31099776'),(2050,19,43,'31099776'),(2051,19,44,'VOLKSWAGEN'),(2052,19,45,'PASSAT GLS'),(2053,19,46,'2003'),(2054,19,47,'WVWPD63BX3P094208'),(2055,19,48,'3213.21'),(2056,19,49,'3818.4'),(2057,19,50,'A'),(2058,19,51,'123045'),(2059,19,52,'ACTUAL'),(2060,19,53,'1.8L  4'),(2061,19,54,'4'),(2062,19,55,'2003 VOLKSWAGEN PASSAT GLS'),(2063,19,56,'NJ - TRENTON'),(2064,19,57,'USD'),(2065,19,58,'EST'),(2066,19,59,'1472050800000'),(2067,19,60,'10:00:00.000000'),(2068,19,61,'3038'),(2069,19,62,'0'),(2070,19,63,'5'),(2071,19,64,NULL),(2072,19,65,'0'),(2073,19,66,'false'),(2074,19,67,'NJ'),(2075,19,68,'SC'),(2076,19,69,'CERT OF TITLE-SALVAGE'),(2077,19,112,'TITLEGROUP_S'),(2078,19,70,'REAR END'),(2079,19,71,'https://cs.copart.com/v1/AUTH_svc.pdoc00001/PIX17/07868a29-397f-47d8-96ba-92b1ad3a2d58.JPG'),(2080,19,72,'a:2:{i:0;s:2:\"IV\";i:1;s:6:\"CERT-D\";}'),(2081,19,73,'A080'),(2082,19,74,'RR'),(2083,19,75,'C'),(2084,19,76,'F'),(2085,19,77,'135'),(2086,19,78,'135'),(2087,19,79,'false'),(2088,19,80,'125'),(2089,19,81,'-74.57398'),(2090,19,82,'40.25096'),(2091,19,83,'08561 0489'),(2092,19,84,'USA'),(2093,19,85,'WINDSOR'),(2094,19,86,'NJ'),(2095,19,113,'5 SPEED MANUAL'),(2096,19,114,'false'),(2097,19,88,'0'),(2098,19,89,'VOLK'),(2099,19,90,'CERT-D'),(2100,19,106,'MINOR DENT/SCRATCHES'),(2101,19,91,'SEDAN 4D'),(2102,19,92,'GAS'),(2103,19,93,'RUNS AND DRIVES'),(2104,19,94,'GRAY'),(2105,19,95,'GAS'),(2106,19,96,'YES'),(2107,19,97,'Front-wheel Drive'),(2108,19,115,'Pure Sale'),(2109,19,98,'C'),(2110,19,99,'ALL'),(2111,19,100,'ALLSTATE INSURANCE COMPANY'),(2112,19,101,'BI16'),(2113,19,102,'false'),(2114,19,116,'false'),(2115,19,117,'INSURANCE COMPANY'),(2116,19,104,'true'),(2117,19,105,'AUTOMOBILE'),(2118,20,1,'NEVER_BID'),(2119,20,108,'A'),(2120,20,2,'N'),(2121,20,3,'0'),(2122,20,4,'2050'),(2123,20,5,NULL),(2124,20,6,'6081'),(2125,20,7,'0'),(2126,20,8,'0'),(2127,20,9,NULL),(2128,20,10,NULL),(2129,20,11,'0'),(2130,20,12,'0'),(2131,20,13,'0'),(2132,20,14,'0'),(2133,20,15,'a:2:{s:9:\"dateAsInt\";s:8:\"20160824\";s:4:\"date\";s:13:\"1472022000000\";}'),(2134,20,16,'Sold'),(2135,20,17,'N'),(2136,20,18,NULL),(2137,20,19,'false'),(2138,20,20,'0'),(2139,20,21,'N'),(2140,20,22,'false'),(2141,20,23,'0'),(2142,20,24,'0'),(2143,20,25,'N'),(2144,20,26,'S'),(2145,20,27,'N'),(2146,20,28,'0'),(2147,20,29,'50'),(2148,20,30,'N'),(2149,20,31,'false'),(2150,20,32,'false'),(2151,20,33,'F'),(2152,20,34,'false'),(2153,20,35,'false'),(2154,20,36,'N'),(2155,20,37,'0'),(2156,20,40,'icon'),(2157,20,41,'DEFAULT'),(2158,20,109,'null null'),(2159,20,110,'a:1:{i:0;s:6:\"CPRTUS\";}'),(2160,20,111,'COPART'),(2161,20,42,'31751976'),(2162,20,43,'31751976'),(2163,20,44,'BMW'),(2164,20,45,'545I'),(2165,20,46,'2005'),(2166,20,47,'WBANB33525B089295'),(2167,20,48,'0'),(2168,20,49,'0'),(2169,20,50,'E'),(2170,20,51,'999999'),(2171,20,52,'EXEMPT'),(2172,20,53,'4.4L  8'),(2173,20,54,'8'),(2174,20,55,'2005 BMW 545I'),(2175,20,56,'NY - LONG ISLAND'),(2176,20,57,'USD'),(2177,20,58,'EST'),(2178,20,59,'1472050800000'),(2179,20,60,'10:00:00.000000'),(2180,20,61,'6081'),(2181,20,62,'0'),(2182,20,63,'5'),(2183,20,64,NULL),(2184,20,65,'0'),(2185,20,66,'false'),(2186,20,67,'NY'),(2187,20,68,'BP'),(2188,20,69,'NYC BILL OF SALE-SLVG INSP REQ'),(2189,20,112,'TITLEGROUP_S'),(2190,20,70,'MINOR DENT/SCRATCHES'),(2191,20,71,'https://cs.copart.com/v1/AUTH_svc.pdoc00001/PIX18/d5624a3b-c68f-433f-afb7-6ccf575c938f.JPG'),(2192,20,72,'a:3:{i:0;s:2:\"IV\";i:1;s:3:\"NLC\";i:2;s:6:\"CERT-S\";}'),(2193,20,73,'P080'),(2194,20,74,'MN'),(2195,20,75,'F'),(2196,20,76,'F'),(2197,20,77,'30'),(2198,20,78,'30'),(2199,20,79,'false'),(2200,20,80,'70'),(2201,20,81,'-72.93093'),(2202,20,82,'40.77763'),(2203,20,83,'11719'),(2204,20,84,'USA'),(2205,20,85,'BROOKHAVEN'),(2206,20,86,'NY'),(2207,20,113,'6 SPEED MANUAL'),(2208,20,114,'false'),(2209,20,88,'0'),(2210,20,89,'BMW'),(2211,20,90,'CERT-S'),(2212,20,92,'GAS'),(2213,20,93,'ENGINE START PROGRAM'),(2214,20,94,'GRAY'),(2215,20,95,'GAS'),(2216,20,96,'YES'),(2217,20,97,'Rear-wheel drive'),(2218,20,115,'Pure Sale'),(2219,20,98,'C'),(2220,20,99,'PYR'),(2221,20,100,'PropertyRoom'),(2222,20,101,'NYP1'),(2223,20,102,'true'),(2224,20,116,'false'),(2225,20,117,'GOVERNMENT/MUNICIPALITY'),(2226,20,104,'false'),(2227,20,105,'AUTOMOBILE'),(2228,21,1,'NEVER_BID'),(2229,21,108,'A'),(2230,21,2,'N'),(2231,21,3,'0'),(2232,21,4,'2800'),(2233,21,5,NULL),(2234,21,6,'6062'),(2235,21,7,'0'),(2236,21,8,'0'),(2237,21,9,NULL),(2238,21,10,NULL),(2239,21,11,'0'),(2240,21,12,'0'),(2241,21,13,'0'),(2242,21,14,'0'),(2243,21,15,'a:2:{s:9:\"dateAsInt\";s:8:\"20160824\";s:4:\"date\";s:13:\"1472022000000\";}'),(2244,21,16,'Sold'),(2245,21,17,'N'),(2246,21,18,NULL),(2247,21,19,'false'),(2248,21,20,'0'),(2249,21,21,'N'),(2250,21,22,'false'),(2251,21,23,'0'),(2252,21,24,'0'),(2253,21,25,'N'),(2254,21,26,'S'),(2255,21,27,'N'),(2256,21,28,'0'),(2257,21,29,'50'),(2258,21,30,'N'),(2259,21,31,'false'),(2260,21,32,'false'),(2261,21,33,'F'),(2262,21,34,'false'),(2263,21,35,'false'),(2264,21,36,'N'),(2265,21,37,'0'),(2266,21,40,'icon'),(2267,21,41,'DEFAULT'),(2268,21,109,'null null'),(2269,21,110,'a:1:{i:0;s:6:\"CPRTUS\";}'),(2270,21,111,'COPART'),(2271,21,42,'27002606'),(2272,21,43,'27002606'),(2273,21,44,'BMW'),(2274,21,45,'335XI'),(2275,21,46,'2008'),(2276,21,47,'WBAVD53578A010848'),(2277,21,48,'12469'),(2278,21,49,'8000'),(2279,21,50,'N'),(2280,21,51,'0'),(2281,21,52,'NOT ACTUAL'),(2282,21,53,'3.0L  6'),(2283,21,54,'6'),(2284,21,55,'2008 BMW 335XI'),(2285,21,56,'NY - LONG ISLAND'),(2286,21,57,'USD'),(2287,21,58,'EST'),(2288,21,59,'1472050800000'),(2289,21,60,'10:00:00.000000'),(2290,21,61,'6062'),(2291,21,62,'0'),(2292,21,63,'5'),(2293,21,64,NULL),(2294,21,65,'0'),(2295,21,66,'false'),(2296,21,67,'NY'),(2297,21,68,'SM'),(2298,21,69,'MV-907A SALVAGE CERTIFICATE'),(2299,21,112,'TITLEGROUP_S'),(2300,21,70,'REAR END'),(2301,21,71,'https://cs.copart.com/v1/AUTH_svc.pdoc00001/PIX10/5760391c-0d18-421d-adbf-0c0b627c0495.JPG'),(2302,21,72,'a:2:{i:0;s:2:\"IV\";i:1;s:6:\"CERT-E\";}'),(2303,21,73,'L090'),(2304,21,74,'RR'),(2305,21,75,'F'),(2306,21,76,'F'),(2307,21,77,'30'),(2308,21,78,'30'),(2309,21,79,'false'),(2310,21,80,'70'),(2311,21,81,'-72.93093'),(2312,21,82,'40.77763'),(2313,21,83,'11719'),(2314,21,84,'USA'),(2315,21,85,'BROOKHAVEN'),(2316,21,86,'NY'),(2317,21,113,'6 SPEED MANUAL'),(2318,21,114,'false'),(2319,21,88,'0'),(2320,21,89,'BMW'),(2321,21,90,'CERT-E'),(2322,21,91,'SEDAN 4D'),(2323,21,92,'GAS'),(2324,21,93,'ENHANCED VEHICLES'),(2325,21,94,'GREEN'),(2326,21,95,'GAS'),(2327,21,96,'YES'),(2328,21,97,'All wheel drive'),(2329,21,115,'Pure Sale'),(2330,21,98,'C'),(2331,21,99,'ALL'),(2332,21,100,'ALLSTATE INSURANCE COMPANY'),(2333,21,101,'BI08'),(2334,21,102,'false'),(2335,21,116,'false'),(2336,21,117,'INSURANCE COMPANY'),(2337,21,104,'true'),(2338,21,105,'AUTOMOBILE'),(2339,22,1,'NEVER_BID'),(2340,22,108,'A'),(2341,22,2,'N'),(2342,22,3,'0'),(2343,22,4,'2700'),(2344,22,5,NULL),(2345,22,6,'81'),(2346,22,7,'0'),(2347,22,8,'0'),(2348,22,9,NULL),(2349,22,10,NULL),(2350,22,11,'0'),(2351,22,12,'0'),(2352,22,13,'0'),(2353,22,14,'0'),(2354,22,15,'a:2:{s:9:\"dateAsInt\";s:8:\"20160824\";s:4:\"date\";s:13:\"1472022000000\";}'),(2355,22,16,'Sold'),(2356,22,17,'N'),(2357,22,18,NULL),(2358,22,19,'false'),(2359,22,20,'0'),(2360,22,21,'N'),(2361,22,22,'false'),(2362,22,23,'0'),(2363,22,24,'0'),(2364,22,25,'N'),(2365,22,26,'S'),(2366,22,27,'N'),(2367,22,28,'0'),(2368,22,29,'50'),(2369,22,30,'N'),(2370,22,31,'false'),(2371,22,32,'false'),(2372,22,33,'A'),(2373,22,34,'false'),(2374,22,35,'false'),(2375,22,36,'N'),(2376,22,37,'0'),(2377,22,40,'icon'),(2378,22,41,'DEFAULT'),(2379,22,109,'null null'),(2380,22,110,'a:1:{i:0;s:6:\"CPRTUS\";}'),(2381,22,111,'COPART'),(2382,22,42,'31031066'),(2383,22,43,'31031066'),(2384,22,44,'BMW'),(2385,22,45,'535XI'),(2386,22,46,'2008'),(2387,22,47,'WBANV93598C131311'),(2388,22,48,'8486.5'),(2389,22,49,'7429.5'),(2390,22,50,'A'),(2391,22,51,'147433'),(2392,22,52,'ACTUAL'),(2393,22,53,'3.0L  6'),(2394,22,54,'6'),(2395,22,55,'2008 BMW 535XI'),(2396,22,56,'PA - SCRANTON'),(2397,22,57,'USD'),(2398,22,58,'EST'),(2399,22,59,'1472050800000'),(2400,22,60,'10:00:00.000000'),(2401,22,61,'81'),(2402,22,62,'0'),(2403,22,63,'5'),(2404,22,64,NULL),(2405,22,65,'0'),(2406,22,66,'false'),(2407,22,67,'PA'),(2408,22,68,'SC'),(2409,22,69,'CERTIFICATE OF SALVAGE'),(2410,22,112,'TITLEGROUP_S'),(2411,22,70,'FRONT END'),(2412,22,71,'https://cs.copart.com/v1/AUTH_svc.pdoc00001/PIX16/ab416d4c-8aaf-4697-b8e9-0422b96e7e41.JPG'),(2413,22,72,'a:3:{i:0;s:2:\"IV\";i:1;s:3:\"NLC\";i:2;s:6:\"CERT-D\";}'),(2414,22,73,'VIR01'),(2415,22,74,'FR'),(2416,22,75,'A'),(2417,22,76,'F'),(2418,22,77,'142'),(2419,22,78,'142'),(2420,22,79,'false'),(2421,22,80,'100'),(2422,22,81,'-75.75693'),(2423,22,82,'41.33968'),(2424,22,83,'18642'),(2425,22,84,'USA'),(2426,22,85,'DURYEA'),(2427,22,86,'PA'),(2428,22,113,'6 SPEED MANUAL'),(2429,22,114,'false'),(2430,22,88,'0'),(2431,22,89,'BMW'),(2432,22,90,'CERT-D'),(2433,22,106,'SIDE'),(2434,22,91,'SEDAN 4D'),(2435,22,92,'GAS'),(2436,22,93,'RUNS AND DRIVES'),(2437,22,94,'BLUE'),(2438,22,95,'GAS'),(2439,22,96,'YES'),(2440,22,97,'All wheel drive'),(2441,22,115,'Pure Sale'),(2442,22,98,'C'),(2443,22,99,'NWI'),(2444,22,100,'NATIONWIDE INSURANCE COMPANY'),(2445,22,101,'NWNE'),(2446,22,102,'false'),(2447,22,116,'false'),(2448,22,117,'INSURANCE COMPANY'),(2449,22,104,'true'),(2450,22,105,'AUTOMOBILE'),(2451,23,1,'NEVER_BID'),(2452,23,108,'A'),(2453,23,2,'N'),(2454,23,3,'0'),(2455,23,4,'1550'),(2456,23,5,NULL),(2457,23,6,'2501'),(2458,23,7,'0'),(2459,23,8,'0'),(2460,23,9,NULL),(2461,23,10,NULL),(2462,23,11,'0'),(2463,23,12,'0'),(2464,23,13,'0'),(2465,23,14,'0'),(2466,23,15,'a:2:{s:9:\"dateAsInt\";s:8:\"20160829\";s:4:\"date\";s:13:\"1472454000000\";}'),(2467,23,16,'Sold'),(2468,23,17,'N'),(2469,23,18,NULL),(2470,23,19,'false'),(2471,23,20,'0'),(2472,23,21,'N'),(2473,23,22,'false'),(2474,23,23,'0'),(2475,23,24,'0'),(2476,23,25,'N'),(2477,23,26,'S'),(2478,23,27,'N'),(2479,23,28,'0'),(2480,23,29,'50'),(2481,23,30,'N'),(2482,23,31,'false'),(2483,23,32,'false'),(2484,23,33,'B'),(2485,23,34,'false'),(2486,23,35,'false'),(2487,23,36,'N'),(2488,23,37,'0'),(2489,23,40,'icon'),(2490,23,41,'DEFAULT'),(2491,23,109,'null null'),(2492,23,110,'a:1:{i:0;s:6:\"CPRTUS\";}'),(2493,23,111,'COPART'),(2494,23,42,'30851536'),(2495,23,43,'30851536'),(2496,23,44,'GMC'),(2497,23,45,'SIERRA K25'),(2498,23,46,'2001'),(2499,23,47,'1GTHK23131F209101'),(2500,23,48,'9214'),(2501,23,49,'8888.12'),(2502,23,50,'A'),(2503,23,51,'179241'),(2504,23,52,'ACTUAL'),(2505,23,53,'6.6L  8'),(2506,23,54,'8'),(2507,23,55,'2001 GMC SIERRA K25'),(2508,23,56,'NY - ALBANY'),(2509,23,57,'USD'),(2510,23,58,'EST'),(2511,23,59,'1472482800000'),(2512,23,60,'10:00:00.000000'),(2513,23,61,'2501'),(2514,23,62,'0'),(2515,23,63,'5'),(2516,23,64,NULL),(2517,23,65,'0'),(2518,23,66,'false'),(2519,23,67,'NY'),(2520,23,68,'SM'),(2521,23,69,'MV-907A SALVAGE CERTIFICATE'),(2522,23,112,'TITLEGROUP_S'),(2523,23,70,'REAR END'),(2524,23,71,'https://cs.copart.com/v1/AUTH_svc.pdoc00001/PIX17/e4ec9d51-bdcb-4167-9dfb-3f0fc9343e12.JPG'),(2525,23,72,'a:2:{i:0;s:2:\"IV\";i:1;s:6:\"CERT-E\";}'),(2526,23,73,'F050'),(2527,23,74,'RR'),(2528,23,75,'B'),(2529,23,76,'F'),(2530,23,77,'94'),(2531,23,78,'94'),(2532,23,79,'false'),(2533,23,80,'40'),(2534,23,81,'-73.8563'),(2535,23,82,'42.73553'),(2536,23,83,'12205'),(2537,23,84,'USA'),(2538,23,85,'ALBANY'),(2539,23,86,'NY'),(2540,23,113,'5 SPEED MANUAL W/OVERDRIVE'),(2541,23,114,'false'),(2542,23,88,'0'),(2543,23,89,'GMC'),(2544,23,90,'CERT-E'),(2545,23,91,'CREW PIC'),(2546,23,92,'DIESEL'),(2547,23,93,'ENHANCED VEHICLES'),(2548,23,94,'GRAY'),(2549,23,95,'DIESEL'),(2550,23,96,'YES'),(2551,23,97,'Four by Four'),(2552,23,115,'Pure Sale'),(2553,23,98,'C'),(2554,23,99,'NWI'),(2555,23,100,'NATIONWIDE INSURANCE COMPANY'),(2556,23,101,'NWNE'),(2557,23,102,'false'),(2558,23,116,'false'),(2559,23,117,'INSURANCE COMPANY'),(2560,23,104,'true'),(2561,23,105,'AUTOMOBILE'),(2562,24,1,'NEVER_BID'),(2563,24,108,'A'),(2564,24,2,'N'),(2565,24,3,'0'),(2566,24,4,'350'),(2567,24,5,NULL),(2568,24,6,'6156'),(2569,24,7,'0'),(2570,24,8,'0'),(2571,24,9,NULL),(2572,24,10,NULL),(2573,24,11,'850'),(2574,24,12,'0'),(2575,24,13,'0'),(2576,24,14,'0'),(2577,24,15,'a:2:{s:9:\"dateAsInt\";s:8:\"20160829\";s:4:\"date\";s:13:\"1472454000000\";}'),(2578,24,16,'Sold'),(2579,24,17,'N'),(2580,24,18,NULL),(2581,24,19,'false'),(2582,24,20,'0'),(2583,24,21,'N'),(2584,24,22,'false'),(2585,24,23,'0'),(2586,24,24,'0'),(2587,24,25,'N'),(2588,24,26,'S'),(2589,24,27,'N'),(2590,24,28,'0'),(2591,24,29,'25'),(2592,24,30,'N'),(2593,24,31,'false'),(2594,24,32,'false'),(2595,24,33,'F'),(2596,24,34,'false'),(2597,24,35,'false'),(2598,24,36,'N'),(2599,24,37,'0'),(2600,24,40,'icon'),(2601,24,41,'DEFAULT'),(2602,24,109,'null null'),(2603,24,110,'a:1:{i:0;s:6:\"CPRTUS\";}'),(2604,24,111,'COPART'),(2605,24,42,'28650166'),(2606,24,43,'28650166'),(2607,24,44,'CHRYSLER'),(2608,24,45,'PACIFICA'),(2609,24,46,'2004'),(2610,24,47,'2C4GM68404R639939'),(2611,24,48,'0'),(2612,24,49,'0'),(2613,24,50,'A'),(2614,24,51,'131957'),(2615,24,52,'ACTUAL'),(2616,24,53,'3.5L  6'),(2617,24,54,'6'),(2618,24,55,'2004 CHRYSLER PACIFICA'),(2619,24,56,'NY - NEWBURGH'),(2620,24,57,'USD'),(2621,24,58,'EST'),(2622,24,59,'1472482800000'),(2623,24,60,'10:00:00.000000'),(2624,24,61,'6156'),(2625,24,62,'0'),(2626,24,63,'2'),(2627,24,64,NULL),(2628,24,65,'0'),(2629,24,66,'false'),(2630,24,67,'NY'),(2631,24,68,'CT'),(2632,24,69,'CERTIFICATE OF TITLE'),(2633,24,112,'TITLEGROUP_C'),(2634,24,70,'NORMAL WEAR'),(2635,24,71,'https://cs.copart.com/v1/AUTH_svc.pdoc00001/PIX13/cab76909-4a6e-491d-83d4-02fa2ca42b1f.JPG'),(2636,24,72,'a:3:{i:0;s:2:\"IV\";i:1;s:4:\"DONA\";i:2;s:6:\"CERT-D\";}'),(2637,24,73,'H100'),(2638,24,74,'NW'),(2639,24,75,'F'),(2640,24,76,'F'),(2641,24,77,'24'),(2642,24,78,'24'),(2643,24,79,'false'),(2644,24,80,'50'),(2645,24,81,'-73.9589'),(2646,24,82,'41.62085'),(2647,24,83,'12542'),(2648,24,84,'USA'),(2649,24,85,'MARLBORO'),(2650,24,86,'NY'),(2651,24,113,'4 SPEED AUTOMATIC'),(2652,24,114,'false'),(2653,24,88,'0'),(2654,24,89,'CHRY'),(2655,24,90,'CERT-D'),(2656,24,91,'4DR SPOR'),(2657,24,92,'GAS'),(2658,24,93,'RUNS AND DRIVES'),(2659,24,94,'BLUE'),(2660,24,95,'GAS'),(2661,24,96,'YES'),(2662,24,97,'Front-wheel Drive'),(2663,24,115,'Minimum Bid'),(2664,24,98,'C'),(2665,24,99,'CHAR'),(2666,24,100,'CHARITY SELLERS'),(2667,24,101,'CH60'),(2668,24,102,'false'),(2669,24,116,'false'),(2670,24,117,'DONATION/CHARITIES'),(2671,24,104,'false'),(2672,24,105,'AUTOMOBILE'),(2673,25,1,'NEVER_BID'),(2674,25,108,'A'),(2675,25,2,'N'),(2676,25,3,'0'),(2677,25,4,'450'),(2678,25,5,NULL),(2679,25,6,'2045'),(2680,25,7,'0'),(2681,25,8,'0'),(2682,25,9,NULL),(2683,25,10,NULL),(2684,25,11,'475'),(2685,25,12,'0'),(2686,25,13,'0'),(2687,25,14,'0'),(2688,25,15,'a:2:{s:9:\"dateAsInt\";s:8:\"20160829\";s:4:\"date\";s:13:\"1472454000000\";}'),(2689,25,16,'Sold'),(2690,25,17,'N'),(2691,25,18,NULL),(2692,25,19,'false'),(2693,25,20,'0'),(2694,25,21,'N'),(2695,25,22,'false'),(2696,25,23,'0'),(2697,25,24,'0'),(2698,25,25,'N'),(2699,25,26,'S'),(2700,25,27,'N'),(2701,25,28,'0'),(2702,25,29,'25'),(2703,25,30,'N'),(2704,25,31,'false'),(2705,25,32,'false'),(2706,25,33,'B'),(2707,25,34,'false'),(2708,25,35,'false'),(2709,25,36,'N'),(2710,25,37,'0'),(2711,25,40,'icon'),(2712,25,41,'DEFAULT'),(2713,25,109,'null null'),(2714,25,110,'a:1:{i:0;s:6:\"CPRTUS\";}'),(2715,25,111,'COPART'),(2716,25,42,'30389836'),(2717,25,43,'30389836'),(2718,25,44,'FORD'),(2719,25,45,'ESCAPE XLS'),(2720,25,46,'2005'),(2721,25,47,'1FMYU92Z05KA48287'),(2722,25,48,'3458'),(2723,25,49,'5622.96'),(2724,25,50,'A'),(2725,25,51,'128353'),(2726,25,52,'ACTUAL'),(2727,25,53,'2.3L  4'),(2728,25,54,'4'),(2729,25,55,'2005 FORD ESCAPE XLS'),(2730,25,56,'NY - ROCHESTER'),(2731,25,57,'USD'),(2732,25,58,'EST'),(2733,25,59,'1472482800000'),(2734,25,60,'10:00:00.000000'),(2735,25,61,'2045'),(2736,25,62,'0'),(2737,25,63,'2'),(2738,25,64,NULL),(2739,25,65,'0'),(2740,25,66,'false'),(2741,25,67,'NY'),(2742,25,68,'SM'),(2743,25,69,'MV-907A SALVAGE CERTIFICATE'),(2744,25,112,'TITLEGROUP_S'),(2745,25,70,'REAR END'),(2746,25,71,'https://cs.copart.com/v1/AUTH_svc.pdoc00001/PIX17/a7031ae2-aa65-4404-ba46-4576450be40c.JPG'),(2747,25,72,'a:2:{i:0;s:2:\"IV\";i:1;s:6:\"CERT-D\";}'),(2748,25,73,'VIR01'),(2749,25,74,'RR'),(2750,25,75,'B'),(2751,25,76,'F'),(2752,25,77,'35'),(2753,25,78,'35'),(2754,25,79,'false'),(2755,25,80,'125'),(2756,25,81,'-78.00376'),(2757,25,82,'42.98151'),(2758,25,83,'14482'),(2759,25,84,'USA'),(2760,25,85,'LEROY'),(2761,25,86,'NY'),(2762,25,113,'5 SPEED MANUAL'),(2763,25,114,'false'),(2764,25,88,'0'),(2765,25,89,'FORD'),(2766,25,90,'CERT-D'),(2767,25,91,'4DR SPOR'),(2768,25,92,'GAS'),(2769,25,93,'RUNS AND DRIVES'),(2770,25,94,'WHITE'),(2771,25,95,'GAS'),(2772,25,96,'YES'),(2773,25,97,'Four by Four'),(2774,25,115,'Minimum Bid'),(2775,25,98,'C'),(2776,25,99,'SAF'),(2777,25,100,'SAFECO INSURANCE COMPANIES'),(2778,25,101,'SAPL'),(2779,25,102,'false'),(2780,25,116,'false'),(2781,25,117,'INSURANCE COMPANY'),(2782,25,104,'true'),(2783,25,105,'AUTOMOBILE'),(2784,26,1,'NEVER_BID'),(2785,26,108,'A'),(2786,26,2,'N'),(2787,26,3,'0'),(2788,26,4,'275'),(2789,26,5,NULL),(2790,26,6,'2590'),(2791,26,7,'0'),(2792,26,8,'0'),(2793,26,9,NULL),(2794,26,10,NULL),(2795,26,11,'0'),(2796,26,12,'0'),(2797,26,13,'0'),(2798,26,14,'0'),(2799,26,15,'a:2:{s:9:\"dateAsInt\";s:8:\"20160829\";s:4:\"date\";s:13:\"1472454000000\";}'),(2800,26,16,'Sold'),(2801,26,17,'N'),(2802,26,18,NULL),(2803,26,19,'false'),(2804,26,20,'0'),(2805,26,21,'N'),(2806,26,22,'false'),(2807,26,23,'0'),(2808,26,24,'0'),(2809,26,25,'N'),(2810,26,26,'S'),(2811,26,27,'N'),(2812,26,28,'0'),(2813,26,29,'25'),(2814,26,30,'N'),(2815,26,31,'false'),(2816,26,32,'false'),(2817,26,33,'B'),(2818,26,34,'false'),(2819,26,35,'false'),(2820,26,36,'N'),(2821,26,37,'0'),(2822,26,40,'icon'),(2823,26,41,'DEFAULT'),(2824,26,109,'null null'),(2825,26,110,'a:1:{i:0;s:6:\"CPRTUS\";}'),(2826,26,111,'COPART'),(2827,26,42,'30443736'),(2828,26,43,'30443736'),(2829,26,44,'CHRYSLER'),(2830,26,45,'PACIFICA T'),(2831,26,46,'2006'),(2832,26,47,'2A4GF68486R652400'),(2833,26,48,'6013'),(2834,26,49,'0'),(2835,26,50,'A'),(2836,26,51,'141787'),(2837,26,52,'ACTUAL'),(2838,26,53,'3.5L  6'),(2839,26,54,'6'),(2840,26,55,'2006 CHRYSLER PACIFICA T'),(2841,26,56,'NY - ALBANY'),(2842,26,57,'USD'),(2843,26,58,'EST'),(2844,26,59,'1472482800000'),(2845,26,60,'10:00:00.000000'),(2846,26,61,'2590'),(2847,26,62,'0'),(2848,26,63,'5'),(2849,26,64,NULL),(2850,26,65,'0'),(2851,26,66,'false'),(2852,26,67,'NY'),(2853,26,68,'SM'),(2854,26,69,'MV-907A SALVAGE CERTIFICATE'),(2855,26,112,'TITLEGROUP_S'),(2856,26,70,'REAR END'),(2857,26,71,'https://cs.copart.com/v1/AUTH_svc.pdoc00001/PIX16/6ecd3d58-f65b-4423-8224-bf212fe795fe.JPG'),(2858,26,72,'a:2:{i:0;s:2:\"IV\";i:1;s:6:\"CERT-S\";}'),(2859,26,73,'C100'),(2860,26,74,'RR'),(2861,26,75,'B'),(2862,26,76,'F'),(2863,26,77,'94'),(2864,26,78,'94'),(2865,26,79,'false'),(2866,26,80,'40'),(2867,26,81,'-73.8563'),(2868,26,82,'42.73553'),(2869,26,83,'12205'),(2870,26,84,'USA'),(2871,26,85,'ALBANY'),(2872,26,86,'NY'),(2873,26,113,'4 SPEED AUTOMATIC'),(2874,26,114,'false'),(2875,26,88,'0'),(2876,26,89,'CHRY'),(2877,26,90,'CERT-S'),(2878,26,106,'SIDE'),(2879,26,91,'4DR SPOR'),(2880,26,92,'GAS'),(2881,26,93,'ENGINE START PROGRAM'),(2882,26,94,'BLACK'),(2883,26,95,'GAS'),(2884,26,96,'YES'),(2885,26,97,'All wheel drive'),(2886,26,115,'Pure Sale'),(2887,26,98,'C'),(2888,26,99,'SEL'),(2889,26,100,'SELECTIVE INSURANCE'),(2890,26,101,'SEL0'),(2891,26,102,'false'),(2892,26,116,'false'),(2893,26,117,'INSURANCE COMPANY'),(2894,26,104,'true'),(2895,26,105,'AUTOMOBILE'),(2896,27,1,'NEVER_BID'),(2897,27,108,'A'),(2898,27,2,'N'),(2899,27,3,'0'),(2900,27,4,'225'),(2901,27,5,NULL),(2902,27,6,'3084'),(2903,27,7,'0'),(2904,27,8,'0'),(2905,27,9,NULL),(2906,27,10,NULL),(2907,27,11,'0'),(2908,27,12,'0'),(2909,27,13,'0'),(2910,27,14,'0'),(2911,27,15,'a:2:{s:9:\"dateAsInt\";s:8:\"20160830\";s:4:\"date\";s:13:\"1472540400000\";}'),(2912,27,16,'Sold'),(2913,27,17,'N'),(2914,27,18,NULL),(2915,27,19,'false'),(2916,27,20,'0'),(2917,27,21,'N'),(2918,27,22,'false'),(2919,27,23,'0'),(2920,27,24,'0'),(2921,27,25,'N'),(2922,27,26,'S'),(2923,27,27,'N'),(2924,27,28,'0'),(2925,27,29,'25'),(2926,27,30,'N'),(2927,27,31,'false'),(2928,27,32,'false'),(2929,27,33,'C'),(2930,27,34,'false'),(2931,27,35,'false'),(2932,27,36,'N'),(2933,27,37,'0'),(2934,27,40,'icon'),(2935,27,41,'DEFAULT'),(2936,27,109,'null null'),(2937,27,110,'a:1:{i:0;s:6:\"CPRTUS\";}'),(2938,27,111,'COPART'),(2939,27,42,'21140396'),(2940,27,43,'21140396'),(2941,27,44,'CHRYSLER'),(2942,27,45,'PACIFICA'),(2943,27,46,'2004'),(2944,27,47,'2C8GF68474R302256'),(2945,27,48,'3684'),(2946,27,49,'4697.63'),(2947,27,50,'E'),(2948,27,51,'157194'),(2949,27,52,'EXEMPT'),(2950,27,53,'3.5L  6'),(2951,27,54,'6'),(2952,27,55,'2004 CHRYSLER PACIFICA'),(2953,27,56,'IN - INDIANAPOLIS'),(2954,27,57,'USD'),(2955,27,58,'EST'),(2956,27,59,'1472569200000'),(2957,27,60,'10:00:00.000000'),(2958,27,61,'3084'),(2959,27,62,'0'),(2960,27,63,'5'),(2961,27,64,NULL),(2962,27,65,'0'),(2963,27,66,'false'),(2964,27,67,'IN'),(2965,27,68,'ST'),(2966,27,69,'CERT OF TITLE-SALVAGE TITLE'),(2967,27,112,'TITLEGROUP_S'),(2968,27,70,'REAR END'),(2969,27,71,'https://cs.copart.com/v1/AUTH_svc.pdoc00001/NAP160401/858a9d23-1e8e-4aaf-acb3-2d4caefb46ad.JPG'),(2970,27,72,'a:2:{i:0;s:2:\"IV\";i:1;s:6:\"CERT-S\";}'),(2971,27,73,'VIR01'),(2972,27,74,'RR'),(2973,27,75,'C'),(2974,27,76,'F'),(2975,27,77,'44'),(2976,27,78,'44'),(2977,27,79,'false'),(2978,27,80,'125'),(2979,27,81,'-86.2477'),(2980,27,82,'39.82892'),(2981,27,83,'46254'),(2982,27,84,'USA'),(2983,27,85,'INDIANAPOLIS'),(2984,27,86,'IN'),(2985,27,113,'4 SPEED AUTOMATIC'),(2986,27,114,'false'),(2987,27,88,'0'),(2988,27,89,'CHRY'),(2989,27,90,'CERT-S'),(2990,27,106,'MINOR DENT/SCRATCHES'),(2991,27,91,'4DR SPOR'),(2992,27,92,'GAS'),(2993,27,93,'ENGINE START PROGRAM'),(2994,27,94,'SILVER'),(2995,27,95,'GAS'),(2996,27,96,'YES'),(2997,27,97,'All wheel drive'),(2998,27,115,'Pure Sale'),(2999,27,98,'C'),(3000,27,99,'UQI'),(3001,27,100,'UNIQUE INSURANCE'),(3002,27,101,'UQC3'),(3003,27,102,'false'),(3004,27,116,'false'),(3005,27,117,'INSURANCE COMPANY'),(3006,27,104,'true'),(3007,27,105,'AUTOMOBILE'),(3008,28,1,'NEVER_BID'),(3009,28,108,'A'),(3010,28,2,'N'),(3011,28,3,'0'),(3012,28,4,'825'),(3013,28,5,NULL),(3014,28,6,'2594'),(3015,28,7,'0'),(3016,28,8,'0'),(3017,28,9,NULL),(3018,28,10,NULL),(3019,28,11,'0'),(3020,28,12,'0'),(3021,28,13,'0'),(3022,28,14,'0'),(3023,28,15,'a:2:{s:9:\"dateAsInt\";s:8:\"20160830\";s:4:\"date\";s:13:\"1472540400000\";}'),(3024,28,16,'Sold'),(3025,28,17,'N'),(3026,28,18,NULL),(3027,28,19,'false'),(3028,28,20,'0'),(3029,28,21,'N'),(3030,28,22,'false'),(3031,28,23,'0'),(3032,28,24,'0'),(3033,28,25,'N'),(3034,28,26,'S'),(3035,28,27,'N'),(3036,28,28,'0'),(3037,28,29,'25'),(3038,28,30,'N'),(3039,28,31,'false'),(3040,28,32,'false'),(3041,28,33,'B'),(3042,28,34,'false'),(3043,28,35,'false'),(3044,28,36,'N'),(3045,28,37,'0'),(3046,28,40,'icon'),(3047,28,41,'DEFAULT'),(3048,28,109,'null null'),(3049,28,110,'a:1:{i:0;s:6:\"CPRTUS\";}'),(3050,28,111,'COPART'),(3051,28,42,'28700506'),(3052,28,43,'28700506'),(3053,28,44,'FORD'),(3054,28,45,'EXPLORER E'),(3055,28,46,'2009'),(3056,28,47,'1FMEU74E09UA31498'),(3057,28,48,'13550'),(3058,28,49,'13925.35'),(3059,28,50,'N'),(3060,28,51,'0'),(3061,28,52,'NOT ACTUAL'),(3062,28,53,'4.0L  6'),(3063,28,54,'6'),(3064,28,55,'2009 FORD EXPLORER E'),(3065,28,56,'NH - CANDIA'),(3066,28,57,'USD'),(3067,28,58,'EST'),(3068,28,59,'1472569200000'),(3069,28,60,'10:00:00.000000'),(3070,28,61,'2594'),(3071,28,62,'0'),(3072,28,63,'3'),(3073,28,64,NULL),(3074,28,65,'0'),(3075,28,66,'false'),(3076,28,67,'NH'),(3077,28,68,'ST'),(3078,28,69,'CERT OF TITLE-SALVAGE'),(3079,28,112,'TITLEGROUP_S'),(3080,28,70,'SIDE'),(3081,28,71,'https://cs.copart.com/v1/AUTH_svc.pdoc00001/PIX11/c9653c42-4fae-4f33-a243-8983d4094504.JPG'),(3082,28,72,'a:2:{i:0;s:2:\"IV\";i:1;s:6:\"CERT-E\";}'),(3083,28,73,'J100'),(3084,28,74,'SD'),(3085,28,75,'B'),(3086,28,76,'F'),(3087,28,77,'155'),(3088,28,78,'155'),(3089,28,79,'false'),(3090,28,80,'90'),(3091,28,81,'-71.73852'),(3092,28,82,'43.31493'),(3093,28,83,'03034'),(3094,28,84,'USA'),(3095,28,85,'CANDIA'),(3096,28,86,'NH'),(3097,28,113,'P'),(3098,28,114,'false'),(3099,28,88,'0'),(3100,28,89,'FORD'),(3101,28,90,'CERT-E'),(3102,28,106,'BIOHAZARD/CHEMICAL'),(3103,28,91,'4DR SPOR'),(3104,28,92,'GAS'),(3105,28,93,'ENHANCED VEHICLES'),(3106,28,94,'BLACK'),(3107,28,95,'GAS'),(3108,28,96,'YES'),(3109,28,107,'VEH LOCATED @ CANDIA SUB LOT'),(3110,28,97,'Four by Four'),(3111,28,115,'On Approval'),(3112,28,98,'C'),(3113,28,99,'SIG'),(3114,28,100,'SAFETY INSURANCE GROUP'),(3115,28,101,'SIG3'),(3116,28,102,'false'),(3117,28,116,'false'),(3118,28,117,'INSURANCE COMPANY'),(3119,28,104,'true'),(3120,28,105,'AUTOMOBILE'),(3121,29,118,NULL),(3122,29,119,NULL),(3123,29,120,NULL),(3124,29,121,NULL),(3125,29,122,NULL),(3126,29,123,NULL),(3127,29,124,NULL),(3128,29,125,NULL),(3129,29,126,NULL),(3130,29,127,NULL),(3131,29,128,'If you are awarded this vehicle today FEB 17 (CST), then'),(3132,29,129,'If you are awarded this vehicle on Feb 20 (CST), then'),(3133,29,130,'You have been awarded this 2015 Chevrolet Camaro\nfor $13,500 USD (plus applicable fees).'),(3134,29,131,'$8,550 or more is needed to place a bid. ($25 increments)'),(3135,29,132,NULL),(3136,29,133,NULL),(3137,29,134,'8'),(3138,29,135,'30'),(3139,29,136,'am'),(3140,29,137,'2/20/2017 9:30:00 AM'),(3141,29,138,'2/20/2017 8:30:00 AM'),(3142,29,139,'17'),(3143,29,140,'FEB'),(3144,29,141,NULL),(3145,29,142,NULL),(3146,29,143,NULL),(3147,29,144,NULL),(3148,29,145,'CST'),(3149,29,146,NULL),(3150,29,147,NULL),(3151,29,148,NULL),(3152,29,149,NULL),(3153,29,150,NULL),(3154,29,151,NULL),(3155,29,152,'1'),(3156,29,153,NULL),(3157,29,154,NULL),(3158,29,155,NULL),(3159,29,156,'1'),(3160,29,157,'1'),(3161,29,158,'1'),(3162,29,159,NULL),(3163,29,160,'Chevrolet'),(3164,29,161,'Camaro'),(3165,29,162,'2015'),(3166,29,163,'24317391'),(3167,29,164,'22668994'),(3168,29,165,'8525.00'),(3169,29,166,NULL),(3170,29,167,'1'),(3171,29,168,NULL),(3172,29,169,NULL),(3173,29,170,NULL),(3174,29,171,NULL),(3175,29,172,NULL),(3176,29,173,'1'),(3177,29,174,NULL),(3178,29,175,NULL),(3179,29,176,NULL),(3180,29,177,NULL),(3181,29,178,NULL),(3182,29,179,NULL),(3183,29,180,NULL),(3184,29,181,NULL),(3185,29,182,NULL),(3186,29,183,NULL),(3187,29,184,NULL),(3188,29,185,NULL),(3189,29,186,NULL),(3190,29,187,NULL),(3191,29,188,'RS'),(3192,29,189,'3D3DD3D33D3333333'),(3193,29,190,NULL),(3194,29,191,NULL),(3195,29,192,NULL),(3196,29,193,'LT'),(3197,29,194,NULL),(3198,29,195,NULL),(3199,29,196,NULL),(3200,29,197,NULL),(3201,29,198,NULL),(3202,29,199,NULL),(3203,29,200,NULL),(3204,29,201,NULL),(3205,29,202,'19242375'),(3206,29,203,'Miami'),(3207,29,204,NULL),(3208,29,205,NULL),(3209,29,206,NULL),(3210,29,207,NULL),(3211,29,208,NULL),(3212,29,209,'CLEAR (Florida)'),(3213,29,210,NULL),(3214,29,211,NULL),(3215,29,212,NULL),(3216,29,213,NULL),(3217,29,214,NULL),(3218,29,215,NULL),(3219,29,216,NULL),(3220,29,217,NULL),(3221,29,218,'1'),(3222,29,219,'$8,525'),(3223,29,220,NULL),(3224,29,221,NULL),(3225,29,222,NULL),(3226,29,223,'0.00'),(3227,29,224,NULL),(3228,29,225,NULL),(3229,29,226,'25.0000'),(3230,29,227,'5  people currently pre-bidding'),(3231,29,228,NULL),(3232,29,229,'2/20/2017 7:30:00 AM'),(3233,29,230,'19610441'),(3234,29,231,'742'),(3235,29,232,'942'),(3236,29,233,'TBD'),(3237,29,234,'02202017'),(3238,29,235,NULL),(3239,29,236,NULL),(3240,29,237,'1'),(3241,29,238,'13500'),(3242,29,239,'2/19/2017 8:00:00 PM'),(3243,29,240,NULL),(3244,29,241,NULL),(3245,29,242,'$13,500'),(3246,29,243,'Mon'),(3247,29,244,'20'),(3248,29,245,'Feb'),(3249,29,246,'08:30:00'),(3250,29,247,NULL),(3251,29,248,'8:30am'),(3252,29,249,NULL),(3253,29,250,NULL),(3254,29,251,NULL),(3255,29,252,NULL),(3256,29,253,NULL),(3257,29,254,NULL),(3258,29,255,NULL),(3259,29,256,NULL),(3260,29,257,NULL),(3261,29,258,'Miami (FL)'),(3262,29,259,NULL),(3263,29,260,NULL),(3264,29,261,NULL),(3265,29,262,NULL),(3266,29,263,'33054'),(3267,29,264,NULL),(3268,29,265,NULL),(3269,29,266,NULL),(3270,29,267,NULL),(3271,29,268,NULL),(3272,29,269,'1'),(3273,29,270,NULL),(3274,29,271,NULL),(3275,29,272,NULL),(3276,29,273,NULL),(3277,29,274,NULL),(3278,29,275,NULL),(3279,29,276,NULL),(3280,29,277,NULL),(3281,29,278,NULL),(3282,29,279,NULL),(3283,29,280,NULL),(3284,29,281,NULL),(3285,29,282,NULL),(3286,29,283,NULL),(3287,29,284,NULL),(3288,29,285,NULL),(3289,29,286,NULL),(3290,29,287,NULL),(3291,29,288,NULL),(3292,29,289,'CHEVROLET'),(3293,29,290,'CAMARO'),(3294,29,291,'DG Auto Group Export Inc'),(3295,29,292,NULL),(3296,29,293,NULL),(3297,29,294,NULL),(3298,29,295,'1'),(3299,29,296,'Passenger Car'),(3300,29,297,'1619961'),(3301,29,298,'1'),(3302,29,299,NULL),(3303,29,300,NULL),(3304,29,301,NULL),(3305,30,118,NULL),(3306,30,119,NULL),(3307,30,120,NULL),(3308,30,121,NULL),(3309,30,122,NULL),(3310,30,123,NULL),(3311,30,124,NULL),(3312,30,125,NULL),(3313,30,126,NULL),(3314,30,127,NULL),(3315,30,128,'If you are awarded this vehicle today FEB 17 (CST), then'),(3316,30,129,'If you are awarded this vehicle on Feb 20 (CST), then'),(3317,30,130,'You have been awarded this 2009 BMW X5\nfor  USD (plus applicable fees).'),(3318,30,131,'$50 or more is needed to place a bid. ($25 increments)'),(3319,30,132,NULL),(3320,30,133,NULL),(3321,30,134,'8'),(3322,30,135,'00'),(3323,30,136,'am'),(3324,30,137,'2/20/2017 9:00:00 AM'),(3325,30,138,'2/20/2017 8:00:00 AM'),(3326,30,139,'17'),(3327,30,140,'FEB'),(3328,30,141,NULL),(3329,30,142,NULL),(3330,30,143,NULL),(3331,30,144,NULL),(3332,30,145,'CST'),(3333,30,146,NULL),(3334,30,147,NULL),(3335,30,148,NULL),(3336,30,149,NULL),(3337,30,150,NULL),(3338,30,151,NULL),(3339,30,152,'1'),(3340,30,153,NULL),(3341,30,154,NULL),(3342,30,155,NULL),(3343,30,156,'1'),(3344,30,157,NULL),(3345,30,158,'1'),(3346,30,159,NULL),(3347,30,160,'BMW'),(3348,30,161,'X5'),(3349,30,162,'2009'),(3350,30,163,'23751969'),(3351,30,164,'22627293'),(3352,30,165,'25.00'),(3353,30,166,NULL),(3354,30,167,'1'),(3355,30,168,NULL),(3356,30,169,NULL),(3357,30,170,NULL),(3358,30,171,NULL),(3359,30,172,NULL),(3360,30,173,'33'),(3361,30,174,NULL),(3362,30,175,NULL),(3363,30,176,NULL),(3364,30,177,NULL),(3365,30,178,NULL),(3366,30,179,NULL),(3367,30,180,NULL),(3368,30,181,NULL),(3369,30,182,NULL),(3370,30,183,NULL),(3371,30,184,NULL),(3372,30,185,NULL),(3373,30,186,NULL),(3374,30,187,NULL),(3375,30,188,'RS'),(3376,30,189,'3UUDD33333D333333'),(3377,30,190,NULL),(3378,30,191,NULL),(3379,30,192,NULL),(3380,30,193,'XDRIVE30I'),(3381,30,194,NULL),(3382,30,195,NULL),(3383,30,196,NULL),(3384,30,197,NULL),(3385,30,198,NULL),(3386,30,199,NULL),(3387,30,200,NULL),(3388,30,201,NULL),(3389,30,202,'18774507'),(3390,30,203,'Northern Virginia'),(3391,30,204,NULL),(3392,30,205,NULL),(3393,30,206,NULL),(3394,30,207,'A'),(3395,30,208,NULL),(3396,30,209,'SALVAGE (Virginia)'),(3397,30,210,NULL),(3398,30,211,NULL),(3399,30,212,NULL),(3400,30,213,NULL),(3401,30,214,NULL),(3402,30,215,NULL),(3403,30,216,NULL),(3404,30,217,NULL),(3405,30,218,'1'),(3406,30,219,'$25'),(3407,30,220,NULL),(3408,30,221,NULL),(3409,30,222,NULL),(3410,30,223,'0.00'),(3411,30,224,NULL),(3412,30,225,NULL),(3413,30,226,'25.0000'),(3414,30,227,'1  person currently pre-bidding'),(3415,30,228,NULL),(3416,30,229,'2/20/2017 7:00:00 AM'),(3417,30,230,'19161351'),(3418,30,231,'723'),(3419,30,232,'46'),(3420,30,233,'3210'),(3421,30,234,'02202017'),(3422,30,235,NULL),(3423,30,236,NULL),(3424,30,237,NULL),(3425,30,238,NULL),(3426,30,239,NULL),(3427,30,240,NULL),(3428,30,241,NULL),(3429,30,242,NULL),(3430,30,243,'Mon'),(3431,30,244,'20'),(3432,30,245,'Feb'),(3433,30,246,'08:00:00'),(3434,30,247,NULL),(3435,30,248,'8am'),(3436,30,249,NULL),(3437,30,250,'BRANDED IF REBUILT'),(3438,30,251,NULL),(3439,30,252,NULL),(3440,30,253,NULL),(3441,30,254,NULL),(3442,30,255,NULL),(3443,30,256,NULL),(3444,30,257,NULL),(3445,30,258,'Northern Virginia (VA)'),(3446,30,259,NULL),(3447,30,260,NULL),(3448,30,261,NULL),(3449,30,262,NULL),(3450,30,263,'22406'),(3451,30,264,NULL),(3452,30,265,NULL),(3453,30,266,NULL),(3454,30,267,NULL),(3455,30,268,NULL),(3456,30,269,NULL),(3457,30,270,NULL),(3458,30,271,NULL),(3459,30,272,NULL),(3460,30,273,NULL),(3461,30,274,NULL),(3462,30,275,NULL),(3463,30,276,NULL),(3464,30,277,NULL),(3465,30,278,NULL),(3466,30,279,NULL),(3467,30,280,NULL),(3468,30,281,NULL),(3469,30,282,NULL),(3470,30,283,NULL),(3471,30,284,NULL),(3472,30,285,NULL),(3473,30,286,NULL),(3474,30,287,NULL),(3475,30,288,NULL),(3476,30,289,'BMW'),(3477,30,290,'X5'),(3478,30,291,'Geico Insurance'),(3479,30,292,NULL),(3480,30,293,NULL),(3481,30,294,'1'),(3482,30,295,'1'),(3483,30,296,'Passenger Car'),(3484,30,297,'65'),(3485,30,298,NULL),(3486,30,299,NULL),(3487,30,300,NULL),(3488,30,301,NULL),(3489,31,118,NULL),(3490,31,119,NULL),(3491,31,120,NULL),(3492,31,121,NULL),(3493,31,122,NULL),(3494,31,123,NULL),(3495,31,124,NULL),(3496,31,125,NULL),(3497,31,126,NULL),(3498,31,127,NULL),(3499,31,128,'If you are awarded this vehicle today FEB 17 (CST), then'),(3500,31,129,'If you are awarded this vehicle on Feb 21 (CST), then'),(3501,31,130,'You have been awarded this 2006 Chrysler 300\nfor  USD (plus applicable fees).'),(3502,31,131,'$550 or more is needed to place a bid. ($25 increments)'),(3503,31,132,NULL),(3504,31,133,NULL),(3505,31,134,'9'),(3506,31,135,'00'),(3507,31,136,'am'),(3508,31,137,'2/21/2017 10:00:00 AM'),(3509,31,138,'2/21/2017 9:00:00 AM'),(3510,31,139,'17'),(3511,31,140,'FEB'),(3512,31,141,NULL),(3513,31,142,NULL),(3514,31,143,NULL),(3515,31,144,NULL),(3516,31,145,'CST'),(3517,31,146,NULL),(3518,31,147,NULL),(3519,31,148,NULL),(3520,31,149,NULL),(3521,31,150,NULL),(3522,31,151,NULL),(3523,31,152,'1'),(3524,31,153,NULL),(3525,31,154,NULL),(3526,31,155,NULL),(3527,31,156,'1'),(3528,31,157,NULL),(3529,31,158,'1'),(3530,31,159,NULL),(3531,31,160,'Chrysler'),(3532,31,161,'300'),(3533,31,162,'2006'),(3534,31,163,'24272670'),(3535,31,164,'22623032'),(3536,31,165,'525.00'),(3537,31,166,NULL),(3538,31,167,'1'),(3539,31,168,NULL),(3540,31,169,NULL),(3541,31,170,NULL),(3542,31,171,NULL),(3543,31,172,NULL),(3544,31,173,'1'),(3545,31,174,NULL),(3546,31,175,NULL),(3547,31,176,NULL),(3548,31,177,NULL),(3549,31,178,NULL),(3550,31,179,NULL),(3551,31,180,NULL),(3552,31,181,NULL),(3553,31,182,NULL),(3554,31,183,NULL),(3555,31,184,NULL),(3556,31,185,NULL),(3557,31,186,NULL),(3558,31,187,NULL),(3559,31,188,'RS'),(3560,31,189,'3D3DD33D33D333333'),(3561,31,190,NULL),(3562,31,191,NULL),(3563,31,192,NULL),(3564,31,193,'TOURING'),(3565,31,194,NULL),(3566,31,195,NULL),(3567,31,196,NULL),(3568,31,197,NULL),(3569,31,198,NULL),(3570,31,199,NULL),(3571,31,200,NULL),(3572,31,201,NULL),(3573,31,202,'18740271'),(3574,31,203,'Scranton'),(3575,31,204,NULL),(3576,31,205,NULL),(3577,31,206,NULL),(3578,31,207,NULL),(3579,31,208,NULL),(3580,31,209,'SALVAGE (Pennsylvania)'),(3581,31,210,NULL),(3582,31,211,NULL),(3583,31,212,NULL),(3584,31,213,NULL),(3585,31,214,NULL),(3586,31,215,NULL),(3587,31,216,NULL),(3588,31,217,NULL),(3589,31,218,'1'),(3590,31,219,'$525'),(3591,31,220,NULL),(3592,31,221,NULL),(3593,31,222,NULL),(3594,31,223,'0.00'),(3595,31,224,NULL),(3596,31,225,NULL),(3597,31,226,'25.0000'),(3598,31,227,'3  people currently pre-bidding'),(3599,31,228,NULL),(3600,31,229,'2/21/2017 8:00:00 AM'),(3601,31,230,'19109774'),(3602,31,231,'636'),(3603,31,232,'946'),(3604,31,233,'TBD'),(3605,31,234,'02212017'),(3606,31,235,NULL),(3607,31,236,NULL),(3608,31,237,NULL),(3609,31,238,NULL),(3610,31,239,NULL),(3611,31,240,NULL),(3612,31,241,NULL),(3613,31,242,NULL),(3614,31,243,'Tue'),(3615,31,244,'21'),(3616,31,245,'Feb'),(3617,31,246,'09:00:00'),(3618,31,247,NULL),(3619,31,248,'9am'),(3620,31,249,NULL),(3621,31,250,NULL),(3622,31,251,NULL),(3623,31,252,NULL),(3624,31,253,NULL),(3625,31,254,NULL),(3626,31,255,NULL),(3627,31,256,NULL),(3628,31,257,NULL),(3629,31,258,'Scranton (PA)'),(3630,31,259,NULL),(3631,31,260,NULL),(3632,31,261,NULL),(3633,31,262,NULL),(3634,31,263,'18640'),(3635,31,264,NULL),(3636,31,265,NULL),(3637,31,266,NULL),(3638,31,267,NULL),(3639,31,268,NULL),(3640,31,269,NULL),(3641,31,270,NULL),(3642,31,271,NULL),(3643,31,272,NULL),(3644,31,273,NULL),(3645,31,274,NULL),(3646,31,275,NULL),(3647,31,276,NULL),(3648,31,277,NULL),(3649,31,278,NULL),(3650,31,279,NULL),(3651,31,280,NULL),(3652,31,281,NULL),(3653,31,282,NULL),(3654,31,283,NULL),(3655,31,284,NULL),(3656,31,285,NULL),(3657,31,286,NULL),(3658,31,287,NULL),(3659,31,288,NULL),(3660,31,289,'CHRYSLER'),(3661,31,290,'300'),(3662,31,291,'Erie Insurance Group'),(3663,31,292,NULL),(3664,31,293,NULL),(3665,31,294,'1'),(3666,31,295,'1'),(3667,31,296,'Passenger Car'),(3668,31,297,'1623038'),(3669,31,298,'1'),(3670,31,299,NULL),(3671,31,300,NULL),(3672,31,301,NULL),(3673,32,118,NULL),(3674,32,119,NULL),(3675,32,120,NULL),(3676,32,121,NULL),(3677,32,122,NULL),(3678,32,123,NULL),(3679,32,124,NULL),(3680,32,125,NULL),(3681,32,126,NULL),(3682,32,127,NULL),(3683,32,128,'If you are awarded this vehicle today FEB 17 (CST), then'),(3684,32,129,'If you are awarded this vehicle on Feb 22 (CST), then'),(3685,32,130,'You have been awarded this 2017 CHRYSLER PACIFICA\nfor $20,500 USD (plus applicable fees).'),(3686,32,131,'$2,300 or more is needed to place a bid. ($25 increments)'),(3687,32,132,NULL),(3688,32,133,NULL),(3689,32,134,'8'),(3690,32,135,'00'),(3691,32,136,'am'),(3692,32,137,'2/22/2017 9:00:00 AM'),(3693,32,138,'2/22/2017 8:00:00 AM'),(3694,32,139,'17'),(3695,32,140,'FEB'),(3696,32,141,NULL),(3697,32,142,NULL),(3698,32,143,NULL),(3699,32,144,NULL),(3700,32,145,'CST'),(3701,32,146,NULL),(3702,32,147,NULL),(3703,32,148,NULL),(3704,32,149,NULL),(3705,32,150,NULL),(3706,32,151,NULL),(3707,32,152,'1'),(3708,32,153,NULL),(3709,32,154,NULL),(3710,32,155,NULL),(3711,32,156,'1'),(3712,32,157,'1'),(3713,32,158,'1'),(3714,32,159,NULL),(3715,32,160,'CHRYSLER'),(3716,32,161,'PACIFICA'),(3717,32,162,'2017'),(3718,32,163,'24342561'),(3719,32,164,'22695338'),(3720,32,165,'2275.00'),(3721,32,166,NULL),(3722,32,167,'1'),(3723,32,168,NULL),(3724,32,169,NULL),(3725,32,170,NULL),(3726,32,171,NULL),(3727,32,172,NULL),(3728,32,173,'51'),(3729,32,174,NULL),(3730,32,175,NULL),(3731,32,176,NULL),(3732,32,177,NULL),(3733,32,178,NULL),(3734,32,179,NULL),(3735,32,180,NULL),(3736,32,181,NULL),(3737,32,182,NULL),(3738,32,183,NULL),(3739,32,184,NULL),(3740,32,185,NULL),(3741,32,186,NULL),(3742,32,187,NULL),(3743,32,188,'RS'),(3744,32,189,'3D3UD3DD3DU333333'),(3745,32,190,NULL),(3746,32,191,NULL),(3747,32,192,NULL),(3748,32,193,'TOURING'),(3749,32,194,NULL),(3750,32,195,NULL),(3751,32,196,NULL),(3752,32,197,NULL),(3753,32,198,NULL),(3754,32,199,NULL),(3755,32,200,NULL),(3756,32,201,NULL),(3757,32,202,'19198461'),(3758,32,203,'Orlando'),(3759,32,204,NULL),(3760,32,205,NULL),(3761,32,206,NULL),(3762,32,207,NULL),(3763,32,208,NULL),(3764,32,209,'CLEAR (Florida)'),(3765,32,210,NULL),(3766,32,211,NULL),(3767,32,212,NULL),(3768,32,213,NULL),(3769,32,214,NULL),(3770,32,215,NULL),(3771,32,216,NULL),(3772,32,217,NULL),(3773,32,218,'1'),(3774,32,219,'$2,275'),(3775,32,220,NULL),(3776,32,221,NULL),(3777,32,222,NULL),(3778,32,223,'0.00'),(3779,32,224,NULL),(3780,32,225,NULL),(3781,32,226,'25.0000'),(3782,32,227,'5  people currently pre-bidding'),(3783,32,228,NULL),(3784,32,229,'2/22/2017 7:00:00 AM'),(3785,32,230,'19587538'),(3786,32,231,'732'),(3787,32,232,'908'),(3788,32,233,'TBD'),(3789,32,234,'02222017'),(3790,32,235,NULL),(3791,32,236,NULL),(3792,32,237,'1'),(3793,32,238,'20500'),(3794,32,239,'2/21/2017 8:00:00 PM'),(3795,32,240,NULL),(3796,32,241,NULL),(3797,32,242,'$20,500'),(3798,32,243,'Wed'),(3799,32,244,'22'),(3800,32,245,'Feb'),(3801,32,246,'08:00:00'),(3802,32,247,NULL),(3803,32,248,'8am'),(3804,32,249,NULL),(3805,32,250,NULL),(3806,32,251,NULL),(3807,32,252,NULL),(3808,32,253,NULL),(3809,32,254,NULL),(3810,32,255,NULL),(3811,32,256,NULL),(3812,32,257,NULL),(3813,32,258,'Orlando (FL)'),(3814,32,259,NULL),(3815,32,260,NULL),(3816,32,261,NULL),(3817,32,262,NULL),(3818,32,263,'32824'),(3819,32,264,NULL),(3820,32,265,NULL),(3821,32,266,NULL),(3822,32,267,NULL),(3823,32,268,NULL),(3824,32,269,'1'),(3825,32,270,NULL),(3826,32,271,NULL),(3827,32,272,NULL),(3828,32,273,NULL),(3829,32,274,NULL),(3830,32,275,NULL),(3831,32,276,NULL),(3832,32,277,NULL),(3833,32,278,NULL),(3834,32,279,NULL),(3835,32,280,NULL),(3836,32,281,NULL),(3837,32,282,NULL),(3838,32,283,NULL),(3839,32,284,NULL),(3840,32,285,NULL),(3841,32,286,NULL),(3842,32,287,NULL),(3843,32,288,NULL),(3844,32,289,'CHRYSLER'),(3845,32,290,'PACIFICA'),(3846,32,291,'Avis Rent A Car - Orlando'),(3847,32,292,NULL),(3848,32,293,NULL),(3849,32,294,NULL),(3850,32,295,'1'),(3851,32,296,'Passenger Car'),(3852,32,297,'116053'),(3853,32,298,'1'),(3854,32,299,NULL),(3855,32,300,NULL),(3856,32,301,NULL),(3857,33,118,NULL),(3858,33,119,NULL),(3859,33,120,NULL),(3860,33,121,NULL),(3861,33,122,NULL),(3862,33,123,NULL),(3863,33,124,NULL),(3864,33,125,NULL),(3865,33,126,'1'),(3866,33,127,'<h4><div class=\'offSiteHD\'>Off-Site Announcements</div></h4><br><p><div class=\'offSiteWrapper\' style=\'font-weight:bold\'>Hours of Operation</p><p><div>Hours of Operation have not been verified</div></p><p><strong></strong></p><br><p><strong><div class=\'offSiteWrapper\'>Vehicles must be paid through IAA</div></strong></p><br><p><strong><div class=\'offSiteWrapper\'><span>Authorization for Off-site Sale Release form is recommended for pickup. This form will be emailed upon payment posting to your account or it can be obtained through the selling branch</span></div></strong></p><p><div class=\'offSiteWrapper\' style=\'padding:10px 0 0 0\'><span>Is pre-sale off-site inspection available?</span><span style=\'font-weight:bold\'> Yes</span></p><p><span>Note: Contact Rochester Branch to Schedule Preview.</span></p><br><p>Pick up Instructions: Must go to Rochester Branch prior to Off Site Pick Up.<br /></p><p><div class=\'offSiteWrapper\'><span>Are loading services available?</span><span style=\'font-weight:bold\'> No</span></div></p><br><p><div class=\'offSiteWrapper\'><span>Are towing services available?</span><span style=\'font-weight:bold\'> No<span></div></p><br><p></p>'),(3867,33,128,'If you are awarded this vehicle today FEB 17 (CST), then'),(3868,33,129,'If you are awarded this vehicle on Feb 21 (CST), then'),(3869,33,130,'You have been awarded this 1979 CHRYSLER LEBARON\nfor $2,500 USD (plus applicable fees).'),(3870,33,131,'$525 or more is needed to place a bid. ($25 increments)'),(3871,33,132,NULL),(3872,33,133,NULL),(3873,33,134,'8'),(3874,33,135,'30'),(3875,33,136,'am'),(3876,33,137,'2/21/2017 9:30:00 AM'),(3877,33,138,'2/21/2017 8:30:00 AM'),(3878,33,139,'17'),(3879,33,140,'FEB'),(3880,33,141,NULL),(3881,33,142,NULL),(3882,33,143,NULL),(3883,33,144,NULL),(3884,33,145,'CST'),(3885,33,146,NULL),(3886,33,147,NULL),(3887,33,148,NULL),(3888,33,149,NULL),(3889,33,150,NULL),(3890,33,151,NULL),(3891,33,152,NULL),(3892,33,153,NULL),(3893,33,154,NULL),(3894,33,155,NULL),(3895,33,156,'1'),(3896,33,157,'1'),(3897,33,158,'1'),(3898,33,159,NULL),(3899,33,160,'CHRYSLER'),(3900,33,161,'LEBARON'),(3901,33,162,'1979'),(3902,33,163,'24329767'),(3903,33,164,'22681145'),(3904,33,165,'500.00'),(3905,33,166,NULL),(3906,33,167,'1'),(3907,33,168,NULL),(3908,33,169,NULL),(3909,33,170,NULL),(3910,33,171,NULL),(3911,33,172,NULL),(3912,33,173,'1'),(3913,33,174,NULL),(3914,33,175,NULL),(3915,33,176,NULL),(3916,33,177,NULL),(3917,33,178,NULL),(3918,33,179,NULL),(3919,33,180,NULL),(3920,33,181,NULL),(3921,33,182,NULL),(3922,33,183,NULL),(3923,33,184,NULL),(3924,33,185,NULL),(3925,33,186,NULL),(3926,33,187,NULL),(3927,33,188,'RS'),(3928,33,189,'DD33D3D333333'),(3929,33,190,NULL),(3930,33,191,NULL),(3931,33,192,NULL),(3932,33,193,NULL),(3933,33,194,NULL),(3934,33,195,NULL),(3935,33,196,NULL),(3936,33,197,NULL),(3937,33,198,NULL),(3938,33,199,NULL),(3939,33,200,NULL),(3940,33,201,NULL),(3941,33,202,'19159716'),(3942,33,203,'Rochester'),(3943,33,204,NULL),(3944,33,205,NULL),(3945,33,206,NULL),(3946,33,207,NULL),(3947,33,208,NULL),(3948,33,209,'CLEAR (New York)'),(3949,33,210,NULL),(3950,33,211,NULL),(3951,33,212,NULL),(3952,33,213,NULL),(3953,33,214,NULL),(3954,33,215,NULL),(3955,33,216,NULL),(3956,33,217,NULL),(3957,33,218,'1'),(3958,33,219,'$500'),(3959,33,220,NULL),(3960,33,221,NULL),(3961,33,222,NULL),(3962,33,223,'0.00'),(3963,33,224,NULL),(3964,33,225,NULL),(3965,33,226,'25.0000'),(3966,33,227,'5  people currently pre-bidding'),(3967,33,228,NULL),(3968,33,229,'2/21/2017 7:30:00 AM'),(3969,33,230,'19528537'),(3970,33,231,'671'),(3971,33,232,'1042'),(3972,33,233,'TBD'),(3973,33,234,'02212017'),(3974,33,235,NULL),(3975,33,236,NULL),(3976,33,237,'1'),(3977,33,238,'2500'),(3978,33,239,'2/20/2017 8:00:00 PM'),(3979,33,240,NULL),(3980,33,241,NULL),(3981,33,242,'$2,500'),(3982,33,243,'Tue'),(3983,33,244,'21'),(3984,33,245,'Feb'),(3985,33,246,'08:30:00'),(3986,33,247,NULL),(3987,33,248,'8:30am'),(3988,33,249,NULL),(3989,33,250,'MV50'),(3990,33,251,NULL),(3991,33,252,NULL),(3992,33,253,NULL),(3993,33,254,NULL),(3994,33,255,NULL),(3995,33,256,NULL),(3996,33,257,NULL),(3997,33,258,'Rochester (NY)'),(3998,33,259,'W.P. 1'),(3999,33,260,NULL),(4000,33,261,'ROCHESTER'),(4001,33,262,'NY'),(4002,33,263,'14623'),(4003,33,264,NULL),(4004,33,265,NULL),(4005,33,266,'1'),(4006,33,267,NULL),(4007,33,268,NULL),(4008,33,269,'1'),(4009,33,270,NULL),(4010,33,271,NULL),(4011,33,272,NULL),(4012,33,273,NULL),(4013,33,274,NULL),(4014,33,275,NULL),(4015,33,276,NULL),(4016,33,277,NULL),(4017,33,278,NULL),(4018,33,279,NULL),(4019,33,280,NULL),(4020,33,281,NULL),(4021,33,282,NULL),(4022,33,283,NULL),(4023,33,284,NULL),(4024,33,285,NULL),(4025,33,286,NULL),(4026,33,287,NULL),(4027,33,288,NULL),(4028,33,289,'CHRYSLER'),(4029,33,290,'LEBARON'),(4030,33,291,'W.P. Hobbies & More'),(4031,33,292,NULL),(4032,33,293,NULL),(4033,33,294,NULL),(4034,33,295,'1'),(4035,33,296,'Passenger Car'),(4036,33,297,'9929192'),(4037,33,298,NULL),(4038,33,299,NULL),(4039,33,300,NULL),(4040,33,301,NULL),(4041,34,118,NULL),(4042,34,119,NULL),(4043,34,120,NULL),(4044,34,121,NULL),(4045,34,122,NULL),(4046,34,123,NULL),(4047,34,124,NULL),(4048,34,125,NULL),(4049,34,126,NULL),(4050,34,127,NULL),(4051,34,128,'If you are awarded this vehicle today FEB 17 (CST), then'),(4052,34,129,'If you are awarded this vehicle on Feb 22 (CST), then'),(4053,34,130,'You have been awarded this 2017 CHEVROLET MALIBU\nfor $11,900 USD (plus applicable fees).'),(4054,34,131,'$25 or more is needed to place a bid. ($25 increments)'),(4055,34,132,NULL),(4056,34,133,NULL),(4057,34,134,'8'),(4058,34,135,'00'),(4059,34,136,'am'),(4060,34,137,'2/22/2017 9:00:00 AM'),(4061,34,138,'2/22/2017 8:00:00 AM'),(4062,34,139,'17'),(4063,34,140,'FEB'),(4064,34,141,NULL),(4065,34,142,NULL),(4066,34,143,NULL),(4067,34,144,NULL),(4068,34,145,'CST'),(4069,34,146,NULL),(4070,34,147,NULL),(4071,34,148,NULL),(4072,34,149,NULL),(4073,34,150,NULL),(4074,34,151,NULL),(4075,34,152,'1'),(4076,34,153,NULL),(4077,34,154,NULL),(4078,34,155,NULL),(4079,34,156,'1'),(4080,34,157,'1'),(4081,34,158,'1'),(4082,34,159,NULL),(4083,34,160,'CHEVROLET'),(4084,34,161,'MALIBU'),(4085,34,162,'2017'),(4086,34,163,'24342769'),(4087,34,164,'22695516'),(4088,34,165,'0.00'),(4089,34,166,NULL),(4090,34,167,'1'),(4091,34,168,NULL),(4092,34,169,NULL),(4093,34,170,NULL),(4094,34,171,NULL),(4095,34,172,NULL),(4096,34,173,'51'),(4097,34,174,NULL),(4098,34,175,NULL),(4099,34,176,NULL),(4100,34,177,NULL),(4101,34,178,NULL),(4102,34,179,NULL),(4103,34,180,NULL),(4104,34,181,NULL),(4105,34,182,NULL),(4106,34,183,NULL),(4107,34,184,NULL),(4108,34,185,NULL),(4109,34,186,NULL),(4110,34,187,NULL),(4111,34,188,'RS'),(4112,34,189,'3D3UD3UUUDD333333'),(4113,34,190,NULL),(4114,34,191,NULL),(4115,34,192,NULL),(4116,34,193,'LT'),(4117,34,194,NULL),(4118,34,195,NULL),(4119,34,196,NULL),(4120,34,197,NULL),(4121,34,198,NULL),(4122,34,199,NULL),(4123,34,200,NULL),(4124,34,201,NULL),(4125,34,202,'19241180'),(4126,34,203,'Orlando'),(4127,34,204,NULL),(4128,34,205,NULL),(4129,34,206,NULL),(4130,34,207,NULL),(4131,34,208,NULL),(4132,34,209,'CLEAR (Florida)'),(4133,34,210,NULL),(4134,34,211,NULL),(4135,34,212,NULL),(4136,34,213,NULL),(4137,34,214,NULL),(4138,34,215,NULL),(4139,34,216,NULL),(4140,34,217,NULL),(4141,34,218,NULL),(4142,34,219,'$0'),(4143,34,220,NULL),(4144,34,221,NULL),(4145,34,222,NULL),(4146,34,223,'0.00'),(4147,34,224,NULL),(4148,34,225,NULL),(4149,34,226,'25.0000'),(4150,34,227,NULL),(4151,34,228,NULL),(4152,34,229,'2/22/2017 7:00:00 AM'),(4153,34,230,'19631667'),(4154,34,231,'732'),(4155,34,232,'908'),(4156,34,233,'TBD'),(4157,34,234,'02222017'),(4158,34,235,NULL),(4159,34,236,NULL),(4160,34,237,'1'),(4161,34,238,'11900'),(4162,34,239,'2/21/2017 8:00:00 PM'),(4163,34,240,NULL),(4164,34,241,NULL),(4165,34,242,'$11,900'),(4166,34,243,'Wed'),(4167,34,244,'22'),(4168,34,245,'Feb'),(4169,34,246,'08:00:00'),(4170,34,247,NULL),(4171,34,248,'8am'),(4172,34,249,NULL),(4173,34,250,'TBO'),(4174,34,251,NULL),(4175,34,252,NULL),(4176,34,253,NULL),(4177,34,254,NULL),(4178,34,255,NULL),(4179,34,256,NULL),(4180,34,257,NULL),(4181,34,258,'Orlando (FL)'),(4182,34,259,NULL),(4183,34,260,NULL),(4184,34,261,NULL),(4185,34,262,NULL),(4186,34,263,'32824'),(4187,34,264,NULL),(4188,34,265,NULL),(4189,34,266,NULL),(4190,34,267,NULL),(4191,34,268,NULL),(4192,34,269,'1'),(4193,34,270,NULL),(4194,34,271,NULL),(4195,34,272,NULL),(4196,34,273,NULL),(4197,34,274,NULL),(4198,34,275,NULL),(4199,34,276,NULL),(4200,34,277,NULL),(4201,34,278,NULL),(4202,34,279,NULL),(4203,34,280,NULL),(4204,34,281,NULL),(4205,34,282,NULL),(4206,34,283,NULL),(4207,34,284,NULL),(4208,34,285,NULL),(4209,34,286,NULL),(4210,34,287,NULL),(4211,34,288,NULL),(4212,34,289,'CHEVROLET'),(4213,34,290,'MALIBU'),(4214,34,291,'Avis Rent A Car - Orlando'),(4215,34,292,NULL),(4216,34,293,NULL),(4217,34,294,NULL),(4218,34,295,'1'),(4219,34,296,'Passenger Car'),(4220,34,297,'116053'),(4221,34,298,'1'),(4222,34,299,NULL),(4223,34,300,NULL),(4224,34,301,NULL),(4225,35,118,NULL),(4226,35,119,NULL),(4227,35,120,NULL),(4228,35,121,NULL),(4229,35,122,NULL),(4230,35,123,NULL),(4231,35,124,NULL),(4232,35,125,NULL),(4233,35,126,NULL),(4234,35,127,NULL),(4235,35,128,'If you are awarded this vehicle today FEB 17 (CST), then'),(4236,35,129,'If you are awarded this vehicle on Feb 20 (CST), then'),(4237,35,130,'You have been awarded this 2015 Chevrolet Camaro\nfor $13,500 USD (plus applicable fees).'),(4238,35,131,'$8,550 or more is needed to place a bid. ($25 increments)'),(4239,35,132,NULL),(4240,35,133,NULL),(4241,35,134,'8'),(4242,35,135,'30'),(4243,35,136,'am'),(4244,35,137,'2/20/2017 9:30:00 AM'),(4245,35,138,'2/20/2017 8:30:00 AM'),(4246,35,139,'17'),(4247,35,140,'FEB'),(4248,35,141,NULL),(4249,35,142,NULL),(4250,35,143,NULL),(4251,35,144,NULL),(4252,35,145,'CST'),(4253,35,146,NULL),(4254,35,147,NULL),(4255,35,148,NULL),(4256,35,149,NULL),(4257,35,150,NULL),(4258,35,151,NULL),(4259,35,152,'1'),(4260,35,153,NULL),(4261,35,154,NULL),(4262,35,155,NULL),(4263,35,156,'1'),(4264,35,157,'1'),(4265,35,158,'1'),(4266,35,159,NULL),(4267,35,160,'Chevrolet'),(4268,35,161,'Camaro'),(4269,35,162,'2015'),(4270,35,163,'24317391'),(4271,35,164,'22668994'),(4272,35,165,'8525.00'),(4273,35,166,NULL),(4274,35,167,'1'),(4275,35,168,NULL),(4276,35,169,NULL),(4277,35,170,NULL),(4278,35,171,NULL),(4279,35,172,NULL),(4280,35,173,'1'),(4281,35,174,NULL),(4282,35,175,NULL),(4283,35,176,NULL),(4284,35,177,NULL),(4285,35,178,NULL),(4286,35,179,NULL),(4287,35,180,NULL),(4288,35,181,NULL),(4289,35,182,NULL),(4290,35,183,NULL),(4291,35,184,NULL),(4292,35,185,NULL),(4293,35,186,NULL),(4294,35,187,NULL),(4295,35,188,'RS'),(4296,35,189,'3D3DD3D33D3333333'),(4297,35,190,NULL),(4298,35,191,NULL),(4299,35,192,NULL),(4300,35,193,'LT'),(4301,35,194,NULL),(4302,35,195,NULL),(4303,35,196,NULL),(4304,35,197,NULL),(4305,35,198,NULL),(4306,35,199,NULL),(4307,35,200,NULL),(4308,35,201,NULL),(4309,35,202,'19242375'),(4310,35,203,'Miami'),(4311,35,204,NULL),(4312,35,205,NULL),(4313,35,206,NULL),(4314,35,207,NULL),(4315,35,208,NULL),(4316,35,209,'CLEAR (Florida)'),(4317,35,210,NULL),(4318,35,211,NULL),(4319,35,212,NULL),(4320,35,213,NULL),(4321,35,214,NULL),(4322,35,215,NULL),(4323,35,216,NULL),(4324,35,217,NULL),(4325,35,218,'1'),(4326,35,219,'$8,525'),(4327,35,220,NULL),(4328,35,221,NULL),(4329,35,222,NULL),(4330,35,223,'0.00'),(4331,35,224,NULL),(4332,35,225,NULL),(4333,35,226,'25.0000'),(4334,35,227,'5  people currently pre-bidding'),(4335,35,228,NULL),(4336,35,229,'2/20/2017 7:30:00 AM'),(4337,35,230,'19610441'),(4338,35,231,'742'),(4339,35,232,'942'),(4340,35,233,'TBD'),(4341,35,234,'02202017'),(4342,35,235,NULL),(4343,35,236,NULL),(4344,35,237,'1'),(4345,35,238,'13500'),(4346,35,239,'2/19/2017 8:00:00 PM'),(4347,35,240,NULL),(4348,35,241,NULL),(4349,35,242,'$13,500'),(4350,35,243,'Mon'),(4351,35,244,'20'),(4352,35,245,'Feb'),(4353,35,246,'08:30:00'),(4354,35,247,NULL),(4355,35,248,'8:30am'),(4356,35,249,NULL),(4357,35,250,NULL),(4358,35,251,NULL),(4359,35,252,NULL),(4360,35,253,NULL),(4361,35,254,NULL),(4362,35,255,NULL),(4363,35,256,NULL),(4364,35,257,NULL),(4365,35,258,'Miami (FL)'),(4366,35,259,NULL),(4367,35,260,NULL),(4368,35,261,NULL),(4369,35,262,NULL),(4370,35,263,'33054'),(4371,35,264,NULL),(4372,35,265,NULL),(4373,35,266,NULL),(4374,35,267,NULL),(4375,35,268,NULL),(4376,35,269,'1'),(4377,35,270,NULL),(4378,35,271,NULL),(4379,35,272,NULL),(4380,35,273,NULL),(4381,35,274,NULL),(4382,35,275,NULL),(4383,35,276,NULL),(4384,35,277,NULL),(4385,35,278,NULL),(4386,35,279,NULL),(4387,35,280,NULL),(4388,35,281,NULL),(4389,35,282,NULL),(4390,35,283,NULL),(4391,35,284,NULL),(4392,35,285,NULL),(4393,35,286,NULL),(4394,35,287,NULL),(4395,35,288,NULL),(4396,35,289,'CHEVROLET'),(4397,35,290,'CAMARO'),(4398,35,291,'DG Auto Group Export Inc'),(4399,35,292,NULL),(4400,35,293,NULL),(4401,35,294,NULL),(4402,35,295,'1'),(4403,35,296,'Passenger Car'),(4404,35,297,'1619961'),(4405,35,298,'1'),(4406,35,299,NULL),(4407,35,300,NULL),(4408,35,301,NULL),(4409,36,118,NULL),(4410,36,119,NULL),(4411,36,120,NULL),(4412,36,121,NULL),(4413,36,122,NULL),(4414,36,123,NULL),(4415,36,124,NULL),(4416,36,125,NULL),(4417,36,126,NULL),(4418,36,127,NULL),(4419,36,128,'If you are awarded this vehicle today FEB 17 (CST), then'),(4420,36,129,'If you are awarded this vehicle on Feb 20 (CST), then'),(4421,36,130,'You have been awarded this 2009 BMW X5\nfor  USD (plus applicable fees).'),(4422,36,131,'$50 or more is needed to place a bid. ($25 increments)'),(4423,36,132,NULL),(4424,36,133,NULL),(4425,36,134,'8'),(4426,36,135,'00'),(4427,36,136,'am'),(4428,36,137,'2/20/2017 9:00:00 AM'),(4429,36,138,'2/20/2017 8:00:00 AM'),(4430,36,139,'17'),(4431,36,140,'FEB'),(4432,36,141,NULL),(4433,36,142,NULL),(4434,36,143,NULL),(4435,36,144,NULL),(4436,36,145,'CST'),(4437,36,146,NULL),(4438,36,147,NULL),(4439,36,148,NULL),(4440,36,149,NULL),(4441,36,150,NULL),(4442,36,151,NULL),(4443,36,152,'1'),(4444,36,153,NULL),(4445,36,154,NULL),(4446,36,155,NULL),(4447,36,156,'1'),(4448,36,157,NULL),(4449,36,158,'1'),(4450,36,159,NULL),(4451,36,160,'BMW'),(4452,36,161,'X5'),(4453,36,162,'2009'),(4454,36,163,'23751969'),(4455,36,164,'22627293'),(4456,36,165,'25.00'),(4457,36,166,NULL),(4458,36,167,'1'),(4459,36,168,NULL),(4460,36,169,NULL),(4461,36,170,NULL),(4462,36,171,NULL),(4463,36,172,NULL),(4464,36,173,'33'),(4465,36,174,NULL),(4466,36,175,NULL),(4467,36,176,NULL),(4468,36,177,NULL),(4469,36,178,NULL),(4470,36,179,NULL),(4471,36,180,NULL),(4472,36,181,NULL),(4473,36,182,NULL),(4474,36,183,NULL),(4475,36,184,NULL),(4476,36,185,NULL),(4477,36,186,NULL),(4478,36,187,NULL),(4479,36,188,'RS'),(4480,36,189,'3UUDD33333D333333'),(4481,36,190,NULL),(4482,36,191,NULL),(4483,36,192,NULL),(4484,36,193,'XDRIVE30I'),(4485,36,194,NULL),(4486,36,195,NULL),(4487,36,196,NULL),(4488,36,197,NULL),(4489,36,198,NULL),(4490,36,199,NULL),(4491,36,200,NULL),(4492,36,201,NULL),(4493,36,202,'18774507'),(4494,36,203,'Northern Virginia'),(4495,36,204,NULL),(4496,36,205,NULL),(4497,36,206,NULL),(4498,36,207,'A'),(4499,36,208,NULL),(4500,36,209,'SALVAGE (Virginia)'),(4501,36,210,NULL),(4502,36,211,NULL),(4503,36,212,NULL),(4504,36,213,NULL),(4505,36,214,NULL),(4506,36,215,NULL),(4507,36,216,NULL),(4508,36,217,NULL),(4509,36,218,'1'),(4510,36,219,'$25'),(4511,36,220,NULL),(4512,36,221,NULL),(4513,36,222,NULL),(4514,36,223,'0.00'),(4515,36,224,NULL),(4516,36,225,NULL),(4517,36,226,'25.0000'),(4518,36,227,'1  person currently pre-bidding'),(4519,36,228,NULL),(4520,36,229,'2/20/2017 7:00:00 AM'),(4521,36,230,'19161351'),(4522,36,231,'723'),(4523,36,232,'46'),(4524,36,233,'3210'),(4525,36,234,'02202017'),(4526,36,235,NULL),(4527,36,236,NULL),(4528,36,237,NULL),(4529,36,238,NULL),(4530,36,239,NULL),(4531,36,240,NULL),(4532,36,241,NULL),(4533,36,242,NULL),(4534,36,243,'Mon'),(4535,36,244,'20'),(4536,36,245,'Feb'),(4537,36,246,'08:00:00'),(4538,36,247,NULL),(4539,36,248,'8am'),(4540,36,249,NULL),(4541,36,250,'BRANDED IF REBUILT'),(4542,36,251,NULL),(4543,36,252,NULL),(4544,36,253,NULL),(4545,36,254,NULL),(4546,36,255,NULL),(4547,36,256,NULL),(4548,36,257,NULL),(4549,36,258,'Northern Virginia (VA)'),(4550,36,259,NULL),(4551,36,260,NULL),(4552,36,261,NULL),(4553,36,262,NULL),(4554,36,263,'22406'),(4555,36,264,NULL),(4556,36,265,NULL),(4557,36,266,NULL),(4558,36,267,NULL),(4559,36,268,NULL),(4560,36,269,NULL),(4561,36,270,NULL),(4562,36,271,NULL),(4563,36,272,NULL),(4564,36,273,NULL),(4565,36,274,NULL),(4566,36,275,NULL),(4567,36,276,NULL),(4568,36,277,NULL),(4569,36,278,NULL),(4570,36,279,NULL),(4571,36,280,NULL),(4572,36,281,NULL),(4573,36,282,NULL),(4574,36,283,NULL),(4575,36,284,NULL),(4576,36,285,NULL),(4577,36,286,NULL),(4578,36,287,NULL),(4579,36,288,NULL),(4580,36,289,'BMW'),(4581,36,290,'X5'),(4582,36,291,'Geico Insurance'),(4583,36,292,NULL),(4584,36,293,NULL),(4585,36,294,'1'),(4586,36,295,'1'),(4587,36,296,'Passenger Car'),(4588,36,297,'65'),(4589,36,298,NULL),(4590,36,299,NULL),(4591,36,300,NULL),(4592,36,301,NULL),(4593,37,118,NULL),(4594,37,119,NULL),(4595,37,120,NULL),(4596,37,121,NULL),(4597,37,122,NULL),(4598,37,123,NULL),(4599,37,124,NULL),(4600,37,125,NULL),(4601,37,126,NULL),(4602,37,127,NULL),(4603,37,128,'If you are awarded this vehicle today FEB 17 (CST), then'),(4604,37,129,'If you are awarded this vehicle on Feb 21 (CST), then'),(4605,37,130,'You have been awarded this 2006 Chrysler 300\nfor  USD (plus applicable fees).'),(4606,37,131,'$550 or more is needed to place a bid. ($25 increments)'),(4607,37,132,NULL),(4608,37,133,NULL),(4609,37,134,'9'),(4610,37,135,'00'),(4611,37,136,'am'),(4612,37,137,'2/21/2017 10:00:00 AM'),(4613,37,138,'2/21/2017 9:00:00 AM'),(4614,37,139,'17'),(4615,37,140,'FEB'),(4616,37,141,NULL),(4617,37,142,NULL),(4618,37,143,NULL),(4619,37,144,NULL),(4620,37,145,'CST'),(4621,37,146,NULL),(4622,37,147,NULL),(4623,37,148,NULL),(4624,37,149,NULL),(4625,37,150,NULL),(4626,37,151,NULL),(4627,37,152,'1'),(4628,37,153,NULL),(4629,37,154,NULL),(4630,37,155,NULL),(4631,37,156,'1'),(4632,37,157,NULL),(4633,37,158,'1'),(4634,37,159,NULL),(4635,37,160,'Chrysler'),(4636,37,161,'300'),(4637,37,162,'2006'),(4638,37,163,'24272670'),(4639,37,164,'22623032'),(4640,37,165,'525.00'),(4641,37,166,NULL),(4642,37,167,'1'),(4643,37,168,NULL),(4644,37,169,NULL),(4645,37,170,NULL),(4646,37,171,NULL),(4647,37,172,NULL),(4648,37,173,'1'),(4649,37,174,NULL),(4650,37,175,NULL),(4651,37,176,NULL),(4652,37,177,NULL),(4653,37,178,NULL),(4654,37,179,NULL),(4655,37,180,NULL),(4656,37,181,NULL),(4657,37,182,NULL),(4658,37,183,NULL),(4659,37,184,NULL),(4660,37,185,NULL),(4661,37,186,NULL),(4662,37,187,NULL),(4663,37,188,'RS'),(4664,37,189,'3D3DD33D33D333333'),(4665,37,190,NULL),(4666,37,191,NULL),(4667,37,192,NULL),(4668,37,193,'TOURING'),(4669,37,194,NULL),(4670,37,195,NULL),(4671,37,196,NULL),(4672,37,197,NULL),(4673,37,198,NULL),(4674,37,199,NULL),(4675,37,200,NULL),(4676,37,201,NULL),(4677,37,202,'18740271'),(4678,37,203,'Scranton'),(4679,37,204,NULL),(4680,37,205,NULL),(4681,37,206,NULL),(4682,37,207,NULL),(4683,37,208,NULL),(4684,37,209,'SALVAGE (Pennsylvania)'),(4685,37,210,NULL),(4686,37,211,NULL),(4687,37,212,NULL),(4688,37,213,NULL),(4689,37,214,NULL),(4690,37,215,NULL),(4691,37,216,NULL),(4692,37,217,NULL),(4693,37,218,'1'),(4694,37,219,'$525'),(4695,37,220,NULL),(4696,37,221,NULL),(4697,37,222,NULL),(4698,37,223,'0.00'),(4699,37,224,NULL),(4700,37,225,NULL),(4701,37,226,'25.0000'),(4702,37,227,'3  people currently pre-bidding'),(4703,37,228,NULL),(4704,37,229,'2/21/2017 8:00:00 AM'),(4705,37,230,'19109774'),(4706,37,231,'636'),(4707,37,232,'946'),(4708,37,233,'TBD'),(4709,37,234,'02212017'),(4710,37,235,NULL),(4711,37,236,NULL),(4712,37,237,NULL),(4713,37,238,NULL),(4714,37,239,NULL),(4715,37,240,NULL),(4716,37,241,NULL),(4717,37,242,NULL),(4718,37,243,'Tue'),(4719,37,244,'21'),(4720,37,245,'Feb'),(4721,37,246,'09:00:00'),(4722,37,247,NULL),(4723,37,248,'9am'),(4724,37,249,NULL),(4725,37,250,NULL),(4726,37,251,NULL),(4727,37,252,NULL),(4728,37,253,NULL),(4729,37,254,NULL),(4730,37,255,NULL),(4731,37,256,NULL),(4732,37,257,NULL),(4733,37,258,'Scranton (PA)'),(4734,37,259,NULL),(4735,37,260,NULL),(4736,37,261,NULL),(4737,37,262,NULL),(4738,37,263,'18640'),(4739,37,264,NULL),(4740,37,265,NULL),(4741,37,266,NULL),(4742,37,267,NULL),(4743,37,268,NULL),(4744,37,269,NULL),(4745,37,270,NULL),(4746,37,271,NULL),(4747,37,272,NULL),(4748,37,273,NULL),(4749,37,274,NULL),(4750,37,275,NULL),(4751,37,276,NULL),(4752,37,277,NULL),(4753,37,278,NULL),(4754,37,279,NULL),(4755,37,280,NULL),(4756,37,281,NULL),(4757,37,282,NULL),(4758,37,283,NULL),(4759,37,284,NULL),(4760,37,285,NULL),(4761,37,286,NULL),(4762,37,287,NULL),(4763,37,288,NULL),(4764,37,289,'CHRYSLER'),(4765,37,290,'300'),(4766,37,291,'Erie Insurance Group'),(4767,37,292,NULL),(4768,37,293,NULL),(4769,37,294,'1'),(4770,37,295,'1'),(4771,37,296,'Passenger Car'),(4772,37,297,'1623038'),(4773,37,298,'1'),(4774,37,299,NULL),(4775,37,300,NULL),(4776,37,301,NULL),(4777,38,118,NULL),(4778,38,119,NULL),(4779,38,120,NULL),(4780,38,121,NULL),(4781,38,122,NULL),(4782,38,123,NULL),(4783,38,124,NULL),(4784,38,125,NULL),(4785,38,126,NULL),(4786,38,127,NULL),(4787,38,128,'If you are awarded this vehicle today FEB 17 (CST), then'),(4788,38,129,'If you are awarded this vehicle on Feb 22 (CST), then'),(4789,38,130,'You have been awarded this 2017 CHRYSLER PACIFICA\nfor $20,500 USD (plus applicable fees).'),(4790,38,131,'$2,300 or more is needed to place a bid. ($25 increments)'),(4791,38,132,NULL),(4792,38,133,NULL),(4793,38,134,'8'),(4794,38,135,'00'),(4795,38,136,'am'),(4796,38,137,'2/22/2017 9:00:00 AM'),(4797,38,138,'2/22/2017 8:00:00 AM'),(4798,38,139,'17'),(4799,38,140,'FEB'),(4800,38,141,NULL),(4801,38,142,NULL),(4802,38,143,NULL),(4803,38,144,NULL),(4804,38,145,'CST'),(4805,38,146,NULL),(4806,38,147,NULL),(4807,38,148,NULL),(4808,38,149,NULL),(4809,38,150,NULL),(4810,38,151,NULL),(4811,38,152,'1'),(4812,38,153,NULL),(4813,38,154,NULL),(4814,38,155,NULL),(4815,38,156,'1'),(4816,38,157,'1'),(4817,38,158,'1'),(4818,38,159,NULL),(4819,38,160,'CHRYSLER'),(4820,38,161,'PACIFICA'),(4821,38,162,'2017'),(4822,38,163,'24342561'),(4823,38,164,'22695338'),(4824,38,165,'2275.00'),(4825,38,166,NULL),(4826,38,167,'1'),(4827,38,168,NULL),(4828,38,169,NULL),(4829,38,170,NULL),(4830,38,171,NULL),(4831,38,172,NULL),(4832,38,173,'51'),(4833,38,174,NULL),(4834,38,175,NULL),(4835,38,176,NULL),(4836,38,177,NULL),(4837,38,178,NULL),(4838,38,179,NULL),(4839,38,180,NULL),(4840,38,181,NULL),(4841,38,182,NULL),(4842,38,183,NULL),(4843,38,184,NULL),(4844,38,185,NULL),(4845,38,186,NULL),(4846,38,187,NULL),(4847,38,188,'RS'),(4848,38,189,'3D3UD3DD3DU333333'),(4849,38,190,NULL),(4850,38,191,NULL),(4851,38,192,NULL),(4852,38,193,'TOURING'),(4853,38,194,NULL),(4854,38,195,NULL),(4855,38,196,NULL),(4856,38,197,NULL),(4857,38,198,NULL),(4858,38,199,NULL),(4859,38,200,NULL),(4860,38,201,NULL),(4861,38,202,'19198461'),(4862,38,203,'Orlando'),(4863,38,204,NULL),(4864,38,205,NULL),(4865,38,206,NULL),(4866,38,207,NULL),(4867,38,208,NULL),(4868,38,209,'CLEAR (Florida)'),(4869,38,210,NULL),(4870,38,211,NULL),(4871,38,212,NULL),(4872,38,213,NULL),(4873,38,214,NULL),(4874,38,215,NULL),(4875,38,216,NULL),(4876,38,217,NULL),(4877,38,218,'1'),(4878,38,219,'$2,275'),(4879,38,220,NULL),(4880,38,221,NULL),(4881,38,222,NULL),(4882,38,223,'0.00'),(4883,38,224,NULL),(4884,38,225,NULL),(4885,38,226,'25.0000'),(4886,38,227,'5  people currently pre-bidding'),(4887,38,228,NULL),(4888,38,229,'2/22/2017 7:00:00 AM'),(4889,38,230,'19587538'),(4890,38,231,'732'),(4891,38,232,'908'),(4892,38,233,'TBD'),(4893,38,234,'02222017'),(4894,38,235,NULL),(4895,38,236,NULL),(4896,38,237,'1'),(4897,38,238,'20500'),(4898,38,239,'2/21/2017 8:00:00 PM'),(4899,38,240,NULL),(4900,38,241,NULL),(4901,38,242,'$20,500'),(4902,38,243,'Wed'),(4903,38,244,'22'),(4904,38,245,'Feb'),(4905,38,246,'08:00:00'),(4906,38,247,NULL),(4907,38,248,'8am'),(4908,38,249,NULL),(4909,38,250,NULL),(4910,38,251,NULL),(4911,38,252,NULL),(4912,38,253,NULL),(4913,38,254,NULL),(4914,38,255,NULL),(4915,38,256,NULL),(4916,38,257,NULL),(4917,38,258,'Orlando (FL)'),(4918,38,259,NULL),(4919,38,260,NULL),(4920,38,261,NULL),(4921,38,262,NULL),(4922,38,263,'32824'),(4923,38,264,NULL),(4924,38,265,NULL),(4925,38,266,NULL),(4926,38,267,NULL),(4927,38,268,NULL),(4928,38,269,'1'),(4929,38,270,NULL),(4930,38,271,NULL),(4931,38,272,NULL),(4932,38,273,NULL),(4933,38,274,NULL),(4934,38,275,NULL),(4935,38,276,NULL),(4936,38,277,NULL),(4937,38,278,NULL),(4938,38,279,NULL),(4939,38,280,NULL),(4940,38,281,NULL),(4941,38,282,NULL),(4942,38,283,NULL),(4943,38,284,NULL),(4944,38,285,NULL),(4945,38,286,NULL),(4946,38,287,NULL),(4947,38,288,NULL),(4948,38,289,'CHRYSLER'),(4949,38,290,'PACIFICA'),(4950,38,291,'Avis Rent A Car - Orlando'),(4951,38,292,NULL),(4952,38,293,NULL),(4953,38,294,NULL),(4954,38,295,'1'),(4955,38,296,'Passenger Car'),(4956,38,297,'116053'),(4957,38,298,'1'),(4958,38,299,NULL),(4959,38,300,NULL),(4960,38,301,NULL),(4961,39,118,NULL),(4962,39,119,NULL),(4963,39,120,NULL),(4964,39,121,NULL),(4965,39,122,NULL),(4966,39,123,NULL),(4967,39,124,NULL),(4968,39,125,NULL),(4969,39,126,NULL),(4970,39,127,NULL),(4971,39,128,'If you are awarded this vehicle today FEB 17 (CST), then'),(4972,39,129,'If you are awarded this vehicle on Feb 20 (CST), then'),(4973,39,130,'You have been awarded this 2015 Chevrolet Camaro\nfor $13,500 USD (plus applicable fees).'),(4974,39,131,'$8,550 or more is needed to place a bid. ($25 increments)'),(4975,39,132,NULL),(4976,39,133,NULL),(4977,39,134,'8'),(4978,39,135,'30'),(4979,39,136,'am'),(4980,39,137,'2/20/2017 9:30:00 AM'),(4981,39,138,'2/20/2017 8:30:00 AM'),(4982,39,139,'17'),(4983,39,140,'FEB'),(4984,39,141,NULL),(4985,39,142,NULL),(4986,39,143,NULL),(4987,39,144,NULL),(4988,39,145,'CST'),(4989,39,146,NULL),(4990,39,147,NULL),(4991,39,148,NULL),(4992,39,149,NULL),(4993,39,150,NULL),(4994,39,151,NULL),(4995,39,152,'1'),(4996,39,153,NULL),(4997,39,154,NULL),(4998,39,155,NULL),(4999,39,156,'1'),(5000,39,157,'1'),(5001,39,158,'1'),(5002,39,159,NULL),(5003,39,160,'Chevrolet'),(5004,39,161,'Camaro'),(5005,39,162,'2015'),(5006,39,163,'24317391'),(5007,39,164,'22668994'),(5008,39,165,'8525.00'),(5009,39,166,NULL),(5010,39,167,'1'),(5011,39,168,NULL),(5012,39,169,NULL),(5013,39,170,NULL),(5014,39,171,NULL),(5015,39,172,NULL),(5016,39,173,'1'),(5017,39,174,NULL),(5018,39,175,NULL),(5019,39,176,NULL),(5020,39,177,NULL),(5021,39,178,NULL),(5022,39,179,NULL),(5023,39,180,NULL),(5024,39,181,NULL),(5025,39,182,NULL),(5026,39,183,NULL),(5027,39,184,NULL),(5028,39,185,NULL),(5029,39,186,NULL),(5030,39,187,NULL),(5031,39,188,'RS'),(5032,39,189,'3D3DD3D33D3333333'),(5033,39,190,NULL),(5034,39,191,NULL),(5035,39,192,NULL),(5036,39,193,'LT'),(5037,39,194,NULL),(5038,39,195,NULL),(5039,39,196,NULL),(5040,39,197,NULL),(5041,39,198,NULL),(5042,39,199,NULL),(5043,39,200,NULL),(5044,39,201,NULL),(5045,39,202,'19242375'),(5046,39,203,'Miami'),(5047,39,204,NULL),(5048,39,205,NULL),(5049,39,206,NULL),(5050,39,207,NULL),(5051,39,208,NULL),(5052,39,209,'CLEAR (Florida)'),(5053,39,210,NULL),(5054,39,211,NULL),(5055,39,212,NULL),(5056,39,213,NULL),(5057,39,214,NULL),(5058,39,215,NULL),(5059,39,216,NULL),(5060,39,217,NULL),(5061,39,218,'1'),(5062,39,219,'$8,525'),(5063,39,220,NULL),(5064,39,221,NULL),(5065,39,222,NULL),(5066,39,223,'0.00'),(5067,39,224,NULL),(5068,39,225,NULL),(5069,39,226,'25.0000'),(5070,39,227,'5  people currently pre-bidding'),(5071,39,228,NULL),(5072,39,229,'2/20/2017 7:30:00 AM'),(5073,39,230,'19610441'),(5074,39,231,'742'),(5075,39,232,'942'),(5076,39,233,'TBD'),(5077,39,234,'02202017'),(5078,39,235,NULL),(5079,39,236,NULL),(5080,39,237,'1'),(5081,39,238,'13500'),(5082,39,239,'2/19/2017 8:00:00 PM'),(5083,39,240,NULL),(5084,39,241,NULL),(5085,39,242,'$13,500'),(5086,39,243,'Mon'),(5087,39,244,'20'),(5088,39,245,'Feb'),(5089,39,246,'08:30:00'),(5090,39,247,NULL),(5091,39,248,'8:30am'),(5092,39,249,NULL),(5093,39,250,NULL),(5094,39,251,NULL),(5095,39,252,NULL),(5096,39,253,NULL),(5097,39,254,NULL),(5098,39,255,NULL),(5099,39,256,NULL),(5100,39,257,NULL),(5101,39,258,'Miami (FL)'),(5102,39,259,NULL),(5103,39,260,NULL),(5104,39,261,NULL),(5105,39,262,NULL),(5106,39,263,'33054'),(5107,39,264,NULL),(5108,39,265,NULL),(5109,39,266,NULL),(5110,39,267,NULL),(5111,39,268,NULL),(5112,39,269,'1'),(5113,39,270,NULL),(5114,39,271,NULL),(5115,39,272,NULL),(5116,39,273,NULL),(5117,39,274,NULL),(5118,39,275,NULL),(5119,39,276,NULL),(5120,39,277,NULL),(5121,39,278,NULL),(5122,39,279,NULL),(5123,39,280,NULL),(5124,39,281,NULL),(5125,39,282,NULL),(5126,39,283,NULL),(5127,39,284,NULL),(5128,39,285,NULL),(5129,39,286,NULL),(5130,39,287,NULL),(5131,39,288,NULL),(5132,39,289,'CHEVROLET'),(5133,39,290,'CAMARO'),(5134,39,291,'DG Auto Group Export Inc'),(5135,39,292,NULL),(5136,39,293,NULL),(5137,39,294,NULL),(5138,39,295,'1'),(5139,39,296,'Passenger Car'),(5140,39,297,'1619961'),(5141,39,298,'1'),(5142,39,299,NULL),(5143,39,300,NULL),(5144,39,301,NULL),(5145,40,118,NULL),(5146,40,119,NULL),(5147,40,120,NULL),(5148,40,121,NULL),(5149,40,122,NULL),(5150,40,123,NULL),(5151,40,124,NULL),(5152,40,125,NULL),(5153,40,126,NULL),(5154,40,127,NULL),(5155,40,128,'If you are awarded this vehicle today FEB 17 (CST), then'),(5156,40,129,'If you are awarded this vehicle on Feb 20 (CST), then'),(5157,40,130,'You have been awarded this 2009 BMW X5\nfor  USD (plus applicable fees).'),(5158,40,131,'$50 or more is needed to place a bid. ($25 increments)'),(5159,40,132,NULL),(5160,40,133,NULL),(5161,40,134,'8'),(5162,40,135,'00'),(5163,40,136,'am'),(5164,40,137,'2/20/2017 9:00:00 AM'),(5165,40,138,'2/20/2017 8:00:00 AM'),(5166,40,139,'17'),(5167,40,140,'FEB'),(5168,40,141,NULL),(5169,40,142,NULL),(5170,40,143,NULL),(5171,40,144,NULL),(5172,40,145,'CST'),(5173,40,146,NULL),(5174,40,147,NULL),(5175,40,148,NULL),(5176,40,149,NULL),(5177,40,150,NULL),(5178,40,151,NULL),(5179,40,152,'1'),(5180,40,153,NULL),(5181,40,154,NULL),(5182,40,155,NULL),(5183,40,156,'1'),(5184,40,157,NULL),(5185,40,158,'1'),(5186,40,159,NULL),(5187,40,160,'BMW'),(5188,40,161,'X5'),(5189,40,162,'2009'),(5190,40,163,'23751969'),(5191,40,164,'22627293'),(5192,40,165,'25.00'),(5193,40,166,NULL),(5194,40,167,'1'),(5195,40,168,NULL),(5196,40,169,NULL),(5197,40,170,NULL),(5198,40,171,NULL),(5199,40,172,NULL),(5200,40,173,'33'),(5201,40,174,NULL),(5202,40,175,NULL),(5203,40,176,NULL),(5204,40,177,NULL),(5205,40,178,NULL),(5206,40,179,NULL),(5207,40,180,NULL),(5208,40,181,NULL),(5209,40,182,NULL),(5210,40,183,NULL),(5211,40,184,NULL),(5212,40,185,NULL),(5213,40,186,NULL),(5214,40,187,NULL),(5215,40,188,'RS'),(5216,40,189,'3UUDD33333D333333'),(5217,40,190,NULL),(5218,40,191,NULL),(5219,40,192,NULL),(5220,40,193,'XDRIVE30I'),(5221,40,194,NULL),(5222,40,195,NULL),(5223,40,196,NULL),(5224,40,197,NULL),(5225,40,198,NULL),(5226,40,199,NULL),(5227,40,200,NULL),(5228,40,201,NULL),(5229,40,202,'18774507'),(5230,40,203,'Northern Virginia'),(5231,40,204,NULL),(5232,40,205,NULL),(5233,40,206,NULL),(5234,40,207,'A'),(5235,40,208,NULL),(5236,40,209,'SALVAGE (Virginia)'),(5237,40,210,NULL),(5238,40,211,NULL),(5239,40,212,NULL),(5240,40,213,NULL),(5241,40,214,NULL),(5242,40,215,NULL),(5243,40,216,NULL),(5244,40,217,NULL),(5245,40,218,'1'),(5246,40,219,'$25'),(5247,40,220,NULL),(5248,40,221,NULL),(5249,40,222,NULL),(5250,40,223,'0.00'),(5251,40,224,NULL),(5252,40,225,NULL),(5253,40,226,'25.0000'),(5254,40,227,'1  person currently pre-bidding'),(5255,40,228,NULL),(5256,40,229,'2/20/2017 7:00:00 AM'),(5257,40,230,'19161351'),(5258,40,231,'723'),(5259,40,232,'46'),(5260,40,233,'3210'),(5261,40,234,'02202017'),(5262,40,235,NULL),(5263,40,236,NULL),(5264,40,237,NULL),(5265,40,238,NULL),(5266,40,239,NULL),(5267,40,240,NULL),(5268,40,241,NULL),(5269,40,242,NULL),(5270,40,243,'Mon'),(5271,40,244,'20'),(5272,40,245,'Feb'),(5273,40,246,'08:00:00'),(5274,40,247,NULL),(5275,40,248,'8am'),(5276,40,249,NULL),(5277,40,250,'BRANDED IF REBUILT'),(5278,40,251,NULL),(5279,40,252,NULL),(5280,40,253,NULL),(5281,40,254,NULL),(5282,40,255,NULL),(5283,40,256,NULL),(5284,40,257,NULL),(5285,40,258,'Northern Virginia (VA)'),(5286,40,259,NULL),(5287,40,260,NULL),(5288,40,261,NULL),(5289,40,262,NULL),(5290,40,263,'22406'),(5291,40,264,NULL),(5292,40,265,NULL),(5293,40,266,NULL),(5294,40,267,NULL),(5295,40,268,NULL),(5296,40,269,NULL),(5297,40,270,NULL),(5298,40,271,NULL),(5299,40,272,NULL),(5300,40,273,NULL),(5301,40,274,NULL),(5302,40,275,NULL),(5303,40,276,NULL),(5304,40,277,NULL),(5305,40,278,NULL),(5306,40,279,NULL),(5307,40,280,NULL),(5308,40,281,NULL),(5309,40,282,NULL),(5310,40,283,NULL),(5311,40,284,NULL),(5312,40,285,NULL),(5313,40,286,NULL),(5314,40,287,NULL),(5315,40,288,NULL),(5316,40,289,'BMW'),(5317,40,290,'X5'),(5318,40,291,'Geico Insurance'),(5319,40,292,NULL),(5320,40,293,NULL),(5321,40,294,'1'),(5322,40,295,'1'),(5323,40,296,'Passenger Car'),(5324,40,297,'65'),(5325,40,298,NULL),(5326,40,299,NULL),(5327,40,300,NULL),(5328,40,301,NULL),(5329,41,118,NULL),(5330,41,119,NULL),(5331,41,120,NULL),(5332,41,121,NULL),(5333,41,122,NULL),(5334,41,123,NULL),(5335,41,124,NULL),(5336,41,125,NULL),(5337,41,126,NULL),(5338,41,127,NULL),(5339,41,128,'If you are awarded this vehicle today FEB 17 (CST), then'),(5340,41,129,'If you are awarded this vehicle on Feb 21 (CST), then'),(5341,41,130,'You have been awarded this 2006 Chrysler 300\nfor  USD (plus applicable fees).'),(5342,41,131,'$550 or more is needed to place a bid. ($25 increments)'),(5343,41,132,NULL),(5344,41,133,NULL),(5345,41,134,'9'),(5346,41,135,'00'),(5347,41,136,'am'),(5348,41,137,'2/21/2017 10:00:00 AM'),(5349,41,138,'2/21/2017 9:00:00 AM'),(5350,41,139,'17'),(5351,41,140,'FEB'),(5352,41,141,NULL),(5353,41,142,NULL),(5354,41,143,NULL),(5355,41,144,NULL),(5356,41,145,'CST'),(5357,41,146,NULL),(5358,41,147,NULL),(5359,41,148,NULL),(5360,41,149,NULL),(5361,41,150,NULL),(5362,41,151,NULL),(5363,41,152,'1'),(5364,41,153,NULL),(5365,41,154,NULL),(5366,41,155,NULL),(5367,41,156,'1'),(5368,41,157,NULL),(5369,41,158,'1'),(5370,41,159,NULL),(5371,41,160,'Chrysler'),(5372,41,161,'300'),(5373,41,162,'2006'),(5374,41,163,'24272670'),(5375,41,164,'22623032'),(5376,41,165,'525.00'),(5377,41,166,NULL),(5378,41,167,'1'),(5379,41,168,NULL),(5380,41,169,NULL),(5381,41,170,NULL),(5382,41,171,NULL),(5383,41,172,NULL),(5384,41,173,'1'),(5385,41,174,NULL),(5386,41,175,NULL),(5387,41,176,NULL),(5388,41,177,NULL),(5389,41,178,NULL),(5390,41,179,NULL),(5391,41,180,NULL),(5392,41,181,NULL),(5393,41,182,NULL),(5394,41,183,NULL),(5395,41,184,NULL),(5396,41,185,NULL),(5397,41,186,NULL),(5398,41,187,NULL),(5399,41,188,'RS'),(5400,41,189,'3D3DD33D33D333333'),(5401,41,190,NULL),(5402,41,191,NULL),(5403,41,192,NULL),(5404,41,193,'TOURING'),(5405,41,194,NULL),(5406,41,195,NULL),(5407,41,196,NULL),(5408,41,197,NULL),(5409,41,198,NULL),(5410,41,199,NULL),(5411,41,200,NULL),(5412,41,201,NULL),(5413,41,202,'18740271'),(5414,41,203,'Scranton'),(5415,41,204,NULL),(5416,41,205,NULL),(5417,41,206,NULL),(5418,41,207,NULL),(5419,41,208,NULL),(5420,41,209,'SALVAGE (Pennsylvania)'),(5421,41,210,NULL),(5422,41,211,NULL),(5423,41,212,NULL),(5424,41,213,NULL),(5425,41,214,NULL),(5426,41,215,NULL),(5427,41,216,NULL),(5428,41,217,NULL),(5429,41,218,'1'),(5430,41,219,'$525'),(5431,41,220,NULL),(5432,41,221,NULL),(5433,41,222,NULL),(5434,41,223,'0.00'),(5435,41,224,NULL),(5436,41,225,NULL),(5437,41,226,'25.0000'),(5438,41,227,'3  people currently pre-bidding'),(5439,41,228,NULL),(5440,41,229,'2/21/2017 8:00:00 AM'),(5441,41,230,'19109774'),(5442,41,231,'636'),(5443,41,232,'946'),(5444,41,233,'TBD'),(5445,41,234,'02212017'),(5446,41,235,NULL),(5447,41,236,NULL),(5448,41,237,NULL),(5449,41,238,NULL),(5450,41,239,NULL),(5451,41,240,NULL),(5452,41,241,NULL),(5453,41,242,NULL),(5454,41,243,'Tue'),(5455,41,244,'21'),(5456,41,245,'Feb'),(5457,41,246,'09:00:00'),(5458,41,247,NULL),(5459,41,248,'9am'),(5460,41,249,NULL),(5461,41,250,NULL),(5462,41,251,NULL),(5463,41,252,NULL),(5464,41,253,NULL),(5465,41,254,NULL),(5466,41,255,NULL),(5467,41,256,NULL),(5468,41,257,NULL),(5469,41,258,'Scranton (PA)'),(5470,41,259,NULL),(5471,41,260,NULL),(5472,41,261,NULL),(5473,41,262,NULL),(5474,41,263,'18640'),(5475,41,264,NULL),(5476,41,265,NULL),(5477,41,266,NULL),(5478,41,267,NULL),(5479,41,268,NULL),(5480,41,269,NULL),(5481,41,270,NULL),(5482,41,271,NULL),(5483,41,272,NULL),(5484,41,273,NULL),(5485,41,274,NULL),(5486,41,275,NULL),(5487,41,276,NULL),(5488,41,277,NULL),(5489,41,278,NULL),(5490,41,279,NULL),(5491,41,280,NULL),(5492,41,281,NULL),(5493,41,282,NULL),(5494,41,283,NULL),(5495,41,284,NULL),(5496,41,285,NULL),(5497,41,286,NULL),(5498,41,287,NULL),(5499,41,288,NULL),(5500,41,289,'CHRYSLER'),(5501,41,290,'300'),(5502,41,291,'Erie Insurance Group'),(5503,41,292,NULL),(5504,41,293,NULL),(5505,41,294,'1'),(5506,41,295,'1'),(5507,41,296,'Passenger Car'),(5508,41,297,'1623038'),(5509,41,298,'1'),(5510,41,299,NULL),(5511,41,300,NULL),(5512,41,301,NULL),(5513,42,118,NULL),(5514,42,119,NULL),(5515,42,120,NULL),(5516,42,121,NULL),(5517,42,122,NULL),(5518,42,123,NULL),(5519,42,124,NULL),(5520,42,125,NULL),(5521,42,126,NULL),(5522,42,127,NULL),(5523,42,128,'If you are awarded this vehicle today FEB 17 (CST), then'),(5524,42,129,'If you are awarded this vehicle on Feb 22 (CST), then'),(5525,42,130,'You have been awarded this 2017 CHRYSLER PACIFICA\nfor $20,500 USD (plus applicable fees).'),(5526,42,131,'$2,300 or more is needed to place a bid. ($25 increments)'),(5527,42,132,NULL),(5528,42,133,NULL),(5529,42,134,'8'),(5530,42,135,'00'),(5531,42,136,'am'),(5532,42,137,'2/22/2017 9:00:00 AM'),(5533,42,138,'2/22/2017 8:00:00 AM'),(5534,42,139,'17'),(5535,42,140,'FEB'),(5536,42,141,NULL),(5537,42,142,NULL),(5538,42,143,NULL),(5539,42,144,NULL),(5540,42,145,'CST'),(5541,42,146,NULL),(5542,42,147,NULL),(5543,42,148,NULL),(5544,42,149,NULL),(5545,42,150,NULL),(5546,42,151,NULL),(5547,42,152,'1'),(5548,42,153,NULL),(5549,42,154,NULL),(5550,42,155,NULL),(5551,42,156,'1'),(5552,42,157,'1'),(5553,42,158,'1'),(5554,42,159,NULL),(5555,42,160,'CHRYSLER'),(5556,42,161,'PACIFICA'),(5557,42,162,'2017'),(5558,42,163,'24342561'),(5559,42,164,'22695338'),(5560,42,165,'2275.00'),(5561,42,166,NULL),(5562,42,167,'1'),(5563,42,168,NULL),(5564,42,169,NULL),(5565,42,170,NULL),(5566,42,171,NULL),(5567,42,172,NULL),(5568,42,173,'51'),(5569,42,174,NULL),(5570,42,175,NULL),(5571,42,176,NULL),(5572,42,177,NULL),(5573,42,178,NULL),(5574,42,179,NULL),(5575,42,180,NULL),(5576,42,181,NULL),(5577,42,182,NULL),(5578,42,183,NULL),(5579,42,184,NULL),(5580,42,185,NULL),(5581,42,186,NULL),(5582,42,187,NULL),(5583,42,188,'RS'),(5584,42,189,'3D3UD3DD3DU333333'),(5585,42,190,NULL),(5586,42,191,NULL),(5587,42,192,NULL),(5588,42,193,'TOURING'),(5589,42,194,NULL),(5590,42,195,NULL),(5591,42,196,NULL),(5592,42,197,NULL),(5593,42,198,NULL),(5594,42,199,NULL),(5595,42,200,NULL),(5596,42,201,NULL),(5597,42,202,'19198461'),(5598,42,203,'Orlando'),(5599,42,204,NULL),(5600,42,205,NULL),(5601,42,206,NULL),(5602,42,207,NULL),(5603,42,208,NULL),(5604,42,209,'CLEAR (Florida)'),(5605,42,210,NULL),(5606,42,211,NULL),(5607,42,212,NULL),(5608,42,213,NULL),(5609,42,214,NULL),(5610,42,215,NULL),(5611,42,216,NULL),(5612,42,217,NULL),(5613,42,218,'1'),(5614,42,219,'$2,275'),(5615,42,220,NULL),(5616,42,221,NULL),(5617,42,222,NULL),(5618,42,223,'0.00'),(5619,42,224,NULL),(5620,42,225,NULL),(5621,42,226,'25.0000'),(5622,42,227,'5  people currently pre-bidding'),(5623,42,228,NULL),(5624,42,229,'2/22/2017 7:00:00 AM'),(5625,42,230,'19587538'),(5626,42,231,'732'),(5627,42,232,'908'),(5628,42,233,'TBD'),(5629,42,234,'02222017'),(5630,42,235,NULL),(5631,42,236,NULL),(5632,42,237,'1'),(5633,42,238,'20500'),(5634,42,239,'2/21/2017 8:00:00 PM'),(5635,42,240,NULL),(5636,42,241,NULL),(5637,42,242,'$20,500'),(5638,42,243,'Wed'),(5639,42,244,'22'),(5640,42,245,'Feb'),(5641,42,246,'08:00:00'),(5642,42,247,NULL),(5643,42,248,'8am'),(5644,42,249,NULL),(5645,42,250,NULL),(5646,42,251,NULL),(5647,42,252,NULL),(5648,42,253,NULL),(5649,42,254,NULL),(5650,42,255,NULL),(5651,42,256,NULL),(5652,42,257,NULL),(5653,42,258,'Orlando (FL)'),(5654,42,259,NULL),(5655,42,260,NULL),(5656,42,261,NULL),(5657,42,262,NULL),(5658,42,263,'32824'),(5659,42,264,NULL),(5660,42,265,NULL),(5661,42,266,NULL),(5662,42,267,NULL),(5663,42,268,NULL),(5664,42,269,'1'),(5665,42,270,NULL),(5666,42,271,NULL),(5667,42,272,NULL),(5668,42,273,NULL),(5669,42,274,NULL),(5670,42,275,NULL),(5671,42,276,NULL),(5672,42,277,NULL),(5673,42,278,NULL),(5674,42,279,NULL),(5675,42,280,NULL),(5676,42,281,NULL),(5677,42,282,NULL),(5678,42,283,NULL),(5679,42,284,NULL),(5680,42,285,NULL),(5681,42,286,NULL),(5682,42,287,NULL),(5683,42,288,NULL),(5684,42,289,'CHRYSLER'),(5685,42,290,'PACIFICA'),(5686,42,291,'Avis Rent A Car - Orlando'),(5687,42,292,NULL),(5688,42,293,NULL),(5689,42,294,NULL),(5690,42,295,'1'),(5691,42,296,'Passenger Car'),(5692,42,297,'116053'),(5693,42,298,'1'),(5694,42,299,NULL),(5695,42,300,NULL),(5696,42,301,NULL),(5697,43,118,NULL),(5698,43,119,NULL),(5699,43,120,NULL),(5700,43,121,NULL),(5701,43,122,NULL),(5702,43,123,NULL),(5703,43,124,NULL),(5704,43,125,NULL),(5705,43,126,'1'),(5706,43,127,'<h4><div class=\'offSiteHD\'>Off-Site Announcements</div></h4><br><p><div class=\'offSiteWrapper\' style=\'font-weight:bold\'>Hours of Operation</p><p><div>Hours of Operation have not been verified</div></p><p><strong></strong></p><br><p><strong><div class=\'offSiteWrapper\'>Vehicles must be paid through IAA</div></strong></p><br><p><strong><div class=\'offSiteWrapper\'><span>Authorization for Off-site Sale Release form is recommended for pickup. This form will be emailed upon payment posting to your account or it can be obtained through the selling branch</span></div></strong></p><p><div class=\'offSiteWrapper\' style=\'padding:10px 0 0 0\'><span>Is pre-sale off-site inspection available?</span><span style=\'font-weight:bold\'> Yes</span></p><p><span>Note: Contact Rochester Branch to Schedule Preview.</span></p><br><p>Pick up Instructions: Must go to Rochester Branch prior to Off Site Pick Up.<br /></p><p><div class=\'offSiteWrapper\'><span>Are loading services available?</span><span style=\'font-weight:bold\'> No</span></div></p><br><p><div class=\'offSiteWrapper\'><span>Are towing services available?</span><span style=\'font-weight:bold\'> No<span></div></p><br><p></p>'),(5707,43,128,'If you are awarded this vehicle today FEB 17 (CST), then'),(5708,43,129,'If you are awarded this vehicle on Feb 21 (CST), then'),(5709,43,130,'You have been awarded this 1979 CHRYSLER LEBARON\nfor $2,500 USD (plus applicable fees).'),(5710,43,131,'$525 or more is needed to place a bid. ($25 increments)'),(5711,43,132,NULL),(5712,43,133,NULL),(5713,43,134,'8'),(5714,43,135,'30'),(5715,43,136,'am'),(5716,43,137,'2/21/2017 9:30:00 AM'),(5717,43,138,'2/21/2017 8:30:00 AM'),(5718,43,139,'17'),(5719,43,140,'FEB'),(5720,43,141,NULL),(5721,43,142,NULL),(5722,43,143,NULL),(5723,43,144,NULL),(5724,43,145,'CST'),(5725,43,146,NULL),(5726,43,147,NULL),(5727,43,148,NULL),(5728,43,149,NULL),(5729,43,150,NULL),(5730,43,151,NULL),(5731,43,152,NULL),(5732,43,153,NULL),(5733,43,154,NULL),(5734,43,155,NULL),(5735,43,156,'1'),(5736,43,157,'1'),(5737,43,158,'1'),(5738,43,159,NULL),(5739,43,160,'CHRYSLER'),(5740,43,161,'LEBARON'),(5741,43,162,'1979'),(5742,43,163,'24329767'),(5743,43,164,'22681145'),(5744,43,165,'500.00'),(5745,43,166,NULL),(5746,43,167,'1'),(5747,43,168,NULL),(5748,43,169,NULL),(5749,43,170,NULL),(5750,43,171,NULL),(5751,43,172,NULL),(5752,43,173,'1'),(5753,43,174,NULL),(5754,43,175,NULL),(5755,43,176,NULL),(5756,43,177,NULL),(5757,43,178,NULL),(5758,43,179,NULL),(5759,43,180,NULL),(5760,43,181,NULL),(5761,43,182,NULL),(5762,43,183,NULL),(5763,43,184,NULL),(5764,43,185,NULL),(5765,43,186,NULL),(5766,43,187,NULL),(5767,43,188,'RS'),(5768,43,189,'DD33D3D333333'),(5769,43,190,NULL),(5770,43,191,NULL),(5771,43,192,NULL),(5772,43,193,NULL),(5773,43,194,NULL),(5774,43,195,NULL),(5775,43,196,NULL),(5776,43,197,NULL),(5777,43,198,NULL),(5778,43,199,NULL),(5779,43,200,NULL),(5780,43,201,NULL),(5781,43,202,'19159716'),(5782,43,203,'Rochester'),(5783,43,204,NULL),(5784,43,205,NULL),(5785,43,206,NULL),(5786,43,207,NULL),(5787,43,208,NULL),(5788,43,209,'CLEAR (New York)'),(5789,43,210,NULL),(5790,43,211,NULL),(5791,43,212,NULL),(5792,43,213,NULL),(5793,43,214,NULL),(5794,43,215,NULL),(5795,43,216,NULL),(5796,43,217,NULL),(5797,43,218,'1'),(5798,43,219,'$500'),(5799,43,220,NULL),(5800,43,221,NULL),(5801,43,222,NULL),(5802,43,223,'0.00'),(5803,43,224,NULL),(5804,43,225,NULL),(5805,43,226,'25.0000'),(5806,43,227,'5  people currently pre-bidding'),(5807,43,228,NULL),(5808,43,229,'2/21/2017 7:30:00 AM'),(5809,43,230,'19528537'),(5810,43,231,'671'),(5811,43,232,'1042'),(5812,43,233,'TBD'),(5813,43,234,'02212017'),(5814,43,235,NULL),(5815,43,236,NULL),(5816,43,237,'1'),(5817,43,238,'2500'),(5818,43,239,'2/20/2017 8:00:00 PM'),(5819,43,240,NULL),(5820,43,241,NULL),(5821,43,242,'$2,500'),(5822,43,243,'Tue'),(5823,43,244,'21'),(5824,43,245,'Feb'),(5825,43,246,'08:30:00'),(5826,43,247,NULL),(5827,43,248,'8:30am'),(5828,43,249,NULL),(5829,43,250,'MV50'),(5830,43,251,NULL),(5831,43,252,NULL),(5832,43,253,NULL),(5833,43,254,NULL),(5834,43,255,NULL),(5835,43,256,NULL),(5836,43,257,NULL),(5837,43,258,'Rochester (NY)'),(5838,43,259,'W.P. 1'),(5839,43,260,NULL),(5840,43,261,'ROCHESTER'),(5841,43,262,'NY'),(5842,43,263,'14623'),(5843,43,264,NULL),(5844,43,265,NULL),(5845,43,266,'1'),(5846,43,267,NULL),(5847,43,268,NULL),(5848,43,269,'1'),(5849,43,270,NULL),(5850,43,271,NULL),(5851,43,272,NULL),(5852,43,273,NULL),(5853,43,274,NULL),(5854,43,275,NULL),(5855,43,276,NULL),(5856,43,277,NULL),(5857,43,278,NULL),(5858,43,279,NULL),(5859,43,280,NULL),(5860,43,281,NULL),(5861,43,282,NULL),(5862,43,283,NULL),(5863,43,284,NULL),(5864,43,285,NULL),(5865,43,286,NULL),(5866,43,287,NULL),(5867,43,288,NULL),(5868,43,289,'CHRYSLER'),(5869,43,290,'LEBARON'),(5870,43,291,'W.P. Hobbies & More'),(5871,43,292,NULL),(5872,43,293,NULL),(5873,43,294,NULL),(5874,43,295,'1'),(5875,43,296,'Passenger Car'),(5876,43,297,'9929192'),(5877,43,298,NULL),(5878,43,299,NULL),(5879,43,300,NULL),(5880,43,301,NULL),(5881,44,118,NULL),(5882,44,119,NULL),(5883,44,120,NULL),(5884,44,121,NULL),(5885,44,122,NULL),(5886,44,123,NULL),(5887,44,124,NULL),(5888,44,125,NULL),(5889,44,126,NULL),(5890,44,127,NULL),(5891,44,128,'If you are awarded this vehicle today FEB 20 (CST), then'),(5892,44,129,'If you are awarded this vehicle on Feb 20 (CST), then'),(5893,44,130,'You have been awarded this 2015 Chevrolet Camaro\nfor $13,500 USD (plus applicable fees).'),(5894,44,131,'$12,025 or more is needed to place a bid. ($25 increments)'),(5895,44,132,NULL),(5896,44,133,NULL),(5897,44,134,'8'),(5898,44,135,'30'),(5899,44,136,'am'),(5900,44,137,'2/20/2017 9:30:00 AM'),(5901,44,138,'2/20/2017 8:30:00 AM'),(5902,44,139,'20'),(5903,44,140,'FEB'),(5904,44,141,NULL),(5905,44,142,NULL),(5906,44,143,NULL),(5907,44,144,NULL),(5908,44,145,'CST'),(5909,44,146,NULL),(5910,44,147,NULL),(5911,44,148,NULL),(5912,44,149,NULL),(5913,44,150,NULL),(5914,44,151,NULL),(5915,44,152,'1'),(5916,44,153,NULL),(5917,44,154,NULL),(5918,44,155,NULL),(5919,44,156,'1'),(5920,44,157,NULL),(5921,44,158,'1'),(5922,44,159,NULL),(5923,44,160,'Chevrolet'),(5924,44,161,'Camaro'),(5925,44,162,'2015'),(5926,44,163,'24317391'),(5927,44,164,'22668994'),(5928,44,165,'12000.00'),(5929,44,166,NULL),(5930,44,167,'1'),(5931,44,168,NULL),(5932,44,169,NULL),(5933,44,170,NULL),(5934,44,171,NULL),(5935,44,172,NULL),(5936,44,173,'1'),(5937,44,174,NULL),(5938,44,175,NULL),(5939,44,176,NULL),(5940,44,177,NULL),(5941,44,178,NULL),(5942,44,179,NULL),(5943,44,180,NULL),(5944,44,181,NULL),(5945,44,182,NULL),(5946,44,183,NULL),(5947,44,184,NULL),(5948,44,185,NULL),(5949,44,186,NULL),(5950,44,187,NULL),(5951,44,188,'RS'),(5952,44,189,'2G1FD3D35F9280204'),(5953,44,190,NULL),(5954,44,191,NULL),(5955,44,192,NULL),(5956,44,193,'LT'),(5957,44,194,NULL),(5958,44,195,NULL),(5959,44,196,NULL),(5960,44,197,NULL),(5961,44,198,NULL),(5962,44,199,NULL),(5963,44,200,NULL),(5964,44,201,NULL),(5965,44,202,'19242375'),(5966,44,203,'Miami'),(5967,44,204,NULL),(5968,44,205,NULL),(5969,44,206,NULL),(5970,44,207,'A'),(5971,44,208,NULL),(5972,44,209,'CLEAR (Florida)'),(5973,44,210,NULL),(5974,44,211,NULL),(5975,44,212,NULL),(5976,44,213,NULL),(5977,44,214,NULL),(5978,44,215,NULL),(5979,44,216,NULL),(5980,44,217,NULL),(5981,44,218,'1'),(5982,44,219,'$12,000'),(5983,44,220,NULL),(5984,44,221,NULL),(5985,44,222,NULL),(5986,44,223,'0.00'),(5987,44,224,NULL),(5988,44,225,NULL),(5989,44,226,'25.0000'),(5990,44,227,'7  people currently pre-bidding'),(5991,44,228,NULL),(5992,44,229,'2/20/2017 7:30:00 AM'),(5993,44,230,'19610441'),(5994,44,231,'742'),(5995,44,232,'942'),(5996,44,233,'121'),(5997,44,234,'02202017'),(5998,44,235,NULL),(5999,44,236,NULL),(6000,44,237,NULL),(6001,44,238,'13500'),(6002,44,239,'2/19/2017 8:00:00 PM'),(6003,44,240,'1'),(6004,44,241,NULL),(6005,44,242,'$13,500'),(6006,44,243,'Mon'),(6007,44,244,'20'),(6008,44,245,'Feb'),(6009,44,246,'08:30:00'),(6010,44,247,NULL),(6011,44,248,'8:30am'),(6012,44,249,NULL),(6013,44,250,NULL),(6014,44,251,NULL),(6015,44,252,NULL),(6016,44,253,NULL),(6017,44,254,NULL),(6018,44,255,NULL),(6019,44,256,NULL),(6020,44,257,NULL),(6021,44,258,'Miami (FL)'),(6022,44,259,NULL),(6023,44,260,NULL),(6024,44,261,NULL),(6025,44,262,NULL),(6026,44,263,'33054'),(6027,44,264,NULL),(6028,44,265,NULL),(6029,44,266,NULL),(6030,44,267,NULL),(6031,44,268,NULL),(6032,44,269,NULL),(6033,44,270,NULL),(6034,44,271,NULL),(6035,44,272,NULL),(6036,44,273,NULL),(6037,44,274,NULL),(6038,44,275,NULL),(6039,44,276,NULL),(6040,44,277,NULL),(6041,44,278,NULL),(6042,44,279,NULL),(6043,44,280,NULL),(6044,44,281,NULL),(6045,44,282,NULL),(6046,44,283,NULL),(6047,44,284,NULL),(6048,44,285,NULL),(6049,44,286,NULL),(6050,44,287,NULL),(6051,44,288,NULL),(6052,44,289,'CHEVROLET'),(6053,44,290,'CAMARO'),(6054,44,291,'DG Auto Group Export Inc'),(6055,44,292,NULL),(6056,44,293,NULL),(6057,44,294,NULL),(6058,44,295,'1'),(6059,44,296,'Passenger Car'),(6060,44,297,'1619961'),(6061,44,298,'1'),(6062,44,299,NULL),(6063,44,300,NULL),(6064,44,301,NULL),(6065,45,118,NULL),(6066,45,119,NULL),(6067,45,120,NULL),(6068,45,121,NULL),(6069,45,122,NULL),(6070,45,123,NULL),(6071,45,124,NULL),(6072,45,125,NULL),(6073,45,126,NULL),(6074,45,127,NULL),(6075,45,128,'If you are awarded this vehicle today FEB 20 (CST), then'),(6076,45,129,'If you are awarded this vehicle on Feb 20 (CST), then'),(6077,45,130,'You have been awarded this 2015 Chevrolet Camaro\nfor  USD (plus applicable fees).'),(6078,45,131,'$12,025 or more is needed to place a bid. ($25 increments)'),(6079,45,132,NULL),(6080,45,133,NULL),(6081,45,134,'8'),(6082,45,135,'30'),(6083,45,136,'am'),(6084,45,137,'2/20/2017 9:30:00 AM'),(6085,45,138,'2/20/2017 8:30:00 AM'),(6086,45,139,'20'),(6087,45,140,'FEB'),(6088,45,141,NULL),(6089,45,142,NULL),(6090,45,143,NULL),(6091,45,144,NULL),(6092,45,145,'CST'),(6093,45,146,NULL),(6094,45,147,NULL),(6095,45,148,NULL),(6096,45,149,NULL),(6097,45,150,NULL),(6098,45,151,NULL),(6099,45,152,'1'),(6100,45,153,NULL),(6101,45,154,NULL),(6102,45,155,NULL),(6103,45,156,'1'),(6104,45,157,NULL),(6105,45,158,'1'),(6106,45,159,NULL),(6107,45,160,'Chevrolet'),(6108,45,161,'Camaro'),(6109,45,162,'2015'),(6110,45,163,'24317391'),(6111,45,164,'22668994'),(6112,45,165,'12000.00'),(6113,45,166,NULL),(6114,45,167,'1'),(6115,45,168,NULL),(6116,45,169,NULL),(6117,45,170,NULL),(6118,45,171,NULL),(6119,45,172,NULL),(6120,45,173,'1'),(6121,45,174,NULL),(6122,45,175,NULL),(6123,45,176,NULL),(6124,45,177,NULL),(6125,45,178,NULL),(6126,45,179,NULL),(6127,45,180,NULL),(6128,45,181,NULL),(6129,45,182,NULL),(6130,45,183,NULL),(6131,45,184,NULL),(6132,45,185,NULL),(6133,45,186,NULL),(6134,45,187,NULL),(6135,45,188,'RS'),(6136,45,189,'2G1FD3D35F9280204'),(6137,45,190,NULL),(6138,45,191,NULL),(6139,45,192,NULL),(6140,45,193,'LT'),(6141,45,194,NULL),(6142,45,195,NULL),(6143,45,196,NULL),(6144,45,197,NULL),(6145,45,198,NULL),(6146,45,199,NULL),(6147,45,200,NULL),(6148,45,201,NULL),(6149,45,202,'19242375'),(6150,45,203,'Miami'),(6151,45,204,NULL),(6152,45,205,NULL),(6153,45,206,NULL),(6154,45,207,'A'),(6155,45,208,NULL),(6156,45,209,'CLEAR (Florida)'),(6157,45,210,NULL),(6158,45,211,NULL),(6159,45,212,NULL),(6160,45,213,NULL),(6161,45,214,NULL),(6162,45,215,NULL),(6163,45,216,NULL),(6164,45,217,NULL),(6165,45,218,'1'),(6166,45,219,'$12,000'),(6167,45,220,NULL),(6168,45,221,NULL),(6169,45,222,NULL),(6170,45,223,'0.00'),(6171,45,224,NULL),(6172,45,225,NULL),(6173,45,226,'25.0000'),(6174,45,227,'7  people currently pre-bidding'),(6175,45,228,NULL),(6176,45,229,'2/20/2017 7:30:00 AM'),(6177,45,230,'19610441'),(6178,45,231,'742'),(6179,45,232,'942'),(6180,45,233,'121'),(6181,45,234,'02202017'),(6182,45,235,NULL),(6183,45,236,NULL),(6184,45,237,NULL),(6185,45,238,NULL),(6186,45,239,NULL),(6187,45,240,NULL),(6188,45,241,NULL),(6189,45,242,NULL),(6190,45,243,'Mon'),(6191,45,244,'20'),(6192,45,245,'Feb'),(6193,45,246,'08:30:00'),(6194,45,247,NULL),(6195,45,248,'8:30am'),(6196,45,249,NULL),(6197,45,250,NULL),(6198,45,251,NULL),(6199,45,252,NULL),(6200,45,253,NULL),(6201,45,254,NULL),(6202,45,255,NULL),(6203,45,256,NULL),(6204,45,257,NULL),(6205,45,258,'Miami (FL)'),(6206,45,259,NULL),(6207,45,260,NULL),(6208,45,261,NULL),(6209,45,262,NULL),(6210,45,263,'33054'),(6211,45,264,NULL),(6212,45,265,NULL),(6213,45,266,NULL),(6214,45,267,NULL),(6215,45,268,NULL),(6216,45,269,NULL),(6217,45,270,NULL),(6218,45,271,NULL),(6219,45,272,NULL),(6220,45,273,NULL),(6221,45,274,NULL),(6222,45,275,NULL),(6223,45,276,NULL),(6224,45,277,NULL),(6225,45,278,NULL),(6226,45,279,NULL),(6227,45,280,NULL),(6228,45,281,NULL),(6229,45,282,NULL),(6230,45,283,NULL),(6231,45,284,NULL),(6232,45,285,NULL),(6233,45,286,NULL),(6234,45,287,NULL),(6235,45,288,NULL),(6236,45,289,'CHEVROLET'),(6237,45,290,'CAMARO'),(6238,45,291,'DG Auto Group Export Inc'),(6239,45,292,NULL),(6240,45,293,NULL),(6241,45,294,NULL),(6242,45,295,'1'),(6243,45,296,'Passenger Car'),(6244,45,297,'1619961'),(6245,45,298,'1'),(6246,45,299,NULL),(6247,45,300,NULL),(6248,45,301,NULL),(6249,46,118,NULL),(6250,46,119,NULL),(6251,46,120,NULL),(6252,46,121,NULL),(6253,46,122,NULL),(6254,46,123,NULL),(6255,46,124,NULL),(6256,46,125,NULL),(6257,46,126,NULL),(6258,46,127,NULL),(6259,46,128,'If you are awarded this vehicle today FEB 20 (CST), then'),(6260,46,129,'If you are awarded this vehicle on Feb 20 (CST), then'),(6261,46,130,'You have been awarded this 2015 Chevrolet Camaro\nfor  USD (plus applicable fees).'),(6262,46,131,'$12,025 or more is needed to place a bid. ($25 increments)'),(6263,46,132,NULL),(6264,46,133,NULL),(6265,46,134,'8'),(6266,46,135,'30'),(6267,46,136,'am'),(6268,46,137,'2/20/2017 9:30:00 AM'),(6269,46,138,'2/20/2017 8:30:00 AM'),(6270,46,139,'20'),(6271,46,140,'FEB'),(6272,46,141,NULL),(6273,46,142,NULL),(6274,46,143,NULL),(6275,46,144,NULL),(6276,46,145,'CST'),(6277,46,146,NULL),(6278,46,147,NULL),(6279,46,148,NULL),(6280,46,149,NULL),(6281,46,150,NULL),(6282,46,151,NULL),(6283,46,152,'1'),(6284,46,153,NULL),(6285,46,154,NULL),(6286,46,155,NULL),(6287,46,156,'1'),(6288,46,157,NULL),(6289,46,158,'1'),(6290,46,159,NULL),(6291,46,160,'Chevrolet'),(6292,46,161,'Camaro'),(6293,46,162,'2015'),(6294,46,163,'24317391'),(6295,46,164,'22668994'),(6296,46,165,'12000.00'),(6297,46,166,NULL),(6298,46,167,'1'),(6299,46,168,NULL),(6300,46,169,NULL),(6301,46,170,NULL),(6302,46,171,NULL),(6303,46,172,NULL),(6304,46,173,'1'),(6305,46,174,NULL),(6306,46,175,NULL),(6307,46,176,NULL),(6308,46,177,NULL),(6309,46,178,NULL),(6310,46,179,NULL),(6311,46,180,NULL),(6312,46,181,NULL),(6313,46,182,NULL),(6314,46,183,NULL),(6315,46,184,NULL),(6316,46,185,NULL),(6317,46,186,NULL),(6318,46,187,NULL),(6319,46,188,'RS'),(6320,46,189,'2G1FD3D35F9280204'),(6321,46,190,NULL),(6322,46,191,NULL),(6323,46,192,NULL),(6324,46,193,'LT'),(6325,46,194,NULL),(6326,46,195,NULL),(6327,46,196,NULL),(6328,46,197,NULL),(6329,46,198,NULL),(6330,46,199,NULL),(6331,46,200,NULL),(6332,46,201,NULL),(6333,46,202,'19242375'),(6334,46,203,'Miami'),(6335,46,204,NULL),(6336,46,205,NULL),(6337,46,206,NULL),(6338,46,207,'A'),(6339,46,208,NULL),(6340,46,209,'CLEAR (Florida)'),(6341,46,210,NULL),(6342,46,211,NULL),(6343,46,212,NULL),(6344,46,213,NULL),(6345,46,214,NULL),(6346,46,215,NULL),(6347,46,216,NULL),(6348,46,217,NULL),(6349,46,218,'1'),(6350,46,219,'$12,000'),(6351,46,220,NULL),(6352,46,221,NULL),(6353,46,222,NULL),(6354,46,223,'0.00'),(6355,46,224,NULL),(6356,46,225,NULL),(6357,46,226,'25.0000'),(6358,46,227,'7  people currently pre-bidding'),(6359,46,228,NULL),(6360,46,229,'2/20/2017 7:30:00 AM'),(6361,46,230,'19610441'),(6362,46,231,'742'),(6363,46,232,'942'),(6364,46,233,'121'),(6365,46,234,'02202017'),(6366,46,235,NULL),(6367,46,236,NULL),(6368,46,237,NULL),(6369,46,238,NULL),(6370,46,239,NULL),(6371,46,240,NULL),(6372,46,241,NULL),(6373,46,242,NULL),(6374,46,243,'Mon'),(6375,46,244,'20'),(6376,46,245,'Feb'),(6377,46,246,'08:30:00'),(6378,46,247,NULL),(6379,46,248,'8:30am'),(6380,46,249,NULL),(6381,46,250,NULL),(6382,46,251,NULL),(6383,46,252,NULL),(6384,46,253,NULL),(6385,46,254,NULL),(6386,46,255,NULL),(6387,46,256,NULL),(6388,46,257,NULL),(6389,46,258,'Miami (FL)'),(6390,46,259,NULL),(6391,46,260,NULL),(6392,46,261,NULL),(6393,46,262,NULL),(6394,46,263,'33054'),(6395,46,264,NULL),(6396,46,265,NULL),(6397,46,266,NULL),(6398,46,267,NULL),(6399,46,268,NULL),(6400,46,269,NULL),(6401,46,270,NULL),(6402,46,271,NULL),(6403,46,272,NULL),(6404,46,273,NULL),(6405,46,274,NULL),(6406,46,275,NULL),(6407,46,276,NULL),(6408,46,277,NULL),(6409,46,278,NULL),(6410,46,279,NULL),(6411,46,280,NULL),(6412,46,281,NULL),(6413,46,282,NULL),(6414,46,283,NULL),(6415,46,284,NULL),(6416,46,285,NULL),(6417,46,286,NULL),(6418,46,287,NULL),(6419,46,288,NULL),(6420,46,289,'CHEVROLET'),(6421,46,290,'CAMARO'),(6422,46,291,'DG Auto Group Export Inc'),(6423,46,292,NULL),(6424,46,293,NULL),(6425,46,294,NULL),(6426,46,295,'1'),(6427,46,296,'Passenger Car'),(6428,46,297,'1619961'),(6429,46,298,'1'),(6430,46,299,NULL),(6431,46,300,NULL),(6432,46,301,NULL),(6433,47,118,NULL),(6434,47,119,NULL),(6435,47,120,NULL),(6436,47,121,NULL),(6437,47,122,NULL),(6438,47,123,NULL),(6439,47,124,NULL),(6440,47,125,NULL),(6441,47,126,NULL),(6442,47,127,NULL),(6443,47,128,'If you are awarded this vehicle today FEB 20 (CST), then'),(6444,47,129,'If you are awarded this vehicle on Feb 20 (CST), then'),(6445,47,130,'You have been awarded this 2015 Chevrolet Camaro\nfor  USD (plus applicable fees).'),(6446,47,131,'$12,025 or more is needed to place a bid. ($25 increments)'),(6447,47,132,NULL),(6448,47,133,NULL),(6449,47,134,'8'),(6450,47,135,'30'),(6451,47,136,'am'),(6452,47,137,'2/20/2017 9:30:00 AM'),(6453,47,138,'2/20/2017 8:30:00 AM'),(6454,47,139,'20'),(6455,47,140,'FEB'),(6456,47,141,NULL),(6457,47,142,NULL),(6458,47,143,NULL),(6459,47,144,NULL),(6460,47,145,'CST'),(6461,47,146,NULL),(6462,47,147,NULL),(6463,47,148,NULL),(6464,47,149,NULL),(6465,47,150,NULL),(6466,47,151,NULL),(6467,47,152,'1'),(6468,47,153,NULL),(6469,47,154,NULL),(6470,47,155,NULL),(6471,47,156,'1'),(6472,47,157,NULL),(6473,47,158,'1'),(6474,47,159,NULL),(6475,47,160,'Chevrolet'),(6476,47,161,'Camaro'),(6477,47,162,'2015'),(6478,47,163,'24317391'),(6479,47,164,'22668994'),(6480,47,165,'12000.00'),(6481,47,166,NULL),(6482,47,167,'1'),(6483,47,168,NULL),(6484,47,169,NULL),(6485,47,170,NULL),(6486,47,171,NULL),(6487,47,172,NULL),(6488,47,173,'1'),(6489,47,174,NULL),(6490,47,175,NULL),(6491,47,176,NULL),(6492,47,177,NULL),(6493,47,178,NULL),(6494,47,179,'39,641 mi'),(6495,47,180,NULL),(6496,47,181,NULL),(6497,47,182,NULL),(6498,47,183,'6 Cylinders'),(6499,47,184,'3.6L V6 FI DOHC 24V NF4'),(6500,47,185,'Unknown'),(6501,47,186,NULL),(6502,47,187,NULL),(6503,47,188,'RS'),(6504,47,189,'2G1FD3D35F9280204'),(6505,47,190,NULL),(6506,47,191,NULL),(6507,47,192,NULL),(6508,47,193,'LT'),(6509,47,194,NULL),(6510,47,195,NULL),(6511,47,196,NULL),(6512,47,197,NULL),(6513,47,198,NULL),(6514,47,199,NULL),(6515,47,200,NULL),(6516,47,201,NULL),(6517,47,202,'19242375'),(6518,47,203,'Miami'),(6519,47,204,NULL),(6520,47,205,NULL),(6521,47,206,NULL),(6522,47,207,'A'),(6523,47,208,NULL),(6524,47,209,'CLEAR (Florida)'),(6525,47,210,NULL),(6526,47,211,NULL),(6527,47,212,NULL),(6528,47,213,NULL),(6529,47,214,NULL),(6530,47,215,NULL),(6531,47,216,NULL),(6532,47,217,NULL),(6533,47,218,'1'),(6534,47,219,'$12,000'),(6535,47,220,NULL),(6536,47,221,NULL),(6537,47,222,NULL),(6538,47,223,'0.00'),(6539,47,224,NULL),(6540,47,225,NULL),(6541,47,226,'25.0000'),(6542,47,227,'7  people currently pre-bidding'),(6543,47,228,NULL),(6544,47,229,'2/20/2017 7:30:00 AM'),(6545,47,230,'19610441'),(6546,47,231,'742'),(6547,47,232,'942'),(6548,47,233,'121'),(6549,47,234,'02202017'),(6550,47,235,NULL),(6551,47,236,NULL),(6552,47,237,NULL),(6553,47,238,NULL),(6554,47,239,NULL),(6555,47,240,NULL),(6556,47,241,NULL),(6557,47,242,NULL),(6558,47,243,'Mon'),(6559,47,244,'20'),(6560,47,245,'Feb'),(6561,47,246,'08:30:00'),(6562,47,247,NULL),(6563,47,248,'8:30am'),(6564,47,249,NULL),(6565,47,250,NULL),(6566,47,251,NULL),(6567,47,252,NULL),(6568,47,253,NULL),(6569,47,254,NULL),(6570,47,255,NULL),(6571,47,256,NULL),(6572,47,257,NULL),(6573,47,258,'Miami (FL)'),(6574,47,259,NULL),(6575,47,260,NULL),(6576,47,261,NULL),(6577,47,262,NULL),(6578,47,263,'33054'),(6579,47,264,NULL),(6580,47,265,NULL),(6581,47,266,NULL),(6582,47,267,NULL),(6583,47,268,NULL),(6584,47,269,NULL),(6585,47,270,NULL),(6586,47,271,NULL),(6587,47,272,NULL),(6588,47,273,NULL),(6589,47,274,NULL),(6590,47,275,NULL),(6591,47,276,NULL),(6592,47,277,NULL),(6593,47,278,NULL),(6594,47,279,NULL),(6595,47,280,NULL),(6596,47,281,NULL),(6597,47,282,NULL),(6598,47,283,NULL),(6599,47,284,NULL),(6600,47,285,NULL),(6601,47,286,NULL),(6602,47,287,NULL),(6603,47,288,NULL),(6604,47,289,'CHEVROLET'),(6605,47,290,'CAMARO'),(6606,47,291,'DG Auto Group Export Inc'),(6607,47,292,NULL),(6608,47,293,NULL),(6609,47,294,NULL),(6610,47,295,'1'),(6611,47,296,'Passenger Car'),(6612,47,297,'1619961'),(6613,47,298,'1'),(6614,47,299,NULL),(6615,47,300,NULL),(6616,47,301,NULL),(6617,48,118,NULL),(6618,48,119,NULL),(6619,48,120,NULL),(6620,48,121,NULL),(6621,48,122,NULL),(6622,48,123,NULL),(6623,48,124,NULL),(6624,48,125,NULL),(6625,48,126,NULL),(6626,48,127,NULL),(6627,48,128,'If you are awarded this vehicle today FEB 20 (CST), then'),(6628,48,129,'If you are awarded this vehicle on Feb 20 (CST), then'),(6629,48,130,'You have been awarded this 2009 BMW X5\nfor  USD (plus applicable fees).'),(6630,48,131,'$1,000 or more is needed to place a bid. ($25 increments)'),(6631,48,132,NULL),(6632,48,133,NULL),(6633,48,134,'8'),(6634,48,135,'00'),(6635,48,136,'am'),(6636,48,137,'2/20/2017 9:00:00 AM'),(6637,48,138,'2/20/2017 8:00:00 AM'),(6638,48,139,'20'),(6639,48,140,'FEB'),(6640,48,141,NULL),(6641,48,142,NULL),(6642,48,143,NULL),(6643,48,144,NULL),(6644,48,145,'CST'),(6645,48,146,NULL),(6646,48,147,NULL),(6647,48,148,NULL),(6648,48,149,NULL),(6649,48,150,NULL),(6650,48,151,NULL),(6651,48,152,'1'),(6652,48,153,NULL),(6653,48,154,NULL),(6654,48,155,NULL),(6655,48,156,'1'),(6656,48,157,NULL),(6657,48,158,'1'),(6658,48,159,NULL),(6659,48,160,'BMW'),(6660,48,161,'X5'),(6661,48,162,'2009'),(6662,48,163,'23751969'),(6663,48,164,'22627293'),(6664,48,165,'975.00'),(6665,48,166,NULL),(6666,48,167,'1'),(6667,48,168,NULL),(6668,48,169,NULL),(6669,48,170,NULL),(6670,48,171,NULL),(6671,48,172,NULL),(6672,48,173,'33'),(6673,48,174,NULL),(6674,48,175,NULL),(6675,48,176,NULL),(6676,48,177,NULL),(6677,48,178,NULL),(6678,48,179,'65,596 mi'),(6679,48,180,NULL),(6680,48,181,NULL),(6681,48,182,NULL),(6682,48,183,'6 Cylinders'),(6683,48,184,'3.0L I6 FI DOHC 24V F4'),(6684,48,185,'Unknown'),(6685,48,186,NULL),(6686,48,187,NULL),(6687,48,188,'RS'),(6688,48,189,'5UXFE43579L262117'),(6689,48,190,NULL),(6690,48,191,NULL),(6691,48,192,NULL),(6692,48,193,'XDRIVE30I'),(6693,48,194,NULL),(6694,48,195,NULL),(6695,48,196,NULL),(6696,48,197,NULL),(6697,48,198,NULL),(6698,48,199,NULL),(6699,48,200,NULL),(6700,48,201,NULL),(6701,48,202,'18774507'),(6702,48,203,'Northern Virginia'),(6703,48,204,NULL),(6704,48,205,NULL),(6705,48,206,NULL),(6706,48,207,'A'),(6707,48,208,NULL),(6708,48,209,'SALVAGE (Virginia)'),(6709,48,210,NULL),(6710,48,211,NULL),(6711,48,212,NULL),(6712,48,213,NULL),(6713,48,214,NULL),(6714,48,215,NULL),(6715,48,216,NULL),(6716,48,217,NULL),(6717,48,218,'1'),(6718,48,219,'$975'),(6719,48,220,NULL),(6720,48,221,NULL),(6721,48,222,NULL),(6722,48,223,'0.00'),(6723,48,224,NULL),(6724,48,225,NULL),(6725,48,226,'25.0000'),(6726,48,227,'5  people currently pre-bidding'),(6727,48,228,NULL),(6728,48,229,'2/20/2017 7:00:00 AM'),(6729,48,230,'19161351'),(6730,48,231,'723'),(6731,48,232,'46'),(6732,48,233,'3210'),(6733,48,234,'02202017'),(6734,48,235,NULL),(6735,48,236,NULL),(6736,48,237,NULL),(6737,48,238,NULL),(6738,48,239,NULL),(6739,48,240,NULL),(6740,48,241,NULL),(6741,48,242,NULL),(6742,48,243,'Mon'),(6743,48,244,'20'),(6744,48,245,'Feb'),(6745,48,246,'08:00:00'),(6746,48,247,NULL),(6747,48,248,'8am'),(6748,48,249,NULL),(6749,48,250,'BRANDED IF REBUILT'),(6750,48,251,NULL),(6751,48,252,NULL),(6752,48,253,NULL),(6753,48,254,NULL),(6754,48,255,NULL),(6755,48,256,NULL),(6756,48,257,NULL),(6757,48,258,'Northern Virginia (VA)'),(6758,48,259,NULL),(6759,48,260,NULL),(6760,48,261,NULL),(6761,48,262,NULL),(6762,48,263,'22406'),(6763,48,264,NULL),(6764,48,265,NULL),(6765,48,266,NULL),(6766,48,267,NULL),(6767,48,268,NULL),(6768,48,269,NULL),(6769,48,270,NULL),(6770,48,271,NULL),(6771,48,272,NULL),(6772,48,273,NULL),(6773,48,274,NULL),(6774,48,275,NULL),(6775,48,276,NULL),(6776,48,277,NULL),(6777,48,278,NULL),(6778,48,279,NULL),(6779,48,280,NULL),(6780,48,281,NULL),(6781,48,282,NULL),(6782,48,283,NULL),(6783,48,284,NULL),(6784,48,285,NULL),(6785,48,286,NULL),(6786,48,287,NULL),(6787,48,288,NULL),(6788,48,289,'BMW'),(6789,48,290,'X5'),(6790,48,291,'Geico Insurance'),(6791,48,292,NULL),(6792,48,293,NULL),(6793,48,294,'1'),(6794,48,295,'1'),(6795,48,296,'Passenger Car'),(6796,48,297,'65'),(6797,48,298,NULL),(6798,48,299,NULL),(6799,48,300,NULL),(6800,48,301,NULL),(6801,49,118,NULL),(6802,49,119,NULL),(6803,49,120,NULL),(6804,49,121,NULL),(6805,49,122,NULL),(6806,49,123,NULL),(6807,49,124,NULL),(6808,49,125,NULL),(6809,49,126,NULL),(6810,49,127,NULL),(6811,49,128,'If you are awarded this vehicle today FEB 20 (CST), then'),(6812,49,129,'If you are awarded this vehicle on Feb 21 (CST), then'),(6813,49,130,'You have been awarded this 2006 Chrysler 300\nfor  USD (plus applicable fees).'),(6814,49,131,'$800 or more is needed to place a bid. ($25 increments)'),(6815,49,132,NULL),(6816,49,133,NULL),(6817,49,134,'9'),(6818,49,135,'00'),(6819,49,136,'am'),(6820,49,137,'2/21/2017 10:00:00 AM'),(6821,49,138,'2/21/2017 9:00:00 AM'),(6822,49,139,'20'),(6823,49,140,'FEB'),(6824,49,141,NULL),(6825,49,142,NULL),(6826,49,143,NULL),(6827,49,144,NULL),(6828,49,145,'CST'),(6829,49,146,NULL),(6830,49,147,NULL),(6831,49,148,NULL),(6832,49,149,NULL),(6833,49,150,NULL),(6834,49,151,NULL),(6835,49,152,'1'),(6836,49,153,NULL),(6837,49,154,NULL),(6838,49,155,NULL),(6839,49,156,'1'),(6840,49,157,NULL),(6841,49,158,'1'),(6842,49,159,NULL),(6843,49,160,'Chrysler'),(6844,49,161,'300'),(6845,49,162,'2006'),(6846,49,163,'24272670'),(6847,49,164,'22623032'),(6848,49,165,'775.00'),(6849,49,166,NULL),(6850,49,167,'1'),(6851,49,168,NULL),(6852,49,169,NULL),(6853,49,170,NULL),(6854,49,171,NULL),(6855,49,172,NULL),(6856,49,173,'1'),(6857,49,174,NULL),(6858,49,175,NULL),(6859,49,176,NULL),(6860,49,177,NULL),(6861,49,178,NULL),(6862,49,179,'76,852 mi'),(6863,49,180,NULL),(6864,49,181,NULL),(6865,49,182,NULL),(6866,49,183,'6 Cylinders'),(6867,49,184,'3.5L V6 FI DOHC 24V F4'),(6868,49,185,'Unknown'),(6869,49,186,NULL),(6870,49,187,NULL),(6871,49,188,'RS'),(6872,49,189,'2C3KA53G56H256493'),(6873,49,190,NULL),(6874,49,191,NULL),(6875,49,192,NULL),(6876,49,193,'TOURING'),(6877,49,194,NULL),(6878,49,195,NULL),(6879,49,196,NULL),(6880,49,197,NULL),(6881,49,198,NULL),(6882,49,199,NULL),(6883,49,200,NULL),(6884,49,201,NULL),(6885,49,202,'18740271'),(6886,49,203,'Scranton'),(6887,49,204,NULL),(6888,49,205,NULL),(6889,49,206,NULL),(6890,49,207,'A'),(6891,49,208,NULL),(6892,49,209,'SALVAGE (Pennsylvania)'),(6893,49,210,NULL),(6894,49,211,NULL),(6895,49,212,NULL),(6896,49,213,NULL),(6897,49,214,NULL),(6898,49,215,NULL),(6899,49,216,NULL),(6900,49,217,NULL),(6901,49,218,'1'),(6902,49,219,'$775'),(6903,49,220,NULL),(6904,49,221,NULL),(6905,49,222,NULL),(6906,49,223,'0.00'),(6907,49,224,NULL),(6908,49,225,NULL),(6909,49,226,'25.0000'),(6910,49,227,'4  people currently pre-bidding'),(6911,49,228,NULL),(6912,49,229,'2/21/2017 8:00:00 AM'),(6913,49,230,'19109774'),(6914,49,231,'636'),(6915,49,232,'946'),(6916,49,233,'4'),(6917,49,234,'02212017'),(6918,49,235,NULL),(6919,49,236,NULL),(6920,49,237,NULL),(6921,49,238,NULL),(6922,49,239,NULL),(6923,49,240,NULL),(6924,49,241,NULL),(6925,49,242,NULL),(6926,49,243,'Tue'),(6927,49,244,'21'),(6928,49,245,'Feb'),(6929,49,246,'09:00:00'),(6930,49,247,NULL),(6931,49,248,'9am'),(6932,49,249,NULL),(6933,49,250,NULL),(6934,49,251,NULL),(6935,49,252,NULL),(6936,49,253,NULL),(6937,49,254,NULL),(6938,49,255,NULL),(6939,49,256,NULL),(6940,49,257,NULL),(6941,49,258,'Scranton (PA)'),(6942,49,259,NULL),(6943,49,260,NULL),(6944,49,261,NULL),(6945,49,262,NULL),(6946,49,263,'18640'),(6947,49,264,NULL),(6948,49,265,NULL),(6949,49,266,NULL),(6950,49,267,NULL),(6951,49,268,NULL),(6952,49,269,NULL),(6953,49,270,NULL),(6954,49,271,NULL),(6955,49,272,NULL),(6956,49,273,NULL),(6957,49,274,NULL),(6958,49,275,NULL),(6959,49,276,NULL),(6960,49,277,NULL),(6961,49,278,NULL),(6962,49,279,NULL),(6963,49,280,NULL),(6964,49,281,NULL),(6965,49,282,NULL),(6966,49,283,NULL),(6967,49,284,NULL),(6968,49,285,NULL),(6969,49,286,NULL),(6970,49,287,NULL),(6971,49,288,NULL),(6972,49,289,'CHRYSLER'),(6973,49,290,'300'),(6974,49,291,'Erie Insurance Group'),(6975,49,292,NULL),(6976,49,293,NULL),(6977,49,294,'1'),(6978,49,295,'1'),(6979,49,296,'Passenger Car'),(6980,49,297,'1623038'),(6981,49,298,'1'),(6982,49,299,NULL),(6983,49,300,NULL),(6984,49,301,NULL),(6985,50,118,NULL),(6986,50,119,NULL),(6987,50,120,NULL),(6988,50,121,NULL),(6989,50,122,NULL),(6990,50,123,NULL),(6991,50,124,NULL),(6992,50,125,NULL),(6993,50,126,NULL),(6994,50,127,NULL),(6995,50,128,'If you are awarded this vehicle today FEB 20 (CST), then'),(6996,50,129,'If you are awarded this vehicle on Feb 22 (CST), then'),(6997,50,130,'You have been awarded this 2017 CHRYSLER PACIFICA\nfor $20,500 USD (plus applicable fees).'),(6998,50,131,'$10,800 or more is needed to place a bid. ($25 increments)'),(6999,50,132,NULL),(7000,50,133,NULL),(7001,50,134,'8'),(7002,50,135,'00'),(7003,50,136,'am'),(7004,50,137,'2/22/2017 9:00:00 AM'),(7005,50,138,'2/22/2017 8:00:00 AM'),(7006,50,139,'20'),(7007,50,140,'FEB'),(7008,50,141,NULL),(7009,50,142,NULL),(7010,50,143,NULL),(7011,50,144,NULL),(7012,50,145,'CST'),(7013,50,146,NULL),(7014,50,147,NULL),(7015,50,148,NULL),(7016,50,149,NULL),(7017,50,150,NULL),(7018,50,151,NULL),(7019,50,152,'1'),(7020,50,153,NULL),(7021,50,154,NULL),(7022,50,155,NULL),(7023,50,156,'1'),(7024,50,157,'1'),(7025,50,158,'1'),(7026,50,159,NULL),(7027,50,160,'CHRYSLER'),(7028,50,161,'PACIFICA'),(7029,50,162,'2017'),(7030,50,163,'24342561'),(7031,50,164,'22695338'),(7032,50,165,'10775.00'),(7033,50,166,NULL),(7034,50,167,'1'),(7035,50,168,NULL),(7036,50,169,NULL),(7037,50,170,NULL),(7038,50,171,NULL),(7039,50,172,NULL),(7040,50,173,'51'),(7041,50,174,NULL),(7042,50,175,NULL),(7043,50,176,NULL),(7044,50,177,NULL),(7045,50,178,NULL),(7046,50,179,'2,467 mi'),(7047,50,180,NULL),(7048,50,181,NULL),(7049,50,182,NULL),(7050,50,183,'6 Cylinders'),(7051,50,184,'3.6L V6 FI DOHC 24V NF4'),(7052,50,185,'Unknown'),(7053,50,186,NULL),(7054,50,187,NULL),(7055,50,188,'RS'),(7056,50,189,'2C4RC1DG6HR620865'),(7057,50,190,NULL),(7058,50,191,NULL),(7059,50,192,NULL),(7060,50,193,'TOURING'),(7061,50,194,NULL),(7062,50,195,NULL),(7063,50,196,NULL),(7064,50,197,NULL),(7065,50,198,NULL),(7066,50,199,NULL),(7067,50,200,NULL),(7068,50,201,NULL),(7069,50,202,'19198461'),(7070,50,203,'Orlando'),(7071,50,204,NULL),(7072,50,205,NULL),(7073,50,206,NULL),(7074,50,207,NULL),(7075,50,208,NULL),(7076,50,209,'CLEAR (Florida)'),(7077,50,210,NULL),(7078,50,211,NULL),(7079,50,212,NULL),(7080,50,213,NULL),(7081,50,214,NULL),(7082,50,215,NULL),(7083,50,216,NULL),(7084,50,217,NULL),(7085,50,218,'1'),(7086,50,219,'$10,775'),(7087,50,220,NULL),(7088,50,221,NULL),(7089,50,222,NULL),(7090,50,223,'0.00'),(7091,50,224,NULL),(7092,50,225,NULL),(7093,50,226,'25.0000'),(7094,50,227,'6  people currently pre-bidding'),(7095,50,228,NULL),(7096,50,229,'2/22/2017 7:00:00 AM'),(7097,50,230,'19587538'),(7098,50,231,'732'),(7099,50,232,'908'),(7100,50,233,'TBD'),(7101,50,234,'02222017'),(7102,50,235,NULL),(7103,50,236,NULL),(7104,50,237,'1'),(7105,50,238,'20500'),(7106,50,239,'2/21/2017 8:00:00 PM'),(7107,50,240,NULL),(7108,50,241,NULL),(7109,50,242,'$20,500'),(7110,50,243,'Wed'),(7111,50,244,'22'),(7112,50,245,'Feb'),(7113,50,246,'08:00:00'),(7114,50,247,NULL),(7115,50,248,'8am'),(7116,50,249,NULL),(7117,50,250,NULL),(7118,50,251,NULL),(7119,50,252,NULL),(7120,50,253,NULL),(7121,50,254,NULL),(7122,50,255,NULL),(7123,50,256,NULL),(7124,50,257,NULL),(7125,50,258,'Orlando (FL)'),(7126,50,259,NULL),(7127,50,260,NULL),(7128,50,261,NULL),(7129,50,262,NULL),(7130,50,263,'32824'),(7131,50,264,NULL),(7132,50,265,NULL),(7133,50,266,NULL),(7134,50,267,NULL),(7135,50,268,NULL),(7136,50,269,'1'),(7137,50,270,NULL),(7138,50,271,NULL),(7139,50,272,NULL),(7140,50,273,NULL),(7141,50,274,NULL),(7142,50,275,NULL),(7143,50,276,NULL),(7144,50,277,NULL),(7145,50,278,NULL),(7146,50,279,NULL),(7147,50,280,NULL),(7148,50,281,NULL),(7149,50,282,NULL),(7150,50,283,NULL),(7151,50,284,NULL),(7152,50,285,NULL),(7153,50,286,NULL),(7154,50,287,NULL),(7155,50,288,NULL),(7156,50,289,'CHRYSLER'),(7157,50,290,'PACIFICA'),(7158,50,291,'Avis Rent A Car - Orlando'),(7159,50,292,NULL),(7160,50,293,NULL),(7161,50,294,NULL),(7162,50,295,'1'),(7163,50,296,'Passenger Car'),(7164,50,297,'116053'),(7165,50,298,'1'),(7166,50,299,NULL),(7167,50,300,NULL),(7168,50,301,NULL),(7169,51,118,NULL),(7170,51,119,NULL),(7171,51,120,NULL),(7172,51,121,NULL),(7173,51,122,NULL),(7174,51,123,NULL),(7175,51,124,NULL),(7176,51,125,NULL),(7177,51,126,'1'),(7178,51,127,'<h4><div class=\'offSiteHD\'>Off-Site Announcements</div></h4><br><p><div class=\'offSiteWrapper\' style=\'font-weight:bold\'>Hours of Operation</p><p><div>Hours of Operation have not been verified</div></p><p><strong></strong></p><br><p><strong><div class=\'offSiteWrapper\'>Vehicles must be paid through IAA</div></strong></p><br><p><strong><div class=\'offSiteWrapper\'><span>Authorization for Off-site Sale Release form is recommended for pickup. This form will be emailed upon payment posting to your account or it can be obtained through the selling branch</span></div></strong></p><p><div class=\'offSiteWrapper\' style=\'padding:10px 0 0 0\'><span>Is pre-sale off-site inspection available?</span><span style=\'font-weight:bold\'> Yes</span></p><p><span>Note: Contact Rochester Branch to Schedule Preview.</span></p><br><p>Pick up Instructions: Must go to Rochester Branch prior to Off Site Pick Up.<br /></p><p><div class=\'offSiteWrapper\'><span>Are loading services available?</span><span style=\'font-weight:bold\'> No</span></div></p><br><p><div class=\'offSiteWrapper\'><span>Are towing services available?</span><span style=\'font-weight:bold\'> No<span></div></p><br><p></p>'),(7179,51,128,'If you are awarded this vehicle today FEB 20 (CST), then'),(7180,51,129,'If you are awarded this vehicle on Feb 21 (CST), then'),(7181,51,130,'You have been awarded this 1979 CHRYSLER LEBARON\nfor $2,500 USD (plus applicable fees).'),(7182,51,131,'$525 or more is needed to place a bid. ($25 increments)'),(7183,51,132,NULL),(7184,51,133,NULL),(7185,51,134,'8'),(7186,51,135,'30'),(7187,51,136,'am'),(7188,51,137,'2/21/2017 9:30:00 AM'),(7189,51,138,'2/21/2017 8:30:00 AM'),(7190,51,139,'20'),(7191,51,140,'FEB'),(7192,51,141,NULL),(7193,51,142,NULL),(7194,51,143,NULL),(7195,51,144,NULL),(7196,51,145,'CST'),(7197,51,146,NULL),(7198,51,147,NULL),(7199,51,148,NULL),(7200,51,149,NULL),(7201,51,150,NULL),(7202,51,151,NULL),(7203,51,152,NULL),(7204,51,153,NULL),(7205,51,154,NULL),(7206,51,155,NULL),(7207,51,156,'1'),(7208,51,157,'1'),(7209,51,158,'1'),(7210,51,159,NULL),(7211,51,160,'CHRYSLER'),(7212,51,161,'LEBARON'),(7213,51,162,'1979'),(7214,51,163,'24329767'),(7215,51,164,'22681145'),(7216,51,165,'500.00'),(7217,51,166,NULL),(7218,51,167,'1'),(7219,51,168,NULL),(7220,51,169,NULL),(7221,51,170,NULL),(7222,51,171,NULL),(7223,51,172,NULL),(7224,51,173,'1'),(7225,51,174,NULL),(7226,51,175,NULL),(7227,51,176,NULL),(7228,51,177,NULL),(7229,51,178,NULL),(7230,51,179,'55,176 mi'),(7231,51,180,NULL),(7232,51,181,NULL),(7233,51,182,NULL),(7234,51,183,'Unknown'),(7235,51,184,'Unknown Specs'),(7236,51,185,'Unknown'),(7237,51,186,NULL),(7238,51,187,NULL),(7239,51,188,'RS'),(7240,51,189,'FH22G9G206553'),(7241,51,190,NULL),(7242,51,191,NULL),(7243,51,192,NULL),(7244,51,193,NULL),(7245,51,194,NULL),(7246,51,195,NULL),(7247,51,196,NULL),(7248,51,197,NULL),(7249,51,198,NULL),(7250,51,199,NULL),(7251,51,200,NULL),(7252,51,201,NULL),(7253,51,202,'19159716'),(7254,51,203,'Rochester'),(7255,51,204,NULL),(7256,51,205,NULL),(7257,51,206,NULL),(7258,51,207,'A'),(7259,51,208,NULL),(7260,51,209,'CLEAR (New York)'),(7261,51,210,NULL),(7262,51,211,NULL),(7263,51,212,NULL),(7264,51,213,NULL),(7265,51,214,NULL),(7266,51,215,NULL),(7267,51,216,NULL),(7268,51,217,NULL),(7269,51,218,'1'),(7270,51,219,'$500'),(7271,51,220,NULL),(7272,51,221,NULL),(7273,51,222,NULL),(7274,51,223,'0.00'),(7275,51,224,NULL),(7276,51,225,NULL),(7277,51,226,'25.0000'),(7278,51,227,'5  people currently pre-bidding'),(7279,51,228,NULL),(7280,51,229,'2/21/2017 7:30:00 AM'),(7281,51,230,'19528537'),(7282,51,231,'671'),(7283,51,232,'1042'),(7284,51,233,'26'),(7285,51,234,'02212017'),(7286,51,235,NULL),(7287,51,236,NULL),(7288,51,237,'1'),(7289,51,238,'2500'),(7290,51,239,'2/20/2017 8:00:00 PM'),(7291,51,240,NULL),(7292,51,241,NULL),(7293,51,242,'$2,500'),(7294,51,243,'Tue'),(7295,51,244,'21'),(7296,51,245,'Feb'),(7297,51,246,'08:30:00'),(7298,51,247,NULL),(7299,51,248,'8:30am'),(7300,51,249,NULL),(7301,51,250,'MV50'),(7302,51,251,NULL),(7303,51,252,NULL),(7304,51,253,NULL),(7305,51,254,NULL),(7306,51,255,NULL),(7307,51,256,NULL),(7308,51,257,NULL),(7309,51,258,'Rochester (NY)'),(7310,51,259,'W.P. 1'),(7311,51,260,NULL),(7312,51,261,'ROCHESTER'),(7313,51,262,'NY'),(7314,51,263,'14623'),(7315,51,264,NULL),(7316,51,265,NULL),(7317,51,266,'1'),(7318,51,267,NULL),(7319,51,268,NULL),(7320,51,269,'1'),(7321,51,270,NULL),(7322,51,271,NULL),(7323,51,272,NULL),(7324,51,273,NULL),(7325,51,274,NULL),(7326,51,275,NULL),(7327,51,276,NULL),(7328,51,277,NULL),(7329,51,278,NULL),(7330,51,279,NULL),(7331,51,280,NULL),(7332,51,281,NULL),(7333,51,282,NULL),(7334,51,283,NULL),(7335,51,284,NULL),(7336,51,285,NULL),(7337,51,286,NULL),(7338,51,287,NULL),(7339,51,288,NULL),(7340,51,289,'CHRYSLER'),(7341,51,290,'LEBARON'),(7342,51,291,'W.P. Hobbies & More'),(7343,51,292,NULL),(7344,51,293,NULL),(7345,51,294,NULL),(7346,51,295,'1'),(7347,51,296,'Passenger Car'),(7348,51,297,'9929192'),(7349,51,298,NULL),(7350,51,299,NULL),(7351,51,300,NULL),(7352,51,301,NULL),(7353,57,118,NULL),(7354,57,119,NULL),(7355,57,120,NULL),(7356,57,121,NULL),(7357,57,122,NULL),(7358,57,123,NULL),(7359,57,124,NULL),(7360,57,125,NULL),(7361,57,126,NULL),(7362,57,127,NULL),(7363,57,128,'If you are awarded this vehicle today FEB 20 (CST), then'),(7364,57,129,'If you are awarded this vehicle on Feb 20 (CST), then'),(7365,57,130,'You have been awarded this 2003 Audi TT\nfor  USD (plus applicable fees).'),(7366,57,131,'$850 or more is needed to place a bid. ($25 increments)'),(7367,57,132,NULL),(7368,57,133,NULL),(7369,57,134,'9'),(7370,57,135,'00'),(7371,57,136,'am'),(7372,57,137,'2/20/2017 9:00:00 AM'),(7373,57,138,'2/20/2017 9:00:00 AM'),(7374,57,139,'20'),(7375,57,140,'FEB'),(7376,57,141,NULL),(7377,57,142,NULL),(7378,57,143,NULL),(7379,57,144,NULL),(7380,57,145,'CST'),(7381,57,146,NULL),(7382,57,147,NULL),(7383,57,148,NULL),(7384,57,149,NULL),(7385,57,150,NULL),(7386,57,151,NULL),(7387,57,152,'1'),(7388,57,153,NULL),(7389,57,154,NULL),(7390,57,155,NULL),(7391,57,156,'1'),(7392,57,157,NULL),(7393,57,158,'1'),(7394,57,159,NULL),(7395,57,160,'Audi'),(7396,57,161,'TT'),(7397,57,162,'2003'),(7398,57,163,'24317209'),(7399,57,164,'22668834'),(7400,57,165,'825.00'),(7401,57,166,NULL),(7402,57,167,'1'),(7403,57,168,NULL),(7404,57,169,NULL),(7405,57,170,NULL),(7406,57,171,NULL),(7407,57,172,NULL),(7408,57,173,'1'),(7409,57,174,NULL),(7410,57,175,NULL),(7411,57,176,NULL),(7412,57,177,NULL),(7413,57,178,NULL),(7414,57,179,'171,113 mi'),(7415,57,180,NULL),(7416,57,181,NULL),(7417,57,182,NULL),(7418,57,183,'4 Cylinders'),(7419,57,184,'1.8L I4 FI  20V F; Turbo'),(7420,57,185,'Unknown'),(7421,57,186,NULL),(7422,57,187,NULL),(7423,57,188,'RS'),(7424,57,189,'TRUSC28N531018896'),(7425,57,190,NULL),(7426,57,191,NULL),(7427,57,192,NULL),(7428,57,193,NULL),(7429,57,194,NULL),(7430,57,195,NULL),(7431,57,196,NULL),(7432,57,197,NULL),(7433,57,198,NULL),(7434,57,199,NULL),(7435,57,200,NULL),(7436,57,201,NULL),(7437,57,202,'19187922'),(7438,57,203,'New Orleans East'),(7439,57,204,NULL),(7440,57,205,NULL),(7441,57,206,NULL),(7442,57,207,'A'),(7443,57,208,NULL),(7444,57,209,'CLEAR (Louisiana)'),(7445,57,210,NULL),(7446,57,211,NULL),(7447,57,212,NULL),(7448,57,213,NULL),(7449,57,214,NULL),(7450,57,215,NULL),(7451,57,216,NULL),(7452,57,217,NULL),(7453,57,218,'1'),(7454,57,219,'$825'),(7455,57,220,NULL),(7456,57,221,NULL),(7457,57,222,NULL),(7458,57,223,'0.00'),(7459,57,224,NULL),(7460,57,225,NULL),(7461,57,226,'25.0000'),(7462,57,227,'3  people currently pre-bidding'),(7463,57,228,NULL),(7464,57,229,'2/20/2017 8:00:00 AM'),(7465,57,230,'19556751'),(7466,57,231,'432'),(7467,57,232,'1012'),(7468,57,233,'3061'),(7469,57,234,'02202017'),(7470,57,235,NULL),(7471,57,236,NULL),(7472,57,237,NULL),(7473,57,238,NULL),(7474,57,239,NULL),(7475,57,240,NULL),(7476,57,241,NULL),(7477,57,242,NULL),(7478,57,243,'Mon'),(7479,57,244,'20'),(7480,57,245,'Feb'),(7481,57,246,'09:00:00'),(7482,57,247,NULL),(7483,57,248,'9am'),(7484,57,249,NULL),(7485,57,250,NULL),(7486,57,251,NULL),(7487,57,252,NULL),(7488,57,253,NULL),(7489,57,254,NULL),(7490,57,255,NULL),(7491,57,256,NULL),(7492,57,257,NULL),(7493,57,258,'New Orleans East (LA)'),(7494,57,259,NULL),(7495,57,260,NULL),(7496,57,261,NULL),(7497,57,262,NULL),(7498,57,263,'70126'),(7499,57,264,NULL),(7500,57,265,NULL),(7501,57,266,NULL),(7502,57,267,NULL),(7503,57,268,NULL),(7504,57,269,NULL),(7505,57,270,NULL),(7506,57,271,NULL),(7507,57,272,NULL),(7508,57,273,NULL),(7509,57,274,NULL),(7510,57,275,NULL),(7511,57,276,NULL),(7512,57,277,NULL),(7513,57,278,NULL),(7514,57,279,NULL),(7515,57,280,NULL),(7516,57,281,NULL),(7517,57,282,NULL),(7518,57,283,NULL),(7519,57,284,NULL),(7520,57,285,NULL),(7521,57,286,NULL),(7522,57,287,NULL),(7523,57,288,NULL),(7524,57,289,'AUDI'),(7525,57,290,'TT'),(7526,57,291,'Auto Depot'),(7527,57,292,NULL),(7528,57,293,NULL),(7529,57,294,'1'),(7530,57,295,'1'),(7531,57,296,'Passenger Car'),(7532,57,297,'5085501'),(7533,57,298,'1'),(7534,57,299,NULL),(7535,57,300,NULL),(7536,57,301,NULL),(7537,59,118,NULL),(7538,59,119,NULL),(7539,59,120,NULL),(7540,59,121,NULL),(7541,59,122,NULL),(7542,59,123,NULL),(7543,59,124,NULL),(7544,59,125,NULL),(7545,59,126,NULL),(7546,59,127,NULL),(7547,59,128,'If you are awarded this vehicle today FEB 20 (CST), then'),(7548,59,129,'If you are awarded this vehicle on Feb 24 (CST), then'),(7549,59,130,'You have been awarded this 2003 BMW X5\nfor  USD (plus applicable fees).'),(7550,59,131,'$1,050 or more is needed to place a bid. ($25 increments)'),(7551,59,132,NULL),(7552,59,133,NULL),(7553,59,134,'8'),(7554,59,135,'30'),(7555,59,136,'am'),(7556,59,137,'2/24/2017 9:30:00 AM'),(7557,59,138,'2/24/2017 8:30:00 AM'),(7558,59,139,'20'),(7559,59,140,'FEB'),(7560,59,141,NULL),(7561,59,142,NULL),(7562,59,143,NULL),(7563,59,144,NULL),(7564,59,145,'CST'),(7565,59,146,NULL),(7566,59,147,NULL),(7567,59,148,NULL),(7568,59,149,NULL),(7569,59,150,NULL),(7570,59,151,NULL),(7571,59,152,'1'),(7572,59,153,NULL),(7573,59,154,NULL),(7574,59,155,NULL),(7575,59,156,'1'),(7576,59,157,NULL),(7577,59,158,'1'),(7578,59,159,NULL),(7579,59,160,'BMW'),(7580,59,161,'X5'),(7581,59,162,'2003'),(7582,59,163,'24264311'),(7583,59,164,'22673309'),(7584,59,165,'1025.00'),(7585,59,166,NULL),(7586,59,167,'1'),(7587,59,168,NULL),(7588,59,169,NULL),(7589,59,170,NULL),(7590,59,171,NULL),(7591,59,172,NULL),(7592,59,173,'1'),(7593,59,174,NULL),(7594,59,175,NULL),(7595,59,176,NULL),(7596,59,177,NULL),(7597,59,178,NULL),(7598,59,179,'245,331 mi'),(7599,59,180,NULL),(7600,59,181,NULL),(7601,59,182,NULL),(7602,59,183,'8 Cylinders'),(7603,59,184,'4.6L V8 FI DOHC 32V F4'),(7604,59,185,'Unknown'),(7605,59,186,NULL),(7606,59,187,NULL),(7607,59,188,'RS'),(7608,59,189,'5UXFB93523LN79896'),(7609,59,190,NULL),(7610,59,191,NULL),(7611,59,192,NULL),(7612,59,193,'4.6IS'),(7613,59,194,NULL),(7614,59,195,NULL),(7615,59,196,NULL),(7616,59,197,NULL),(7617,59,198,NULL),(7618,59,199,NULL),(7619,59,200,NULL),(7620,59,201,NULL),(7621,59,202,'19176626'),(7622,59,203,'Boston - Shirley'),(7623,59,204,NULL),(7624,59,205,NULL),(7625,59,206,NULL),(7626,59,207,NULL),(7627,59,208,NULL),(7628,59,209,'CLEAR (Massachusetts)'),(7629,59,210,NULL),(7630,59,211,NULL),(7631,59,212,NULL),(7632,59,213,NULL),(7633,59,214,NULL),(7634,59,215,NULL),(7635,59,216,NULL),(7636,59,217,NULL),(7637,59,218,'1'),(7638,59,219,'$1,025'),(7639,59,220,NULL),(7640,59,221,NULL),(7641,59,222,NULL),(7642,59,223,'0.00'),(7643,59,224,NULL),(7644,59,225,NULL),(7645,59,226,'25.0000'),(7646,59,227,'3  people currently pre-bidding'),(7647,59,228,NULL),(7648,59,229,'2/24/2017 7:30:00 AM'),(7649,59,230,'19566154'),(7650,59,231,'609'),(7651,59,232,'1008'),(7652,59,233,'TBD'),(7653,59,234,'02242017'),(7654,59,235,NULL),(7655,59,236,NULL),(7656,59,237,NULL),(7657,59,238,NULL),(7658,59,239,NULL),(7659,59,240,NULL),(7660,59,241,NULL),(7661,59,242,NULL),(7662,59,243,'Fri'),(7663,59,244,'24'),(7664,59,245,'Feb'),(7665,59,246,'08:30:00'),(7666,59,247,NULL),(7667,59,248,'8:30am'),(7668,59,249,NULL),(7669,59,250,NULL),(7670,59,251,NULL),(7671,59,252,NULL),(7672,59,253,NULL),(7673,59,254,NULL),(7674,59,255,NULL),(7675,59,256,NULL),(7676,59,257,NULL),(7677,59,258,'Boston - Shirley (MA)'),(7678,59,259,NULL),(7679,59,260,NULL),(7680,59,261,NULL),(7681,59,262,NULL),(7682,59,263,'01464'),(7683,59,264,NULL),(7684,59,265,NULL),(7685,59,266,NULL),(7686,59,267,NULL),(7687,59,268,NULL),(7688,59,269,NULL),(7689,59,270,NULL),(7690,59,271,NULL),(7691,59,272,NULL),(7692,59,273,NULL),(7693,59,274,NULL),(7694,59,275,NULL),(7695,59,276,NULL),(7696,59,277,NULL),(7697,59,278,NULL),(7698,59,279,NULL),(7699,59,280,NULL),(7700,59,281,NULL),(7701,59,282,NULL),(7702,59,283,NULL),(7703,59,284,NULL),(7704,59,285,NULL),(7705,59,286,NULL),(7706,59,287,NULL),(7707,59,288,NULL),(7708,59,289,'BMW'),(7709,59,290,'X5'),(7710,59,291,'The Humane Society of the United States'),(7711,59,292,NULL),(7712,59,293,NULL),(7713,59,294,'1'),(7714,59,295,'1'),(7715,59,296,'Passenger Car'),(7716,59,297,'4321214'),(7717,59,298,'1'),(7718,59,299,NULL),(7719,59,300,NULL),(7720,59,301,NULL),(7721,47,302,'39,641 mi'),(7722,47,303,'US'),(7723,47,304,'Convertible 2 Door'),(7724,47,305,'2-door Compact Passenger Car'),(7725,47,306,'Gasoline'),(7726,47,307,'Rear Wheel Drive'),(7727,48,303,'United States'),(7728,48,304,'SUV 4 DOOR'),(7729,48,305,'Luxury Mid Size CUV'),(7730,48,306,'Gasoline'),(7731,48,307,'All Wheel Drive'),(7732,49,303,'US'),(7733,49,304,'Sedan 4 Door'),(7734,49,305,'4-door Large Passenger Car'),(7735,49,306,'Gasoline'),(7736,49,307,'Rear Wheel Drive'),(7737,50,304,'VAN PASSENGER 4 DOOR'),(7738,50,306,'Other'),(7739,50,307,'Front Wheel Drive'),(7740,51,306,'Unknown'),(7741,51,307,'Rear Wheel Drive'),(7742,57,303,'US'),(7743,57,304,'Coupe 2 Door'),(7744,57,305,'2-door Mini-Compact Passenger Car'),(7745,57,306,'Gasoline'),(7746,57,307,'Front Wheel Drive'),(7747,59,303,'US'),(7748,59,304,'SUV 4 DOOR'),(7749,59,305,'4WD Sport Utility Vehicles'),(7750,59,306,'Gasoline'),(7751,59,307,'All Wheel Drive'),(7752,16,106,'MINOR DENT/SCRATCHES'),(7753,20,106,'MINOR DENT/SCRATCHES'),(7754,20,91,'SEDAN 4D');
/*!40000 ALTER TABLE `lot_params_values` ENABLE KEYS */;
UNLOCK TABLES;

--
-- Dumping events for database 'gordienko'
--

--
-- Dumping routines for database 'gordienko'
--
/*!40103 SET TIME_ZONE=@OLD_TIME_ZONE */;

/*!40101 SET SQL_MODE=@OLD_SQL_MODE */;
/*!40014 SET FOREIGN_KEY_CHECKS=@OLD_FOREIGN_KEY_CHECKS */;
/*!40014 SET UNIQUE_CHECKS=@OLD_UNIQUE_CHECKS */;
/*!40101 SET CHARACTER_SET_CLIENT=@OLD_CHARACTER_SET_CLIENT */;
/*!40101 SET CHARACTER_SET_RESULTS=@OLD_CHARACTER_SET_RESULTS */;
/*!40101 SET COLLATION_CONNECTION=@OLD_COLLATION_CONNECTION */;
/*!40111 SET SQL_NOTES=@OLD_SQL_NOTES */;

-- Dump completed on 2017-03-03 14:04:55
